Feature,Day,Albumin,Cell,Coat,Cell Seeding,Co-Cell Seeding
scaffold-1,2,13.405,8.0,1.3,1.0,-1.0
scaffold-1,7,17.024,8.0,1.3,1.0,-1.0
scaffold-1,11,11.796,8.0,1.3,1.0,-1.0
scaffold-1,14,12.064,8.0,1.3,1.0,-1.0
scaffold-2,1,75.556,8.0,-1.0,40.0,-1.0
scaffold-2,2,54.444,8.0,-1.0,40.0,-1.0
scaffold-2,3,62.222,8.0,-1.0,40.0,-1.0
scaffold-2,4,87.778,8.0,-1.0,40.0,-1.0
scaffold-3,1,0.153,1.0,1.3,0.02,-1.0
scaffold-3,3,0.81,1.0,1.3,0.02,-1.0
scaffold-3,7,1.713,1.0,1.3,0.02,-1.0
scaffold-3,14,1.437,1.0,1.3,0.02,-1.0
scaffold-7,7,7.429,8.14,1.0,1.0,0.1
scaffold-8,2,1.224,5.0,-1.0,7.5,-1.0
scaffold-8,4,8.98,5.0,-1.0,7.5,-1.0
scaffold-8,7,2.653,5.0,-1.0,7.5,-1.0
scaffold-8,11,3.878,5.0,-1.0,7.5,-1.0
scaffold-8,14,7.551,5.0,-1.0,7.5,-1.0
scaffold-8,18,7.347,5.0,-1.0,7.5,-1.0
scaffold-8,21,7.143,5.0,-1.0,7.5,-1.0
scaffold-9,2,6.383,6.0,1.0,0.3,-1.0
scaffold-9,6,10.213,6.0,1.0,0.3,-1.0
scaffold-9,9,8.207,6.0,1.0,0.3,-1.0
scaffold-9,15,4.012,6.0,1.0,0.3,-1.0
scaffold-11-1,1,47.327,8.0,-1.0,4.0,-1.0
scaffold-11-1,3,24.263,8.0,-1.0,4.0,-1.0
scaffold-11-1,5,16.325,8.0,-1.0,4.0,-1.0
scaffold-11-1,7,10.783,8.0,-1.0,4.0,-1.0
scaffold-11-2,1,0.045,8.13,-1.0,0.1,0.3
scaffold-11-2,3,0.028,8.13,-1.0,0.1,0.3
scaffold-11-2,5,0.019,8.13,-1.0,0.1,0.3
scaffold-11-2,7,0.01,8.13,-1.0,0.1,0.3
scaffold-12,21,4.225,9.0,-1.0,1.0,-1.0
scaffold-13,5,5.5,10.0,2.0,0.8,-1.0
scaffold-13,9,0.605,10.0,2.0,0.8,-1.0
scaffold-13,12,0.158,10.0,2.0,0.8,-1.0
scaffold-13,15,0.158,10.0,2.0,0.8,-1.0
scaffold-15,14,0.055,15.0,3.0,0.01,-1.0
scaffold-15,28,0.128,15.0,3.0,0.01,-1.0
scaffold-17-1,1,0.762,4.0,-1.0,2.0,-1.0
scaffold-17-1,4,0.997,4.0,-1.0,2.0,-1.0
scaffold-17-1,7,1.081,4.0,-1.0,2.0,-1.0
scaffold-17-1,10,0.63,4.0,-1.0,2.0,-1.0
scaffold-17-1,13,0.353,4.0,-1.0,2.0,-1.0
scaffold-17-2,1,0.9,16.0,-1.0,2.0,-1.0
scaffold-17-2,4,1.059,16.0,-1.0,2.0,-1.0
scaffold-17-2,7,1.324,16.0,-1.0,2.0,-1.0
scaffold-17-2,10,1.038,16.0,-1.0,2.0,-1.0
scaffold-17-2,13,0.784,16.0,-1.0,2.0,-1.0
scaffold-18,3,19.774,4.0,11.0,0.08,-1.0
scaffold-18,7,198.729,4.0,11.0,0.08,-1.0
scaffold-18,9,255.085,4.0,11.0,0.08,-1.0
scaffold-19,2,8.656,10.0,1.0,8.0,-1.0
scaffold-19,4,12.59,10.0,1.0,8.0,-1.0
scaffold-19,6,24.0,10.0,1.0,8.0,-1.0
scaffold-19,8,22.033,10.0,1.0,8.0,-1.0
scaffold-19,10,26.361,10.0,1.0,8.0,-1.0
scaffold-19,12,27.541,10.0,1.0,8.0,-1.0
scaffold-19,14,32.262,10.0,1.0,8.0,-1.0
scaffold-19,16,23.213,10.0,1.0,8.0,-1.0
scaffold-19,18,28.721,10.0,1.0,8.0,-1.0
scaffold-19,20,27.541,10.0,1.0,8.0,-1.0
scaffold-19,22,27.934,10.0,1.0,8.0,-1.0
scaffold-19,24,33.049,10.0,1.0,8.0,-1.0
scaffold-21-1,2,354.098,10.0,-1.0,0.75,-1.0
scaffold-21-1,4,143.607,10.0,-1.0,0.75,-1.0
scaffold-21-1,6,102.295,10.0,-1.0,0.75,-1.0
scaffold-21-1,8,53.115,10.0,-1.0,0.75,-1.0
scaffold-21-1,14,17.705,10.0,-1.0,0.75,-1.0
scaffold-21-1,20,17.705,10.0,-1.0,0.75,-1.0
scaffold-21-2,3,365.902,10.15,-1.0,0.75,0.15
scaffold-21-2,4,222.295,10.15,-1.0,0.75,0.15
scaffold-21-2,6,149.508,10.15,-1.0,0.75,0.15
scaffold-21-2,8,70.82,10.15,-1.0,0.75,0.15
scaffold-21-2,14,37.377,10.15,-1.0,0.75,0.15
scaffold-21-2,20,19.672,10.15,-1.0,0.75,0.15
scaffold-22,2,19.884,10.0,1.0,0.1,-1.0
scaffold-22,3,14.335,10.0,1.0,0.1,-1.0
scaffold-22,5,11.561,10.0,1.0,0.1,-1.0
scaffold-22,7,3.468,10.0,1.0,0.1,-1.0
scaffold-22,9,2.775,10.0,1.0,0.1,-1.0
scaffold-23,1,11.69,10.0,1.0,0.25,-1.0
scaffold-23,2,59.155,10.0,1.0,0.25,-1.0
scaffold-23,3,48.451,10.0,1.0,0.25,-1.0
scaffold-23,4,55.211,10.0,1.0,0.25,-1.0
scaffold-23,5,52.958,10.0,1.0,0.25,-1.0
scaffold-23,6,58.169,10.0,1.0,0.25,-1.0
scaffold-23,7,52.817,10.0,1.0,0.25,-1.0
scaffold-25,6,35.211,1.0,1.0,0.8,-1.0
scaffold-25,8,30.561,1.0,1.0,0.8,-1.0
scaffold-25,10,32.554,1.0,1.0,0.8,-1.0
scaffold-25,12,27.239,1.0,1.0,0.8,-1.0
scaffold-25,14,24.581,1.0,1.0,0.8,-1.0
scaffold-25,16,19.931,1.0,1.0,0.8,-1.0
scaffold-25,18,19.266,1.0,1.0,0.8,-1.0
scaffold-25,20,17.938,1.0,1.0,0.8,-1.0
scaffold-25,22,15.945,1.0,1.0,0.8,-1.0
scaffold-25,24,15.945,1.0,1.0,0.8,-1.0
scaffold-25,26,17.273,1.0,1.0,0.8,-1.0
scaffold-25,28,19.931,1.0,1.0,0.8,-1.0
spheroid-2,18,0.003,19.0,1.0,0.02,-1.0
spheroid-2,21,0.003,19.0,1.0,0.02,-1.0
spheroid-2,24,0.003,19.0,1.0,0.02,-1.0
spheroid-2,27,0.003,19.0,1.0,0.02,-1.0
spheroid-4,3,13.043,8.0,1.0,0.6,-1.0
spheroid-4,5,5.217,8.0,1.0,0.6,-1.0
spheroid-4,7,3.652,8.0,1.0,0.6,-1.0
spheroid-4,10,1.391,8.0,1.0,0.6,-1.0
spheroid-6,2,3.545,8.0,1.0,0.18,-1.0
spheroid-6,3,5.236,8.0,1.0,0.18,-1.0
spheroid-6,5,6.327,8.0,1.0,0.18,-1.0
spheroid-7,1,0.338,8.0,1.0,0.5,-1.0
spheroid-7,2,0.409,8.0,1.0,0.5,-1.0
spheroid-7,3,0.712,8.0,1.0,0.5,-1.0
spheroid-7,4,0.765,8.0,1.0,0.5,-1.0
spheroid-7,5,1.032,8.0,1.0,0.5,-1.0
spheroid-7,6,1.619,8.0,1.0,0.5,-1.0
spheroid-7,7,0.836,8.0,1.0,0.5,-1.0
spheroid-10,1,2.178,4.0,14.0,0.04,-1.0
spheroid-13,1,2.919,8.0,1.0,0.2,-1.0
spheroid-13,3,4.456,8.0,1.0,0.2,-1.0
spheroid-13,9,2.684,8.0,1.0,0.2,-1.0
spheroid-13,12,1.824,8.0,1.0,0.2,-1.0
spheroid-13,15,1.642,8.0,1.0,0.2,-1.0
spheroid-13,18,0.912,8.0,1.0,0.2,-1.0
spheroid-13,22,1.042,8.0,1.0,0.2,-1.0
spheroid-13,29,0.808,8.0,1.0,0.2,-1.0
chip-1,3,2.442,4.5,-1.0,1.14,1.14
chip-1,5,2.442,4.5,-1.0,1.14,1.14
chip-1,7,3.581,4.5,-1.0,1.14,1.14
chip-3,1,4.975,10.0,-1.0,0.1,-1.0
chip-3,2,2.239,10.0,-1.0,0.1,-1.0
chip-3,3,2.239,10.0,-1.0,0.1,-1.0
chip-4,2,2.417,8.0,1.0,0.2,-1.0
chip-4,5,8.46,8.0,1.0,0.2,-1.0
chip-4,9,4.835,8.0,1.0,0.2,-1.0
chip-4,13,2.014,8.0,1.0,0.2,-1.0
chip-5,3,25.442,8.0,-1.0,1.0,-1.0
chip-5,7,25.067,8.0,-1.0,1.0,-1.0
chip-6,3,13.081,8.0,1.0,0.6,-1.0
chip-6,5,5.407,8.0,1.0,0.6,-1.0
chip-6,7,3.314,8.0,1.0,0.6,-1.0
chip-6,10,1.047,8.0,1.0,0.6,-1.0
chip-10-1,1,1.716,8.0,4.1,2.75,-1.0
chip-10-1,2,1.103,8.0,4.1,2.75,-1.0
chip-10-1,3,1.348,8.0,4.1,2.75,-1.0
chip-10-1,4,1.593,8.0,4.1,2.75,-1.0
chip-10-1,5,2.206,8.0,4.1,2.75,-1.0
chip-10-1,6,2.696,8.0,4.1,2.75,-1.0
chip-10-1,7,0.98,8.0,4.1,2.75,-1.0
chip-10-1,8,1.593,8.0,4.1,2.75,-1.0
chip-10-1,9,2.941,8.0,4.1,2.75,-1.0
chip-10-1,10,3.676,8.0,4.1,2.75,-1.0
chip-10-2,1,0.858,8.0,4.105,2.75,-1.0
chip-10-2,2,0.49,8.0,4.105,2.75,-1.0
chip-10-2,3,0.735,8.0,4.105,2.75,-1.0
chip-10-2,4,0.49,8.0,4.105,2.75,-1.0
chip-10-2,5,0.735,8.0,4.105,2.75,-1.0
chip-10-2,6,0.368,8.0,4.105,2.75,-1.0
chip-10-2,7,0.49,8.0,4.105,2.75,-1.0
chip-10-2,8,0.49,8.0,4.105,2.75,-1.0
chip-10-2,9,0.368,8.0,4.105,2.75,-1.0
chip-10-2,10,0.49,8.0,4.105,2.75,-1.0
chip-10-3,1,0.244,1.26,4.1,2.75,0.8
chip-10-3,2,0.61,1.26,4.1,2.75,0.8
chip-10-3,3,1.341,1.26,4.1,2.75,0.8
chip-10-3,4,1.951,1.26,4.1,2.75,0.8
chip-10-3,5,3.171,1.26,4.1,2.75,0.8
chip-10-3,6,3.293,1.26,4.1,2.75,0.8
chip-10-3,7,3.049,1.26,4.1,2.75,0.8
chip-10-3,8,2.439,1.26,4.1,2.75,0.8
chip-10-3,9,2.073,1.26,4.1,2.75,0.8
chip-10-3,10,2.073,1.26,4.1,2.75,0.8
chip-10-4,1,0.366,1.26,4.105,2.75,0.8
chip-10-4,2,0.366,1.26,4.105,2.75,0.8
chip-10-4,3,0.366,1.26,4.105,2.75,0.8
chip-10-4,4,0.366,1.26,4.105,2.75,0.8
chip-10-4,5,0.366,1.26,4.105,2.75,0.8
chip-10-4,6,0.366,1.26,4.105,2.75,0.8
chip-10-4,7,0.488,1.26,4.105,2.75,0.8
chip-10-4,8,0.366,1.26,4.105,2.75,0.8
chip-10-4,9,0.244,1.26,4.105,2.75,0.8
chip-10-4,10,0.488,1.26,4.105,2.75,0.8
chip-17-1,2,30.739,10.0,-1.0,0.1,-1.0
chip-17-1,4,19.704,10.0,-1.0,0.1,-1.0
chip-17-1,6,9.852,10.0,-1.0,0.1,-1.0
chip-17-1,8,14.187,10.0,-1.0,0.1,-1.0
chip-17-1,12,8.67,10.0,-1.0,0.1,-1.0
chip-17-1,14,5.123,10.0,-1.0,0.1,-1.0
chip-17-2,2,20.887,10.0,1.0,0.1,-1.0
chip-17-2,4,40.591,10.0,1.0,0.1,-1.0
chip-17-2,6,44.138,10.0,1.0,0.1,-1.0
chip-17-2,8,39.803,10.0,1.0,0.1,-1.0
chip-17-2,12,20.887,10.0,1.0,0.1,-1.0
chip-17-2,14,9.064,10.0,1.0,0.1,-1.0
scaffold-1,1,,8.0,1.3,1.0,-1.0
scaffold-1,3,,8.0,1.3,1.0,-1.0
scaffold-1,4,,8.0,1.3,1.0,-1.0
scaffold-1,5,,8.0,1.3,1.0,-1.0
scaffold-1,6,,8.0,1.3,1.0,-1.0
scaffold-1,8,,8.0,1.3,1.0,-1.0
scaffold-1,9,,8.0,1.3,1.0,-1.0
scaffold-1,10,,8.0,1.3,1.0,-1.0
scaffold-1,12,,8.0,1.3,1.0,-1.0
scaffold-1,13,,8.0,1.3,1.0,-1.0
scaffold-1,15,,8.0,1.3,1.0,-1.0
scaffold-1,16,,8.0,1.3,1.0,-1.0
scaffold-1,17,,8.0,1.3,1.0,-1.0
scaffold-1,18,,8.0,1.3,1.0,-1.0
scaffold-1,19,,8.0,1.3,1.0,-1.0
scaffold-1,20,,8.0,1.3,1.0,-1.0
scaffold-1,21,,8.0,1.3,1.0,-1.0
scaffold-1,22,,8.0,1.3,1.0,-1.0
scaffold-1,23,,8.0,1.3,1.0,-1.0
scaffold-1,24,,8.0,1.3,1.0,-1.0
scaffold-1,25,,8.0,1.3,1.0,-1.0
scaffold-1,26,,8.0,1.3,1.0,-1.0
scaffold-1,27,,8.0,1.3,1.0,-1.0
scaffold-1,28,,8.0,1.3,1.0,-1.0
scaffold-1,29,,8.0,1.3,1.0,-1.0
scaffold-1,30,,8.0,1.3,1.0,-1.0
scaffold-1,31,,8.0,1.3,1.0,-1.0
scaffold-1,32,,8.0,1.3,1.0,-1.0
scaffold-1,33,,8.0,1.3,1.0,-1.0
scaffold-1,34,,8.0,1.3,1.0,-1.0
scaffold-1,35,,8.0,1.3,1.0,-1.0
scaffold-1,36,,8.0,1.3,1.0,-1.0
scaffold-1,37,,8.0,1.3,1.0,-1.0
scaffold-1,38,,8.0,1.3,1.0,-1.0
scaffold-1,39,,8.0,1.3,1.0,-1.0
scaffold-1,40,,8.0,1.3,1.0,-1.0
scaffold-1,41,,8.0,1.3,1.0,-1.0
scaffold-1,42,,8.0,1.3,1.0,-1.0
scaffold-1,43,,8.0,1.3,1.0,-1.0
scaffold-1,44,,8.0,1.3,1.0,-1.0
scaffold-1,45,,8.0,1.3,1.0,-1.0
scaffold-1,46,,8.0,1.3,1.0,-1.0
scaffold-1,47,,8.0,1.3,1.0,-1.0
scaffold-1,48,,8.0,1.3,1.0,-1.0
scaffold-1,49,,8.0,1.3,1.0,-1.0
scaffold-1,50,,8.0,1.3,1.0,-1.0
scaffold-1,51,,8.0,1.3,1.0,-1.0
scaffold-1,52,,8.0,1.3,1.0,-1.0
scaffold-1,53,,8.0,1.3,1.0,-1.0
scaffold-1,54,,8.0,1.3,1.0,-1.0
scaffold-1,55,,8.0,1.3,1.0,-1.0
scaffold-1,56,,8.0,1.3,1.0,-1.0
scaffold-1,57,,8.0,1.3,1.0,-1.0
scaffold-1,58,,8.0,1.3,1.0,-1.0
scaffold-1,59,,8.0,1.3,1.0,-1.0
scaffold-1,60,,8.0,1.3,1.0,-1.0
scaffold-2,5,,8.0,-1.0,40.0,-1.0
scaffold-2,6,,8.0,-1.0,40.0,-1.0
scaffold-2,7,,8.0,-1.0,40.0,-1.0
scaffold-2,8,,8.0,-1.0,40.0,-1.0
scaffold-2,9,,8.0,-1.0,40.0,-1.0
scaffold-2,10,,8.0,-1.0,40.0,-1.0
scaffold-2,11,,8.0,-1.0,40.0,-1.0
scaffold-2,12,,8.0,-1.0,40.0,-1.0
scaffold-2,13,,8.0,-1.0,40.0,-1.0
scaffold-2,14,,8.0,-1.0,40.0,-1.0
scaffold-2,15,,8.0,-1.0,40.0,-1.0
scaffold-2,16,,8.0,-1.0,40.0,-1.0
scaffold-2,17,,8.0,-1.0,40.0,-1.0
scaffold-2,18,,8.0,-1.0,40.0,-1.0
scaffold-2,19,,8.0,-1.0,40.0,-1.0
scaffold-2,20,,8.0,-1.0,40.0,-1.0
scaffold-2,21,,8.0,-1.0,40.0,-1.0
scaffold-2,22,,8.0,-1.0,40.0,-1.0
scaffold-2,23,,8.0,-1.0,40.0,-1.0
scaffold-2,24,,8.0,-1.0,40.0,-1.0
scaffold-2,25,,8.0,-1.0,40.0,-1.0
scaffold-2,26,,8.0,-1.0,40.0,-1.0
scaffold-2,27,,8.0,-1.0,40.0,-1.0
scaffold-2,28,,8.0,-1.0,40.0,-1.0
scaffold-2,29,,8.0,-1.0,40.0,-1.0
scaffold-2,30,,8.0,-1.0,40.0,-1.0
scaffold-2,31,,8.0,-1.0,40.0,-1.0
scaffold-2,32,,8.0,-1.0,40.0,-1.0
scaffold-2,33,,8.0,-1.0,40.0,-1.0
scaffold-2,34,,8.0,-1.0,40.0,-1.0
scaffold-2,35,,8.0,-1.0,40.0,-1.0
scaffold-2,36,,8.0,-1.0,40.0,-1.0
scaffold-2,37,,8.0,-1.0,40.0,-1.0
scaffold-2,38,,8.0,-1.0,40.0,-1.0
scaffold-2,39,,8.0,-1.0,40.0,-1.0
scaffold-2,40,,8.0,-1.0,40.0,-1.0
scaffold-2,41,,8.0,-1.0,40.0,-1.0
scaffold-2,42,,8.0,-1.0,40.0,-1.0
scaffold-2,43,,8.0,-1.0,40.0,-1.0
scaffold-2,44,,8.0,-1.0,40.0,-1.0
scaffold-2,45,,8.0,-1.0,40.0,-1.0
scaffold-2,46,,8.0,-1.0,40.0,-1.0
scaffold-2,47,,8.0,-1.0,40.0,-1.0
scaffold-2,48,,8.0,-1.0,40.0,-1.0
scaffold-2,49,,8.0,-1.0,40.0,-1.0
scaffold-2,50,,8.0,-1.0,40.0,-1.0
scaffold-2,51,,8.0,-1.0,40.0,-1.0
scaffold-2,52,,8.0,-1.0,40.0,-1.0
scaffold-2,53,,8.0,-1.0,40.0,-1.0
scaffold-2,54,,8.0,-1.0,40.0,-1.0
scaffold-2,55,,8.0,-1.0,40.0,-1.0
scaffold-2,56,,8.0,-1.0,40.0,-1.0
scaffold-2,57,,8.0,-1.0,40.0,-1.0
scaffold-2,58,,8.0,-1.0,40.0,-1.0
scaffold-2,59,,8.0,-1.0,40.0,-1.0
scaffold-2,60,,8.0,-1.0,40.0,-1.0
scaffold-3,2,,1.0,1.3,0.02,-1.0
scaffold-3,4,,1.0,1.3,0.02,-1.0
scaffold-3,5,,1.0,1.3,0.02,-1.0
scaffold-3,6,,1.0,1.3,0.02,-1.0
scaffold-3,8,,1.0,1.3,0.02,-1.0
scaffold-3,9,,1.0,1.3,0.02,-1.0
scaffold-3,10,,1.0,1.3,0.02,-1.0
scaffold-3,11,,1.0,1.3,0.02,-1.0
scaffold-3,12,,1.0,1.3,0.02,-1.0
scaffold-3,13,,1.0,1.3,0.02,-1.0
scaffold-3,15,,1.0,1.3,0.02,-1.0
scaffold-3,16,,1.0,1.3,0.02,-1.0
scaffold-3,17,,1.0,1.3,0.02,-1.0
scaffold-3,18,,1.0,1.3,0.02,-1.0
scaffold-3,19,,1.0,1.3,0.02,-1.0
scaffold-3,20,,1.0,1.3,0.02,-1.0
scaffold-3,21,,1.0,1.3,0.02,-1.0
scaffold-3,22,,1.0,1.3,0.02,-1.0
scaffold-3,23,,1.0,1.3,0.02,-1.0
scaffold-3,24,,1.0,1.3,0.02,-1.0
scaffold-3,25,,1.0,1.3,0.02,-1.0
scaffold-3,26,,1.0,1.3,0.02,-1.0
scaffold-3,27,,1.0,1.3,0.02,-1.0
scaffold-3,28,,1.0,1.3,0.02,-1.0
scaffold-3,29,,1.0,1.3,0.02,-1.0
scaffold-3,30,,1.0,1.3,0.02,-1.0
scaffold-3,31,,1.0,1.3,0.02,-1.0
scaffold-3,32,,1.0,1.3,0.02,-1.0
scaffold-3,33,,1.0,1.3,0.02,-1.0
scaffold-3,34,,1.0,1.3,0.02,-1.0
scaffold-3,35,,1.0,1.3,0.02,-1.0
scaffold-3,36,,1.0,1.3,0.02,-1.0
scaffold-3,37,,1.0,1.3,0.02,-1.0
scaffold-3,38,,1.0,1.3,0.02,-1.0
scaffold-3,39,,1.0,1.3,0.02,-1.0
scaffold-3,40,,1.0,1.3,0.02,-1.0
scaffold-3,41,,1.0,1.3,0.02,-1.0
scaffold-3,42,,1.0,1.3,0.02,-1.0
scaffold-3,43,,1.0,1.3,0.02,-1.0
scaffold-3,44,,1.0,1.3,0.02,-1.0
scaffold-3,45,,1.0,1.3,0.02,-1.0
scaffold-3,46,,1.0,1.3,0.02,-1.0
scaffold-3,47,,1.0,1.3,0.02,-1.0
scaffold-3,48,,1.0,1.3,0.02,-1.0
scaffold-3,49,,1.0,1.3,0.02,-1.0
scaffold-3,50,,1.0,1.3,0.02,-1.0
scaffold-3,51,,1.0,1.3,0.02,-1.0
scaffold-3,52,,1.0,1.3,0.02,-1.0
scaffold-3,53,,1.0,1.3,0.02,-1.0
scaffold-3,54,,1.0,1.3,0.02,-1.0
scaffold-3,55,,1.0,1.3,0.02,-1.0
scaffold-3,56,,1.0,1.3,0.02,-1.0
scaffold-3,57,,1.0,1.3,0.02,-1.0
scaffold-3,58,,1.0,1.3,0.02,-1.0
scaffold-3,59,,1.0,1.3,0.02,-1.0
scaffold-3,60,,1.0,1.3,0.02,-1.0
scaffold-7,1,,8.14,1.0,1.0,0.1
scaffold-7,2,,8.14,1.0,1.0,0.1
scaffold-7,3,,8.14,1.0,1.0,0.1
scaffold-7,4,,8.14,1.0,1.0,0.1
scaffold-7,5,,8.14,1.0,1.0,0.1
scaffold-7,6,,8.14,1.0,1.0,0.1
scaffold-7,8,,8.14,1.0,1.0,0.1
scaffold-7,9,,8.14,1.0,1.0,0.1
scaffold-7,10,,8.14,1.0,1.0,0.1
scaffold-7,11,,8.14,1.0,1.0,0.1
scaffold-7,12,,8.14,1.0,1.0,0.1
scaffold-7,13,,8.14,1.0,1.0,0.1
scaffold-7,14,,8.14,1.0,1.0,0.1
scaffold-7,15,,8.14,1.0,1.0,0.1
scaffold-7,16,,8.14,1.0,1.0,0.1
scaffold-7,17,,8.14,1.0,1.0,0.1
scaffold-7,18,,8.14,1.0,1.0,0.1
scaffold-7,19,,8.14,1.0,1.0,0.1
scaffold-7,20,,8.14,1.0,1.0,0.1
scaffold-7,21,,8.14,1.0,1.0,0.1
scaffold-7,22,,8.14,1.0,1.0,0.1
scaffold-7,23,,8.14,1.0,1.0,0.1
scaffold-7,24,,8.14,1.0,1.0,0.1
scaffold-7,25,,8.14,1.0,1.0,0.1
scaffold-7,26,,8.14,1.0,1.0,0.1
scaffold-7,27,,8.14,1.0,1.0,0.1
scaffold-7,28,,8.14,1.0,1.0,0.1
scaffold-7,29,,8.14,1.0,1.0,0.1
scaffold-7,30,,8.14,1.0,1.0,0.1
scaffold-7,31,,8.14,1.0,1.0,0.1
scaffold-7,32,,8.14,1.0,1.0,0.1
scaffold-7,33,,8.14,1.0,1.0,0.1
scaffold-7,34,,8.14,1.0,1.0,0.1
scaffold-7,35,,8.14,1.0,1.0,0.1
scaffold-7,36,,8.14,1.0,1.0,0.1
scaffold-7,37,,8.14,1.0,1.0,0.1
scaffold-7,38,,8.14,1.0,1.0,0.1
scaffold-7,39,,8.14,1.0,1.0,0.1
scaffold-7,40,,8.14,1.0,1.0,0.1
scaffold-7,41,,8.14,1.0,1.0,0.1
scaffold-7,42,,8.14,1.0,1.0,0.1
scaffold-7,43,,8.14,1.0,1.0,0.1
scaffold-7,44,,8.14,1.0,1.0,0.1
scaffold-7,45,,8.14,1.0,1.0,0.1
scaffold-7,46,,8.14,1.0,1.0,0.1
scaffold-7,47,,8.14,1.0,1.0,0.1
scaffold-7,48,,8.14,1.0,1.0,0.1
scaffold-7,49,,8.14,1.0,1.0,0.1
scaffold-7,50,,8.14,1.0,1.0,0.1
scaffold-7,51,,8.14,1.0,1.0,0.1
scaffold-7,52,,8.14,1.0,1.0,0.1
scaffold-7,53,,8.14,1.0,1.0,0.1
scaffold-7,54,,8.14,1.0,1.0,0.1
scaffold-7,55,,8.14,1.0,1.0,0.1
scaffold-7,56,,8.14,1.0,1.0,0.1
scaffold-7,57,,8.14,1.0,1.0,0.1
scaffold-7,58,,8.14,1.0,1.0,0.1
scaffold-7,59,,8.14,1.0,1.0,0.1
scaffold-7,60,,8.14,1.0,1.0,0.1
scaffold-8,1,,5.0,-1.0,7.5,-1.0
scaffold-8,3,,5.0,-1.0,7.5,-1.0
scaffold-8,5,,5.0,-1.0,7.5,-1.0
scaffold-8,6,,5.0,-1.0,7.5,-1.0
scaffold-8,8,,5.0,-1.0,7.5,-1.0
scaffold-8,9,,5.0,-1.0,7.5,-1.0
scaffold-8,10,,5.0,-1.0,7.5,-1.0
scaffold-8,12,,5.0,-1.0,7.5,-1.0
scaffold-8,13,,5.0,-1.0,7.5,-1.0
scaffold-8,15,,5.0,-1.0,7.5,-1.0
scaffold-8,16,,5.0,-1.0,7.5,-1.0
scaffold-8,17,,5.0,-1.0,7.5,-1.0
scaffold-8,19,,5.0,-1.0,7.5,-1.0
scaffold-8,20,,5.0,-1.0,7.5,-1.0
scaffold-8,22,,5.0,-1.0,7.5,-1.0
scaffold-8,23,,5.0,-1.0,7.5,-1.0
scaffold-8,24,,5.0,-1.0,7.5,-1.0
scaffold-8,25,,5.0,-1.0,7.5,-1.0
scaffold-8,26,,5.0,-1.0,7.5,-1.0
scaffold-8,27,,5.0,-1.0,7.5,-1.0
scaffold-8,28,,5.0,-1.0,7.5,-1.0
scaffold-8,29,,5.0,-1.0,7.5,-1.0
scaffold-8,30,,5.0,-1.0,7.5,-1.0
scaffold-8,31,,5.0,-1.0,7.5,-1.0
scaffold-8,32,,5.0,-1.0,7.5,-1.0
scaffold-8,33,,5.0,-1.0,7.5,-1.0
scaffold-8,34,,5.0,-1.0,7.5,-1.0
scaffold-8,35,,5.0,-1.0,7.5,-1.0
scaffold-8,36,,5.0,-1.0,7.5,-1.0
scaffold-8,37,,5.0,-1.0,7.5,-1.0
scaffold-8,38,,5.0,-1.0,7.5,-1.0
scaffold-8,39,,5.0,-1.0,7.5,-1.0
scaffold-8,40,,5.0,-1.0,7.5,-1.0
scaffold-8,41,,5.0,-1.0,7.5,-1.0
scaffold-8,42,,5.0,-1.0,7.5,-1.0
scaffold-8,43,,5.0,-1.0,7.5,-1.0
scaffold-8,44,,5.0,-1.0,7.5,-1.0
scaffold-8,45,,5.0,-1.0,7.5,-1.0
scaffold-8,46,,5.0,-1.0,7.5,-1.0
scaffold-8,47,,5.0,-1.0,7.5,-1.0
scaffold-8,48,,5.0,-1.0,7.5,-1.0
scaffold-8,49,,5.0,-1.0,7.5,-1.0
scaffold-8,50,,5.0,-1.0,7.5,-1.0
scaffold-8,51,,5.0,-1.0,7.5,-1.0
scaffold-8,52,,5.0,-1.0,7.5,-1.0
scaffold-8,53,,5.0,-1.0,7.5,-1.0
scaffold-8,54,,5.0,-1.0,7.5,-1.0
scaffold-8,55,,5.0,-1.0,7.5,-1.0
scaffold-8,56,,5.0,-1.0,7.5,-1.0
scaffold-8,57,,5.0,-1.0,7.5,-1.0
scaffold-8,58,,5.0,-1.0,7.5,-1.0
scaffold-8,59,,5.0,-1.0,7.5,-1.0
scaffold-8,60,,5.0,-1.0,7.5,-1.0
scaffold-9,1,,6.0,1.0,0.3,-1.0
scaffold-9,3,,6.0,1.0,0.3,-1.0
scaffold-9,4,,6.0,1.0,0.3,-1.0
scaffold-9,5,,6.0,1.0,0.3,-1.0
scaffold-9,7,,6.0,1.0,0.3,-1.0
scaffold-9,8,,6.0,1.0,0.3,-1.0
scaffold-9,10,,6.0,1.0,0.3,-1.0
scaffold-9,11,,6.0,1.0,0.3,-1.0
scaffold-9,12,,6.0,1.0,0.3,-1.0
scaffold-9,13,,6.0,1.0,0.3,-1.0
scaffold-9,14,,6.0,1.0,0.3,-1.0
scaffold-9,16,,6.0,1.0,0.3,-1.0
scaffold-9,17,,6.0,1.0,0.3,-1.0
scaffold-9,18,,6.0,1.0,0.3,-1.0
scaffold-9,19,,6.0,1.0,0.3,-1.0
scaffold-9,20,,6.0,1.0,0.3,-1.0
scaffold-9,21,,6.0,1.0,0.3,-1.0
scaffold-9,22,,6.0,1.0,0.3,-1.0
scaffold-9,23,,6.0,1.0,0.3,-1.0
scaffold-9,24,,6.0,1.0,0.3,-1.0
scaffold-9,25,,6.0,1.0,0.3,-1.0
scaffold-9,26,,6.0,1.0,0.3,-1.0
scaffold-9,27,,6.0,1.0,0.3,-1.0
scaffold-9,28,,6.0,1.0,0.3,-1.0
scaffold-9,29,,6.0,1.0,0.3,-1.0
scaffold-9,30,,6.0,1.0,0.3,-1.0
scaffold-9,31,,6.0,1.0,0.3,-1.0
scaffold-9,32,,6.0,1.0,0.3,-1.0
scaffold-9,33,,6.0,1.0,0.3,-1.0
scaffold-9,34,,6.0,1.0,0.3,-1.0
scaffold-9,35,,6.0,1.0,0.3,-1.0
scaffold-9,36,,6.0,1.0,0.3,-1.0
scaffold-9,37,,6.0,1.0,0.3,-1.0
scaffold-9,38,,6.0,1.0,0.3,-1.0
scaffold-9,39,,6.0,1.0,0.3,-1.0
scaffold-9,40,,6.0,1.0,0.3,-1.0
scaffold-9,41,,6.0,1.0,0.3,-1.0
scaffold-9,42,,6.0,1.0,0.3,-1.0
scaffold-9,43,,6.0,1.0,0.3,-1.0
scaffold-9,44,,6.0,1.0,0.3,-1.0
scaffold-9,45,,6.0,1.0,0.3,-1.0
scaffold-9,46,,6.0,1.0,0.3,-1.0
scaffold-9,47,,6.0,1.0,0.3,-1.0
scaffold-9,48,,6.0,1.0,0.3,-1.0
scaffold-9,49,,6.0,1.0,0.3,-1.0
scaffold-9,50,,6.0,1.0,0.3,-1.0
scaffold-9,51,,6.0,1.0,0.3,-1.0
scaffold-9,52,,6.0,1.0,0.3,-1.0
scaffold-9,53,,6.0,1.0,0.3,-1.0
scaffold-9,54,,6.0,1.0,0.3,-1.0
scaffold-9,55,,6.0,1.0,0.3,-1.0
scaffold-9,56,,6.0,1.0,0.3,-1.0
scaffold-9,57,,6.0,1.0,0.3,-1.0
scaffold-9,58,,6.0,1.0,0.3,-1.0
scaffold-9,59,,6.0,1.0,0.3,-1.0
scaffold-9,60,,6.0,1.0,0.3,-1.0
scaffold-11-1,2,,8.0,-1.0,4.0,-1.0
scaffold-11-1,4,,8.0,-1.0,4.0,-1.0
scaffold-11-1,6,,8.0,-1.0,4.0,-1.0
scaffold-11-1,8,,8.0,-1.0,4.0,-1.0
scaffold-11-1,9,,8.0,-1.0,4.0,-1.0
scaffold-11-1,10,,8.0,-1.0,4.0,-1.0
scaffold-11-1,11,,8.0,-1.0,4.0,-1.0
scaffold-11-1,12,,8.0,-1.0,4.0,-1.0
scaffold-11-1,13,,8.0,-1.0,4.0,-1.0
scaffold-11-1,14,,8.0,-1.0,4.0,-1.0
scaffold-11-1,15,,8.0,-1.0,4.0,-1.0
scaffold-11-1,16,,8.0,-1.0,4.0,-1.0
scaffold-11-1,17,,8.0,-1.0,4.0,-1.0
scaffold-11-1,18,,8.0,-1.0,4.0,-1.0
scaffold-11-1,19,,8.0,-1.0,4.0,-1.0
scaffold-11-1,20,,8.0,-1.0,4.0,-1.0
scaffold-11-1,21,,8.0,-1.0,4.0,-1.0
scaffold-11-1,22,,8.0,-1.0,4.0,-1.0
scaffold-11-1,23,,8.0,-1.0,4.0,-1.0
scaffold-11-1,24,,8.0,-1.0,4.0,-1.0
scaffold-11-1,25,,8.0,-1.0,4.0,-1.0
scaffold-11-1,26,,8.0,-1.0,4.0,-1.0
scaffold-11-1,27,,8.0,-1.0,4.0,-1.0
scaffold-11-1,28,,8.0,-1.0,4.0,-1.0
scaffold-11-1,29,,8.0,-1.0,4.0,-1.0
scaffold-11-1,30,,8.0,-1.0,4.0,-1.0
scaffold-11-1,31,,8.0,-1.0,4.0,-1.0
scaffold-11-1,32,,8.0,-1.0,4.0,-1.0
scaffold-11-1,33,,8.0,-1.0,4.0,-1.0
scaffold-11-1,34,,8.0,-1.0,4.0,-1.0
scaffold-11-1,35,,8.0,-1.0,4.0,-1.0
scaffold-11-1,36,,8.0,-1.0,4.0,-1.0
scaffold-11-1,37,,8.0,-1.0,4.0,-1.0
scaffold-11-1,38,,8.0,-1.0,4.0,-1.0
scaffold-11-1,39,,8.0,-1.0,4.0,-1.0
scaffold-11-1,40,,8.0,-1.0,4.0,-1.0
scaffold-11-1,41,,8.0,-1.0,4.0,-1.0
scaffold-11-1,42,,8.0,-1.0,4.0,-1.0
scaffold-11-1,43,,8.0,-1.0,4.0,-1.0
scaffold-11-1,44,,8.0,-1.0,4.0,-1.0
scaffold-11-1,45,,8.0,-1.0,4.0,-1.0
scaffold-11-1,46,,8.0,-1.0,4.0,-1.0
scaffold-11-1,47,,8.0,-1.0,4.0,-1.0
scaffold-11-1,48,,8.0,-1.0,4.0,-1.0
scaffold-11-1,49,,8.0,-1.0,4.0,-1.0
scaffold-11-1,50,,8.0,-1.0,4.0,-1.0
scaffold-11-1,51,,8.0,-1.0,4.0,-1.0
scaffold-11-1,52,,8.0,-1.0,4.0,-1.0
scaffold-11-1,53,,8.0,-1.0,4.0,-1.0
scaffold-11-1,54,,8.0,-1.0,4.0,-1.0
scaffold-11-1,55,,8.0,-1.0,4.0,-1.0
scaffold-11-1,56,,8.0,-1.0,4.0,-1.0
scaffold-11-1,57,,8.0,-1.0,4.0,-1.0
scaffold-11-1,58,,8.0,-1.0,4.0,-1.0
scaffold-11-1,59,,8.0,-1.0,4.0,-1.0
scaffold-11-1,60,,8.0,-1.0,4.0,-1.0
scaffold-11-2,2,,8.13,-1.0,0.1,0.3
scaffold-11-2,4,,8.13,-1.0,0.1,0.3
scaffold-11-2,6,,8.13,-1.0,0.1,0.3
scaffold-11-2,8,,8.13,-1.0,0.1,0.3
scaffold-11-2,9,,8.13,-1.0,0.1,0.3
scaffold-11-2,10,,8.13,-1.0,0.1,0.3
scaffold-11-2,11,,8.13,-1.0,0.1,0.3
scaffold-11-2,12,,8.13,-1.0,0.1,0.3
scaffold-11-2,13,,8.13,-1.0,0.1,0.3
scaffold-11-2,14,,8.13,-1.0,0.1,0.3
scaffold-11-2,15,,8.13,-1.0,0.1,0.3
scaffold-11-2,16,,8.13,-1.0,0.1,0.3
scaffold-11-2,17,,8.13,-1.0,0.1,0.3
scaffold-11-2,18,,8.13,-1.0,0.1,0.3
scaffold-11-2,19,,8.13,-1.0,0.1,0.3
scaffold-11-2,20,,8.13,-1.0,0.1,0.3
scaffold-11-2,21,,8.13,-1.0,0.1,0.3
scaffold-11-2,22,,8.13,-1.0,0.1,0.3
scaffold-11-2,23,,8.13,-1.0,0.1,0.3
scaffold-11-2,24,,8.13,-1.0,0.1,0.3
scaffold-11-2,25,,8.13,-1.0,0.1,0.3
scaffold-11-2,26,,8.13,-1.0,0.1,0.3
scaffold-11-2,27,,8.13,-1.0,0.1,0.3
scaffold-11-2,28,,8.13,-1.0,0.1,0.3
scaffold-11-2,29,,8.13,-1.0,0.1,0.3
scaffold-11-2,30,,8.13,-1.0,0.1,0.3
scaffold-11-2,31,,8.13,-1.0,0.1,0.3
scaffold-11-2,32,,8.13,-1.0,0.1,0.3
scaffold-11-2,33,,8.13,-1.0,0.1,0.3
scaffold-11-2,34,,8.13,-1.0,0.1,0.3
scaffold-11-2,35,,8.13,-1.0,0.1,0.3
scaffold-11-2,36,,8.13,-1.0,0.1,0.3
scaffold-11-2,37,,8.13,-1.0,0.1,0.3
scaffold-11-2,38,,8.13,-1.0,0.1,0.3
scaffold-11-2,39,,8.13,-1.0,0.1,0.3
scaffold-11-2,40,,8.13,-1.0,0.1,0.3
scaffold-11-2,41,,8.13,-1.0,0.1,0.3
scaffold-11-2,42,,8.13,-1.0,0.1,0.3
scaffold-11-2,43,,8.13,-1.0,0.1,0.3
scaffold-11-2,44,,8.13,-1.0,0.1,0.3
scaffold-11-2,45,,8.13,-1.0,0.1,0.3
scaffold-11-2,46,,8.13,-1.0,0.1,0.3
scaffold-11-2,47,,8.13,-1.0,0.1,0.3
scaffold-11-2,48,,8.13,-1.0,0.1,0.3
scaffold-11-2,49,,8.13,-1.0,0.1,0.3
scaffold-11-2,50,,8.13,-1.0,0.1,0.3
scaffold-11-2,51,,8.13,-1.0,0.1,0.3
scaffold-11-2,52,,8.13,-1.0,0.1,0.3
scaffold-11-2,53,,8.13,-1.0,0.1,0.3
scaffold-11-2,54,,8.13,-1.0,0.1,0.3
scaffold-11-2,55,,8.13,-1.0,0.1,0.3
scaffold-11-2,56,,8.13,-1.0,0.1,0.3
scaffold-11-2,57,,8.13,-1.0,0.1,0.3
scaffold-11-2,58,,8.13,-1.0,0.1,0.3
scaffold-11-2,59,,8.13,-1.0,0.1,0.3
scaffold-11-2,60,,8.13,-1.0,0.1,0.3
scaffold-12,1,,9.0,-1.0,1.0,-1.0
scaffold-12,2,,9.0,-1.0,1.0,-1.0
scaffold-12,3,,9.0,-1.0,1.0,-1.0
scaffold-12,4,,9.0,-1.0,1.0,-1.0
scaffold-12,5,,9.0,-1.0,1.0,-1.0
scaffold-12,6,,9.0,-1.0,1.0,-1.0
scaffold-12,7,,9.0,-1.0,1.0,-1.0
scaffold-12,8,,9.0,-1.0,1.0,-1.0
scaffold-12,9,,9.0,-1.0,1.0,-1.0
scaffold-12,10,,9.0,-1.0,1.0,-1.0
scaffold-12,11,,9.0,-1.0,1.0,-1.0
scaffold-12,12,,9.0,-1.0,1.0,-1.0
scaffold-12,13,,9.0,-1.0,1.0,-1.0
scaffold-12,14,,9.0,-1.0,1.0,-1.0
scaffold-12,15,,9.0,-1.0,1.0,-1.0
scaffold-12,16,,9.0,-1.0,1.0,-1.0
scaffold-12,17,,9.0,-1.0,1.0,-1.0
scaffold-12,18,,9.0,-1.0,1.0,-1.0
scaffold-12,19,,9.0,-1.0,1.0,-1.0
scaffold-12,20,,9.0,-1.0,1.0,-1.0
scaffold-12,22,,9.0,-1.0,1.0,-1.0
scaffold-12,23,,9.0,-1.0,1.0,-1.0
scaffold-12,24,,9.0,-1.0,1.0,-1.0
scaffold-12,25,,9.0,-1.0,1.0,-1.0
scaffold-12,26,,9.0,-1.0,1.0,-1.0
scaffold-12,27,,9.0,-1.0,1.0,-1.0
scaffold-12,28,,9.0,-1.0,1.0,-1.0
scaffold-12,29,,9.0,-1.0,1.0,-1.0
scaffold-12,30,,9.0,-1.0,1.0,-1.0
scaffold-12,31,,9.0,-1.0,1.0,-1.0
scaffold-12,32,,9.0,-1.0,1.0,-1.0
scaffold-12,33,,9.0,-1.0,1.0,-1.0
scaffold-12,34,,9.0,-1.0,1.0,-1.0
scaffold-12,35,,9.0,-1.0,1.0,-1.0
scaffold-12,36,,9.0,-1.0,1.0,-1.0
scaffold-12,37,,9.0,-1.0,1.0,-1.0
scaffold-12,38,,9.0,-1.0,1.0,-1.0
scaffold-12,39,,9.0,-1.0,1.0,-1.0
scaffold-12,40,,9.0,-1.0,1.0,-1.0
scaffold-12,41,,9.0,-1.0,1.0,-1.0
scaffold-12,42,,9.0,-1.0,1.0,-1.0
scaffold-12,43,,9.0,-1.0,1.0,-1.0
scaffold-12,44,,9.0,-1.0,1.0,-1.0
scaffold-12,45,,9.0,-1.0,1.0,-1.0
scaffold-12,46,,9.0,-1.0,1.0,-1.0
scaffold-12,47,,9.0,-1.0,1.0,-1.0
scaffold-12,48,,9.0,-1.0,1.0,-1.0
scaffold-12,49,,9.0,-1.0,1.0,-1.0
scaffold-12,50,,9.0,-1.0,1.0,-1.0
scaffold-12,51,,9.0,-1.0,1.0,-1.0
scaffold-12,52,,9.0,-1.0,1.0,-1.0
scaffold-12,53,,9.0,-1.0,1.0,-1.0
scaffold-12,54,,9.0,-1.0,1.0,-1.0
scaffold-12,55,,9.0,-1.0,1.0,-1.0
scaffold-12,56,,9.0,-1.0,1.0,-1.0
scaffold-12,57,,9.0,-1.0,1.0,-1.0
scaffold-12,58,,9.0,-1.0,1.0,-1.0
scaffold-12,59,,9.0,-1.0,1.0,-1.0
scaffold-12,60,,9.0,-1.0,1.0,-1.0
scaffold-13,1,,10.0,2.0,0.8,-1.0
scaffold-13,2,,10.0,2.0,0.8,-1.0
scaffold-13,3,,10.0,2.0,0.8,-1.0
scaffold-13,4,,10.0,2.0,0.8,-1.0
scaffold-13,6,,10.0,2.0,0.8,-1.0
scaffold-13,7,,10.0,2.0,0.8,-1.0
scaffold-13,8,,10.0,2.0,0.8,-1.0
scaffold-13,10,,10.0,2.0,0.8,-1.0
scaffold-13,11,,10.0,2.0,0.8,-1.0
scaffold-13,13,,10.0,2.0,0.8,-1.0
scaffold-13,14,,10.0,2.0,0.8,-1.0
scaffold-13,16,,10.0,2.0,0.8,-1.0
scaffold-13,17,,10.0,2.0,0.8,-1.0
scaffold-13,18,,10.0,2.0,0.8,-1.0
scaffold-13,19,,10.0,2.0,0.8,-1.0
scaffold-13,20,,10.0,2.0,0.8,-1.0
scaffold-13,21,,10.0,2.0,0.8,-1.0
scaffold-13,22,,10.0,2.0,0.8,-1.0
scaffold-13,23,,10.0,2.0,0.8,-1.0
scaffold-13,24,,10.0,2.0,0.8,-1.0
scaffold-13,25,,10.0,2.0,0.8,-1.0
scaffold-13,26,,10.0,2.0,0.8,-1.0
scaffold-13,27,,10.0,2.0,0.8,-1.0
scaffold-13,28,,10.0,2.0,0.8,-1.0
scaffold-13,29,,10.0,2.0,0.8,-1.0
scaffold-13,30,,10.0,2.0,0.8,-1.0
scaffold-13,31,,10.0,2.0,0.8,-1.0
scaffold-13,32,,10.0,2.0,0.8,-1.0
scaffold-13,33,,10.0,2.0,0.8,-1.0
scaffold-13,34,,10.0,2.0,0.8,-1.0
scaffold-13,35,,10.0,2.0,0.8,-1.0
scaffold-13,36,,10.0,2.0,0.8,-1.0
scaffold-13,37,,10.0,2.0,0.8,-1.0
scaffold-13,38,,10.0,2.0,0.8,-1.0
scaffold-13,39,,10.0,2.0,0.8,-1.0
scaffold-13,40,,10.0,2.0,0.8,-1.0
scaffold-13,41,,10.0,2.0,0.8,-1.0
scaffold-13,42,,10.0,2.0,0.8,-1.0
scaffold-13,43,,10.0,2.0,0.8,-1.0
scaffold-13,44,,10.0,2.0,0.8,-1.0
scaffold-13,45,,10.0,2.0,0.8,-1.0
scaffold-13,46,,10.0,2.0,0.8,-1.0
scaffold-13,47,,10.0,2.0,0.8,-1.0
scaffold-13,48,,10.0,2.0,0.8,-1.0
scaffold-13,49,,10.0,2.0,0.8,-1.0
scaffold-13,50,,10.0,2.0,0.8,-1.0
scaffold-13,51,,10.0,2.0,0.8,-1.0
scaffold-13,52,,10.0,2.0,0.8,-1.0
scaffold-13,53,,10.0,2.0,0.8,-1.0
scaffold-13,54,,10.0,2.0,0.8,-1.0
scaffold-13,55,,10.0,2.0,0.8,-1.0
scaffold-13,56,,10.0,2.0,0.8,-1.0
scaffold-13,57,,10.0,2.0,0.8,-1.0
scaffold-13,58,,10.0,2.0,0.8,-1.0
scaffold-13,59,,10.0,2.0,0.8,-1.0
scaffold-13,60,,10.0,2.0,0.8,-1.0
scaffold-15,1,,15.0,3.0,0.01,-1.0
scaffold-15,2,,15.0,3.0,0.01,-1.0
scaffold-15,3,,15.0,3.0,0.01,-1.0
scaffold-15,4,,15.0,3.0,0.01,-1.0
scaffold-15,5,,15.0,3.0,0.01,-1.0
scaffold-15,6,,15.0,3.0,0.01,-1.0
scaffold-15,7,,15.0,3.0,0.01,-1.0
scaffold-15,8,,15.0,3.0,0.01,-1.0
scaffold-15,9,,15.0,3.0,0.01,-1.0
scaffold-15,10,,15.0,3.0,0.01,-1.0
scaffold-15,11,,15.0,3.0,0.01,-1.0
scaffold-15,12,,15.0,3.0,0.01,-1.0
scaffold-15,13,,15.0,3.0,0.01,-1.0
scaffold-15,15,,15.0,3.0,0.01,-1.0
scaffold-15,16,,15.0,3.0,0.01,-1.0
scaffold-15,17,,15.0,3.0,0.01,-1.0
scaffold-15,18,,15.0,3.0,0.01,-1.0
scaffold-15,19,,15.0,3.0,0.01,-1.0
scaffold-15,20,,15.0,3.0,0.01,-1.0
scaffold-15,21,,15.0,3.0,0.01,-1.0
scaffold-15,22,,15.0,3.0,0.01,-1.0
scaffold-15,23,,15.0,3.0,0.01,-1.0
scaffold-15,24,,15.0,3.0,0.01,-1.0
scaffold-15,25,,15.0,3.0,0.01,-1.0
scaffold-15,26,,15.0,3.0,0.01,-1.0
scaffold-15,27,,15.0,3.0,0.01,-1.0
scaffold-15,29,,15.0,3.0,0.01,-1.0
scaffold-15,30,,15.0,3.0,0.01,-1.0
scaffold-15,31,,15.0,3.0,0.01,-1.0
scaffold-15,32,,15.0,3.0,0.01,-1.0
scaffold-15,33,,15.0,3.0,0.01,-1.0
scaffold-15,34,,15.0,3.0,0.01,-1.0
scaffold-15,35,,15.0,3.0,0.01,-1.0
scaffold-15,36,,15.0,3.0,0.01,-1.0
scaffold-15,37,,15.0,3.0,0.01,-1.0
scaffold-15,38,,15.0,3.0,0.01,-1.0
scaffold-15,39,,15.0,3.0,0.01,-1.0
scaffold-15,40,,15.0,3.0,0.01,-1.0
scaffold-15,41,,15.0,3.0,0.01,-1.0
scaffold-15,42,,15.0,3.0,0.01,-1.0
scaffold-15,43,,15.0,3.0,0.01,-1.0
scaffold-15,44,,15.0,3.0,0.01,-1.0
scaffold-15,45,,15.0,3.0,0.01,-1.0
scaffold-15,46,,15.0,3.0,0.01,-1.0
scaffold-15,47,,15.0,3.0,0.01,-1.0
scaffold-15,48,,15.0,3.0,0.01,-1.0
scaffold-15,49,,15.0,3.0,0.01,-1.0
scaffold-15,50,,15.0,3.0,0.01,-1.0
scaffold-15,51,,15.0,3.0,0.01,-1.0
scaffold-15,52,,15.0,3.0,0.01,-1.0
scaffold-15,53,,15.0,3.0,0.01,-1.0
scaffold-15,54,,15.0,3.0,0.01,-1.0
scaffold-15,55,,15.0,3.0,0.01,-1.0
scaffold-15,56,,15.0,3.0,0.01,-1.0
scaffold-15,57,,15.0,3.0,0.01,-1.0
scaffold-15,58,,15.0,3.0,0.01,-1.0
scaffold-15,59,,15.0,3.0,0.01,-1.0
scaffold-15,60,,15.0,3.0,0.01,-1.0
scaffold-17-1,2,,4.0,-1.0,2.0,-1.0
scaffold-17-1,3,,4.0,-1.0,2.0,-1.0
scaffold-17-1,5,,4.0,-1.0,2.0,-1.0
scaffold-17-1,6,,4.0,-1.0,2.0,-1.0
scaffold-17-1,8,,4.0,-1.0,2.0,-1.0
scaffold-17-1,9,,4.0,-1.0,2.0,-1.0
scaffold-17-1,11,,4.0,-1.0,2.0,-1.0
scaffold-17-1,12,,4.0,-1.0,2.0,-1.0
scaffold-17-1,14,,4.0,-1.0,2.0,-1.0
scaffold-17-1,15,,4.0,-1.0,2.0,-1.0
scaffold-17-1,16,,4.0,-1.0,2.0,-1.0
scaffold-17-1,17,,4.0,-1.0,2.0,-1.0
scaffold-17-1,18,,4.0,-1.0,2.0,-1.0
scaffold-17-1,19,,4.0,-1.0,2.0,-1.0
scaffold-17-1,20,,4.0,-1.0,2.0,-1.0
scaffold-17-1,21,,4.0,-1.0,2.0,-1.0
scaffold-17-1,22,,4.0,-1.0,2.0,-1.0
scaffold-17-1,23,,4.0,-1.0,2.0,-1.0
scaffold-17-1,24,,4.0,-1.0,2.0,-1.0
scaffold-17-1,25,,4.0,-1.0,2.0,-1.0
scaffold-17-1,26,,4.0,-1.0,2.0,-1.0
scaffold-17-1,27,,4.0,-1.0,2.0,-1.0
scaffold-17-1,28,,4.0,-1.0,2.0,-1.0
scaffold-17-1,29,,4.0,-1.0,2.0,-1.0
scaffold-17-1,30,,4.0,-1.0,2.0,-1.0
scaffold-17-1,31,,4.0,-1.0,2.0,-1.0
scaffold-17-1,32,,4.0,-1.0,2.0,-1.0
scaffold-17-1,33,,4.0,-1.0,2.0,-1.0
scaffold-17-1,34,,4.0,-1.0,2.0,-1.0
scaffold-17-1,35,,4.0,-1.0,2.0,-1.0
scaffold-17-1,36,,4.0,-1.0,2.0,-1.0
scaffold-17-1,37,,4.0,-1.0,2.0,-1.0
scaffold-17-1,38,,4.0,-1.0,2.0,-1.0
scaffold-17-1,39,,4.0,-1.0,2.0,-1.0
scaffold-17-1,40,,4.0,-1.0,2.0,-1.0
scaffold-17-1,41,,4.0,-1.0,2.0,-1.0
scaffold-17-1,42,,4.0,-1.0,2.0,-1.0
scaffold-17-1,43,,4.0,-1.0,2.0,-1.0
scaffold-17-1,44,,4.0,-1.0,2.0,-1.0
scaffold-17-1,45,,4.0,-1.0,2.0,-1.0
scaffold-17-1,46,,4.0,-1.0,2.0,-1.0
scaffold-17-1,47,,4.0,-1.0,2.0,-1.0
scaffold-17-1,48,,4.0,-1.0,2.0,-1.0
scaffold-17-1,49,,4.0,-1.0,2.0,-1.0
scaffold-17-1,50,,4.0,-1.0,2.0,-1.0
scaffold-17-1,51,,4.0,-1.0,2.0,-1.0
scaffold-17-1,52,,4.0,-1.0,2.0,-1.0
scaffold-17-1,53,,4.0,-1.0,2.0,-1.0
scaffold-17-1,54,,4.0,-1.0,2.0,-1.0
scaffold-17-1,55,,4.0,-1.0,2.0,-1.0
scaffold-17-1,56,,4.0,-1.0,2.0,-1.0
scaffold-17-1,57,,4.0,-1.0,2.0,-1.0
scaffold-17-1,58,,4.0,-1.0,2.0,-1.0
scaffold-17-1,59,,4.0,-1.0,2.0,-1.0
scaffold-17-1,60,,4.0,-1.0,2.0,-1.0
scaffold-17-2,2,,16.0,-1.0,2.0,-1.0
scaffold-17-2,3,,16.0,-1.0,2.0,-1.0
scaffold-17-2,5,,16.0,-1.0,2.0,-1.0
scaffold-17-2,6,,16.0,-1.0,2.0,-1.0
scaffold-17-2,8,,16.0,-1.0,2.0,-1.0
scaffold-17-2,9,,16.0,-1.0,2.0,-1.0
scaffold-17-2,11,,16.0,-1.0,2.0,-1.0
scaffold-17-2,12,,16.0,-1.0,2.0,-1.0
scaffold-17-2,14,,16.0,-1.0,2.0,-1.0
scaffold-17-2,15,,16.0,-1.0,2.0,-1.0
scaffold-17-2,16,,16.0,-1.0,2.0,-1.0
scaffold-17-2,17,,16.0,-1.0,2.0,-1.0
scaffold-17-2,18,,16.0,-1.0,2.0,-1.0
scaffold-17-2,19,,16.0,-1.0,2.0,-1.0
scaffold-17-2,20,,16.0,-1.0,2.0,-1.0
scaffold-17-2,21,,16.0,-1.0,2.0,-1.0
scaffold-17-2,22,,16.0,-1.0,2.0,-1.0
scaffold-17-2,23,,16.0,-1.0,2.0,-1.0
scaffold-17-2,24,,16.0,-1.0,2.0,-1.0
scaffold-17-2,25,,16.0,-1.0,2.0,-1.0
scaffold-17-2,26,,16.0,-1.0,2.0,-1.0
scaffold-17-2,27,,16.0,-1.0,2.0,-1.0
scaffold-17-2,28,,16.0,-1.0,2.0,-1.0
scaffold-17-2,29,,16.0,-1.0,2.0,-1.0
scaffold-17-2,30,,16.0,-1.0,2.0,-1.0
scaffold-17-2,31,,16.0,-1.0,2.0,-1.0
scaffold-17-2,32,,16.0,-1.0,2.0,-1.0
scaffold-17-2,33,,16.0,-1.0,2.0,-1.0
scaffold-17-2,34,,16.0,-1.0,2.0,-1.0
scaffold-17-2,35,,16.0,-1.0,2.0,-1.0
scaffold-17-2,36,,16.0,-1.0,2.0,-1.0
scaffold-17-2,37,,16.0,-1.0,2.0,-1.0
scaffold-17-2,38,,16.0,-1.0,2.0,-1.0
scaffold-17-2,39,,16.0,-1.0,2.0,-1.0
scaffold-17-2,40,,16.0,-1.0,2.0,-1.0
scaffold-17-2,41,,16.0,-1.0,2.0,-1.0
scaffold-17-2,42,,16.0,-1.0,2.0,-1.0
scaffold-17-2,43,,16.0,-1.0,2.0,-1.0
scaffold-17-2,44,,16.0,-1.0,2.0,-1.0
scaffold-17-2,45,,16.0,-1.0,2.0,-1.0
scaffold-17-2,46,,16.0,-1.0,2.0,-1.0
scaffold-17-2,47,,16.0,-1.0,2.0,-1.0
scaffold-17-2,48,,16.0,-1.0,2.0,-1.0
scaffold-17-2,49,,16.0,-1.0,2.0,-1.0
scaffold-17-2,50,,16.0,-1.0,2.0,-1.0
scaffold-17-2,51,,16.0,-1.0,2.0,-1.0
scaffold-17-2,52,,16.0,-1.0,2.0,-1.0
scaffold-17-2,53,,16.0,-1.0,2.0,-1.0
scaffold-17-2,54,,16.0,-1.0,2.0,-1.0
scaffold-17-2,55,,16.0,-1.0,2.0,-1.0
scaffold-17-2,56,,16.0,-1.0,2.0,-1.0
scaffold-17-2,57,,16.0,-1.0,2.0,-1.0
scaffold-17-2,58,,16.0,-1.0,2.0,-1.0
scaffold-17-2,59,,16.0,-1.0,2.0,-1.0
scaffold-17-2,60,,16.0,-1.0,2.0,-1.0
scaffold-18,1,,4.0,11.0,0.08,-1.0
scaffold-18,2,,4.0,11.0,0.08,-1.0
scaffold-18,4,,4.0,11.0,0.08,-1.0
scaffold-18,5,,4.0,11.0,0.08,-1.0
scaffold-18,6,,4.0,11.0,0.08,-1.0
scaffold-18,8,,4.0,11.0,0.08,-1.0
scaffold-18,10,,4.0,11.0,0.08,-1.0
scaffold-18,11,,4.0,11.0,0.08,-1.0
scaffold-18,12,,4.0,11.0,0.08,-1.0
scaffold-18,13,,4.0,11.0,0.08,-1.0
scaffold-18,14,,4.0,11.0,0.08,-1.0
scaffold-18,15,,4.0,11.0,0.08,-1.0
scaffold-18,16,,4.0,11.0,0.08,-1.0
scaffold-18,17,,4.0,11.0,0.08,-1.0
scaffold-18,18,,4.0,11.0,0.08,-1.0
scaffold-18,19,,4.0,11.0,0.08,-1.0
scaffold-18,20,,4.0,11.0,0.08,-1.0
scaffold-18,21,,4.0,11.0,0.08,-1.0
scaffold-18,22,,4.0,11.0,0.08,-1.0
scaffold-18,23,,4.0,11.0,0.08,-1.0
scaffold-18,24,,4.0,11.0,0.08,-1.0
scaffold-18,25,,4.0,11.0,0.08,-1.0
scaffold-18,26,,4.0,11.0,0.08,-1.0
scaffold-18,27,,4.0,11.0,0.08,-1.0
scaffold-18,28,,4.0,11.0,0.08,-1.0
scaffold-18,29,,4.0,11.0,0.08,-1.0
scaffold-18,30,,4.0,11.0,0.08,-1.0
scaffold-18,31,,4.0,11.0,0.08,-1.0
scaffold-18,32,,4.0,11.0,0.08,-1.0
scaffold-18,33,,4.0,11.0,0.08,-1.0
scaffold-18,34,,4.0,11.0,0.08,-1.0
scaffold-18,35,,4.0,11.0,0.08,-1.0
scaffold-18,36,,4.0,11.0,0.08,-1.0
scaffold-18,37,,4.0,11.0,0.08,-1.0
scaffold-18,38,,4.0,11.0,0.08,-1.0
scaffold-18,39,,4.0,11.0,0.08,-1.0
scaffold-18,40,,4.0,11.0,0.08,-1.0
scaffold-18,41,,4.0,11.0,0.08,-1.0
scaffold-18,42,,4.0,11.0,0.08,-1.0
scaffold-18,43,,4.0,11.0,0.08,-1.0
scaffold-18,44,,4.0,11.0,0.08,-1.0
scaffold-18,45,,4.0,11.0,0.08,-1.0
scaffold-18,46,,4.0,11.0,0.08,-1.0
scaffold-18,47,,4.0,11.0,0.08,-1.0
scaffold-18,48,,4.0,11.0,0.08,-1.0
scaffold-18,49,,4.0,11.0,0.08,-1.0
scaffold-18,50,,4.0,11.0,0.08,-1.0
scaffold-18,51,,4.0,11.0,0.08,-1.0
scaffold-18,52,,4.0,11.0,0.08,-1.0
scaffold-18,53,,4.0,11.0,0.08,-1.0
scaffold-18,54,,4.0,11.0,0.08,-1.0
scaffold-18,55,,4.0,11.0,0.08,-1.0
scaffold-18,56,,4.0,11.0,0.08,-1.0
scaffold-18,57,,4.0,11.0,0.08,-1.0
scaffold-18,58,,4.0,11.0,0.08,-1.0
scaffold-18,59,,4.0,11.0,0.08,-1.0
scaffold-18,60,,4.0,11.0,0.08,-1.0
scaffold-19,1,,10.0,1.0,8.0,-1.0
scaffold-19,3,,10.0,1.0,8.0,-1.0
scaffold-19,5,,10.0,1.0,8.0,-1.0
scaffold-19,7,,10.0,1.0,8.0,-1.0
scaffold-19,9,,10.0,1.0,8.0,-1.0
scaffold-19,11,,10.0,1.0,8.0,-1.0
scaffold-19,13,,10.0,1.0,8.0,-1.0
scaffold-19,15,,10.0,1.0,8.0,-1.0
scaffold-19,17,,10.0,1.0,8.0,-1.0
scaffold-19,19,,10.0,1.0,8.0,-1.0
scaffold-19,21,,10.0,1.0,8.0,-1.0
scaffold-19,23,,10.0,1.0,8.0,-1.0
scaffold-19,25,,10.0,1.0,8.0,-1.0
scaffold-19,26,,10.0,1.0,8.0,-1.0
scaffold-19,27,,10.0,1.0,8.0,-1.0
scaffold-19,28,,10.0,1.0,8.0,-1.0
scaffold-19,29,,10.0,1.0,8.0,-1.0
scaffold-19,30,,10.0,1.0,8.0,-1.0
scaffold-19,31,,10.0,1.0,8.0,-1.0
scaffold-19,32,,10.0,1.0,8.0,-1.0
scaffold-19,33,,10.0,1.0,8.0,-1.0
scaffold-19,34,,10.0,1.0,8.0,-1.0
scaffold-19,35,,10.0,1.0,8.0,-1.0
scaffold-19,36,,10.0,1.0,8.0,-1.0
scaffold-19,37,,10.0,1.0,8.0,-1.0
scaffold-19,38,,10.0,1.0,8.0,-1.0
scaffold-19,39,,10.0,1.0,8.0,-1.0
scaffold-19,40,,10.0,1.0,8.0,-1.0
scaffold-19,41,,10.0,1.0,8.0,-1.0
scaffold-19,42,,10.0,1.0,8.0,-1.0
scaffold-19,43,,10.0,1.0,8.0,-1.0
scaffold-19,44,,10.0,1.0,8.0,-1.0
scaffold-19,45,,10.0,1.0,8.0,-1.0
scaffold-19,46,,10.0,1.0,8.0,-1.0
scaffold-19,47,,10.0,1.0,8.0,-1.0
scaffold-19,48,,10.0,1.0,8.0,-1.0
scaffold-19,49,,10.0,1.0,8.0,-1.0
scaffold-19,50,,10.0,1.0,8.0,-1.0
scaffold-19,51,,10.0,1.0,8.0,-1.0
scaffold-19,52,,10.0,1.0,8.0,-1.0
scaffold-19,53,,10.0,1.0,8.0,-1.0
scaffold-19,54,,10.0,1.0,8.0,-1.0
scaffold-19,55,,10.0,1.0,8.0,-1.0
scaffold-19,56,,10.0,1.0,8.0,-1.0
scaffold-19,57,,10.0,1.0,8.0,-1.0
scaffold-19,58,,10.0,1.0,8.0,-1.0
scaffold-19,59,,10.0,1.0,8.0,-1.0
scaffold-19,60,,10.0,1.0,8.0,-1.0
scaffold-21-1,1,,10.0,-1.0,0.75,-1.0
scaffold-21-1,3,,10.0,-1.0,0.75,-1.0
scaffold-21-1,5,,10.0,-1.0,0.75,-1.0
scaffold-21-1,7,,10.0,-1.0,0.75,-1.0
scaffold-21-1,9,,10.0,-1.0,0.75,-1.0
scaffold-21-1,10,,10.0,-1.0,0.75,-1.0
scaffold-21-1,11,,10.0,-1.0,0.75,-1.0
scaffold-21-1,12,,10.0,-1.0,0.75,-1.0
scaffold-21-1,13,,10.0,-1.0,0.75,-1.0
scaffold-21-1,15,,10.0,-1.0,0.75,-1.0
scaffold-21-1,16,,10.0,-1.0,0.75,-1.0
scaffold-21-1,17,,10.0,-1.0,0.75,-1.0
scaffold-21-1,18,,10.0,-1.0,0.75,-1.0
scaffold-21-1,19,,10.0,-1.0,0.75,-1.0
scaffold-21-1,21,,10.0,-1.0,0.75,-1.0
scaffold-21-1,22,,10.0,-1.0,0.75,-1.0
scaffold-21-1,23,,10.0,-1.0,0.75,-1.0
scaffold-21-1,24,,10.0,-1.0,0.75,-1.0
scaffold-21-1,25,,10.0,-1.0,0.75,-1.0
scaffold-21-1,26,,10.0,-1.0,0.75,-1.0
scaffold-21-1,27,,10.0,-1.0,0.75,-1.0
scaffold-21-1,28,,10.0,-1.0,0.75,-1.0
scaffold-21-1,29,,10.0,-1.0,0.75,-1.0
scaffold-21-1,30,,10.0,-1.0,0.75,-1.0
scaffold-21-1,31,,10.0,-1.0,0.75,-1.0
scaffold-21-1,32,,10.0,-1.0,0.75,-1.0
scaffold-21-1,33,,10.0,-1.0,0.75,-1.0
scaffold-21-1,34,,10.0,-1.0,0.75,-1.0
scaffold-21-1,35,,10.0,-1.0,0.75,-1.0
scaffold-21-1,36,,10.0,-1.0,0.75,-1.0
scaffold-21-1,37,,10.0,-1.0,0.75,-1.0
scaffold-21-1,38,,10.0,-1.0,0.75,-1.0
scaffold-21-1,39,,10.0,-1.0,0.75,-1.0
scaffold-21-1,40,,10.0,-1.0,0.75,-1.0
scaffold-21-1,41,,10.0,-1.0,0.75,-1.0
scaffold-21-1,42,,10.0,-1.0,0.75,-1.0
scaffold-21-1,43,,10.0,-1.0,0.75,-1.0
scaffold-21-1,44,,10.0,-1.0,0.75,-1.0
scaffold-21-1,45,,10.0,-1.0,0.75,-1.0
scaffold-21-1,46,,10.0,-1.0,0.75,-1.0
scaffold-21-1,47,,10.0,-1.0,0.75,-1.0
scaffold-21-1,48,,10.0,-1.0,0.75,-1.0
scaffold-21-1,49,,10.0,-1.0,0.75,-1.0
scaffold-21-1,50,,10.0,-1.0,0.75,-1.0
scaffold-21-1,51,,10.0,-1.0,0.75,-1.0
scaffold-21-1,52,,10.0,-1.0,0.75,-1.0
scaffold-21-1,53,,10.0,-1.0,0.75,-1.0
scaffold-21-1,54,,10.0,-1.0,0.75,-1.0
scaffold-21-1,55,,10.0,-1.0,0.75,-1.0
scaffold-21-1,56,,10.0,-1.0,0.75,-1.0
scaffold-21-1,57,,10.0,-1.0,0.75,-1.0
scaffold-21-1,58,,10.0,-1.0,0.75,-1.0
scaffold-21-1,59,,10.0,-1.0,0.75,-1.0
scaffold-21-1,60,,10.0,-1.0,0.75,-1.0
scaffold-21-2,1,,10.15,-1.0,0.75,0.15
scaffold-21-2,2,,10.15,-1.0,0.75,0.15
scaffold-21-2,5,,10.15,-1.0,0.75,0.15
scaffold-21-2,7,,10.15,-1.0,0.75,0.15
scaffold-21-2,9,,10.15,-1.0,0.75,0.15
scaffold-21-2,10,,10.15,-1.0,0.75,0.15
scaffold-21-2,11,,10.15,-1.0,0.75,0.15
scaffold-21-2,12,,10.15,-1.0,0.75,0.15
scaffold-21-2,13,,10.15,-1.0,0.75,0.15
scaffold-21-2,15,,10.15,-1.0,0.75,0.15
scaffold-21-2,16,,10.15,-1.0,0.75,0.15
scaffold-21-2,17,,10.15,-1.0,0.75,0.15
scaffold-21-2,18,,10.15,-1.0,0.75,0.15
scaffold-21-2,19,,10.15,-1.0,0.75,0.15
scaffold-21-2,21,,10.15,-1.0,0.75,0.15
scaffold-21-2,22,,10.15,-1.0,0.75,0.15
scaffold-21-2,23,,10.15,-1.0,0.75,0.15
scaffold-21-2,24,,10.15,-1.0,0.75,0.15
scaffold-21-2,25,,10.15,-1.0,0.75,0.15
scaffold-21-2,26,,10.15,-1.0,0.75,0.15
scaffold-21-2,27,,10.15,-1.0,0.75,0.15
scaffold-21-2,28,,10.15,-1.0,0.75,0.15
scaffold-21-2,29,,10.15,-1.0,0.75,0.15
scaffold-21-2,30,,10.15,-1.0,0.75,0.15
scaffold-21-2,31,,10.15,-1.0,0.75,0.15
scaffold-21-2,32,,10.15,-1.0,0.75,0.15
scaffold-21-2,33,,10.15,-1.0,0.75,0.15
scaffold-21-2,34,,10.15,-1.0,0.75,0.15
scaffold-21-2,35,,10.15,-1.0,0.75,0.15
scaffold-21-2,36,,10.15,-1.0,0.75,0.15
scaffold-21-2,37,,10.15,-1.0,0.75,0.15
scaffold-21-2,38,,10.15,-1.0,0.75,0.15
scaffold-21-2,39,,10.15,-1.0,0.75,0.15
scaffold-21-2,40,,10.15,-1.0,0.75,0.15
scaffold-21-2,41,,10.15,-1.0,0.75,0.15
scaffold-21-2,42,,10.15,-1.0,0.75,0.15
scaffold-21-2,43,,10.15,-1.0,0.75,0.15
scaffold-21-2,44,,10.15,-1.0,0.75,0.15
scaffold-21-2,45,,10.15,-1.0,0.75,0.15
scaffold-21-2,46,,10.15,-1.0,0.75,0.15
scaffold-21-2,47,,10.15,-1.0,0.75,0.15
scaffold-21-2,48,,10.15,-1.0,0.75,0.15
scaffold-21-2,49,,10.15,-1.0,0.75,0.15
scaffold-21-2,50,,10.15,-1.0,0.75,0.15
scaffold-21-2,51,,10.15,-1.0,0.75,0.15
scaffold-21-2,52,,10.15,-1.0,0.75,0.15
scaffold-21-2,53,,10.15,-1.0,0.75,0.15
scaffold-21-2,54,,10.15,-1.0,0.75,0.15
scaffold-21-2,55,,10.15,-1.0,0.75,0.15
scaffold-21-2,56,,10.15,-1.0,0.75,0.15
scaffold-21-2,57,,10.15,-1.0,0.75,0.15
scaffold-21-2,58,,10.15,-1.0,0.75,0.15
scaffold-21-2,59,,10.15,-1.0,0.75,0.15
scaffold-21-2,60,,10.15,-1.0,0.75,0.15
scaffold-22,1,,10.0,1.0,0.1,-1.0
scaffold-22,4,,10.0,1.0,0.1,-1.0
scaffold-22,6,,10.0,1.0,0.1,-1.0
scaffold-22,8,,10.0,1.0,0.1,-1.0
scaffold-22,10,,10.0,1.0,0.1,-1.0
scaffold-22,11,,10.0,1.0,0.1,-1.0
scaffold-22,12,,10.0,1.0,0.1,-1.0
scaffold-22,13,,10.0,1.0,0.1,-1.0
scaffold-22,14,,10.0,1.0,0.1,-1.0
scaffold-22,15,,10.0,1.0,0.1,-1.0
scaffold-22,16,,10.0,1.0,0.1,-1.0
scaffold-22,17,,10.0,1.0,0.1,-1.0
scaffold-22,18,,10.0,1.0,0.1,-1.0
scaffold-22,19,,10.0,1.0,0.1,-1.0
scaffold-22,20,,10.0,1.0,0.1,-1.0
scaffold-22,21,,10.0,1.0,0.1,-1.0
scaffold-22,22,,10.0,1.0,0.1,-1.0
scaffold-22,23,,10.0,1.0,0.1,-1.0
scaffold-22,24,,10.0,1.0,0.1,-1.0
scaffold-22,25,,10.0,1.0,0.1,-1.0
scaffold-22,26,,10.0,1.0,0.1,-1.0
scaffold-22,27,,10.0,1.0,0.1,-1.0
scaffold-22,28,,10.0,1.0,0.1,-1.0
scaffold-22,29,,10.0,1.0,0.1,-1.0
scaffold-22,30,,10.0,1.0,0.1,-1.0
scaffold-22,31,,10.0,1.0,0.1,-1.0
scaffold-22,32,,10.0,1.0,0.1,-1.0
scaffold-22,33,,10.0,1.0,0.1,-1.0
scaffold-22,34,,10.0,1.0,0.1,-1.0
scaffold-22,35,,10.0,1.0,0.1,-1.0
scaffold-22,36,,10.0,1.0,0.1,-1.0
scaffold-22,37,,10.0,1.0,0.1,-1.0
scaffold-22,38,,10.0,1.0,0.1,-1.0
scaffold-22,39,,10.0,1.0,0.1,-1.0
scaffold-22,40,,10.0,1.0,0.1,-1.0
scaffold-22,41,,10.0,1.0,0.1,-1.0
scaffold-22,42,,10.0,1.0,0.1,-1.0
scaffold-22,43,,10.0,1.0,0.1,-1.0
scaffold-22,44,,10.0,1.0,0.1,-1.0
scaffold-22,45,,10.0,1.0,0.1,-1.0
scaffold-22,46,,10.0,1.0,0.1,-1.0
scaffold-22,47,,10.0,1.0,0.1,-1.0
scaffold-22,48,,10.0,1.0,0.1,-1.0
scaffold-22,49,,10.0,1.0,0.1,-1.0
scaffold-22,50,,10.0,1.0,0.1,-1.0
scaffold-22,51,,10.0,1.0,0.1,-1.0
scaffold-22,52,,10.0,1.0,0.1,-1.0
scaffold-22,53,,10.0,1.0,0.1,-1.0
scaffold-22,54,,10.0,1.0,0.1,-1.0
scaffold-22,55,,10.0,1.0,0.1,-1.0
scaffold-22,56,,10.0,1.0,0.1,-1.0
scaffold-22,57,,10.0,1.0,0.1,-1.0
scaffold-22,58,,10.0,1.0,0.1,-1.0
scaffold-22,59,,10.0,1.0,0.1,-1.0
scaffold-22,60,,10.0,1.0,0.1,-1.0
scaffold-23,8,,10.0,1.0,0.25,-1.0
scaffold-23,9,,10.0,1.0,0.25,-1.0
scaffold-23,10,,10.0,1.0,0.25,-1.0
scaffold-23,11,,10.0,1.0,0.25,-1.0
scaffold-23,12,,10.0,1.0,0.25,-1.0
scaffold-23,13,,10.0,1.0,0.25,-1.0
scaffold-23,14,,10.0,1.0,0.25,-1.0
scaffold-23,15,,10.0,1.0,0.25,-1.0
scaffold-23,16,,10.0,1.0,0.25,-1.0
scaffold-23,17,,10.0,1.0,0.25,-1.0
scaffold-23,18,,10.0,1.0,0.25,-1.0
scaffold-23,19,,10.0,1.0,0.25,-1.0
scaffold-23,20,,10.0,1.0,0.25,-1.0
scaffold-23,21,,10.0,1.0,0.25,-1.0
scaffold-23,22,,10.0,1.0,0.25,-1.0
scaffold-23,23,,10.0,1.0,0.25,-1.0
scaffold-23,24,,10.0,1.0,0.25,-1.0
scaffold-23,25,,10.0,1.0,0.25,-1.0
scaffold-23,26,,10.0,1.0,0.25,-1.0
scaffold-23,27,,10.0,1.0,0.25,-1.0
scaffold-23,28,,10.0,1.0,0.25,-1.0
scaffold-23,29,,10.0,1.0,0.25,-1.0
scaffold-23,30,,10.0,1.0,0.25,-1.0
scaffold-23,31,,10.0,1.0,0.25,-1.0
scaffold-23,32,,10.0,1.0,0.25,-1.0
scaffold-23,33,,10.0,1.0,0.25,-1.0
scaffold-23,34,,10.0,1.0,0.25,-1.0
scaffold-23,35,,10.0,1.0,0.25,-1.0
scaffold-23,36,,10.0,1.0,0.25,-1.0
scaffold-23,37,,10.0,1.0,0.25,-1.0
scaffold-23,38,,10.0,1.0,0.25,-1.0
scaffold-23,39,,10.0,1.0,0.25,-1.0
scaffold-23,40,,10.0,1.0,0.25,-1.0
scaffold-23,41,,10.0,1.0,0.25,-1.0
scaffold-23,42,,10.0,1.0,0.25,-1.0
scaffold-23,43,,10.0,1.0,0.25,-1.0
scaffold-23,44,,10.0,1.0,0.25,-1.0
scaffold-23,45,,10.0,1.0,0.25,-1.0
scaffold-23,46,,10.0,1.0,0.25,-1.0
scaffold-23,47,,10.0,1.0,0.25,-1.0
scaffold-23,48,,10.0,1.0,0.25,-1.0
scaffold-23,49,,10.0,1.0,0.25,-1.0
scaffold-23,50,,10.0,1.0,0.25,-1.0
scaffold-23,51,,10.0,1.0,0.25,-1.0
scaffold-23,52,,10.0,1.0,0.25,-1.0
scaffold-23,53,,10.0,1.0,0.25,-1.0
scaffold-23,54,,10.0,1.0,0.25,-1.0
scaffold-23,55,,10.0,1.0,0.25,-1.0
scaffold-23,56,,10.0,1.0,0.25,-1.0
scaffold-23,57,,10.0,1.0,0.25,-1.0
scaffold-23,58,,10.0,1.0,0.25,-1.0
scaffold-23,59,,10.0,1.0,0.25,-1.0
scaffold-23,60,,10.0,1.0,0.25,-1.0
scaffold-25,1,,1.0,1.0,0.8,-1.0
scaffold-25,2,,1.0,1.0,0.8,-1.0
scaffold-25,3,,1.0,1.0,0.8,-1.0
scaffold-25,4,,1.0,1.0,0.8,-1.0
scaffold-25,5,,1.0,1.0,0.8,-1.0
scaffold-25,7,,1.0,1.0,0.8,-1.0
scaffold-25,9,,1.0,1.0,0.8,-1.0
scaffold-25,11,,1.0,1.0,0.8,-1.0
scaffold-25,13,,1.0,1.0,0.8,-1.0
scaffold-25,15,,1.0,1.0,0.8,-1.0
scaffold-25,17,,1.0,1.0,0.8,-1.0
scaffold-25,19,,1.0,1.0,0.8,-1.0
scaffold-25,21,,1.0,1.0,0.8,-1.0
scaffold-25,23,,1.0,1.0,0.8,-1.0
scaffold-25,25,,1.0,1.0,0.8,-1.0
scaffold-25,27,,1.0,1.0,0.8,-1.0
scaffold-25,29,,1.0,1.0,0.8,-1.0
scaffold-25,30,,1.0,1.0,0.8,-1.0
scaffold-25,31,,1.0,1.0,0.8,-1.0
scaffold-25,32,,1.0,1.0,0.8,-1.0
scaffold-25,33,,1.0,1.0,0.8,-1.0
scaffold-25,34,,1.0,1.0,0.8,-1.0
scaffold-25,35,,1.0,1.0,0.8,-1.0
scaffold-25,36,,1.0,1.0,0.8,-1.0
scaffold-25,37,,1.0,1.0,0.8,-1.0
scaffold-25,38,,1.0,1.0,0.8,-1.0
scaffold-25,39,,1.0,1.0,0.8,-1.0
scaffold-25,40,,1.0,1.0,0.8,-1.0
scaffold-25,41,,1.0,1.0,0.8,-1.0
scaffold-25,42,,1.0,1.0,0.8,-1.0
scaffold-25,43,,1.0,1.0,0.8,-1.0
scaffold-25,44,,1.0,1.0,0.8,-1.0
scaffold-25,45,,1.0,1.0,0.8,-1.0
scaffold-25,46,,1.0,1.0,0.8,-1.0
scaffold-25,47,,1.0,1.0,0.8,-1.0
scaffold-25,48,,1.0,1.0,0.8,-1.0
scaffold-25,49,,1.0,1.0,0.8,-1.0
scaffold-25,50,,1.0,1.0,0.8,-1.0
scaffold-25,51,,1.0,1.0,0.8,-1.0
scaffold-25,52,,1.0,1.0,0.8,-1.0
scaffold-25,53,,1.0,1.0,0.8,-1.0
scaffold-25,54,,1.0,1.0,0.8,-1.0
scaffold-25,55,,1.0,1.0,0.8,-1.0
scaffold-25,56,,1.0,1.0,0.8,-1.0
scaffold-25,57,,1.0,1.0,0.8,-1.0
scaffold-25,58,,1.0,1.0,0.8,-1.0
scaffold-25,59,,1.0,1.0,0.8,-1.0
scaffold-25,60,,1.0,1.0,0.8,-1.0
spheroid-2,1,,19.0,1.0,0.02,-1.0
spheroid-2,2,,19.0,1.0,0.02,-1.0
spheroid-2,3,,19.0,1.0,0.02,-1.0
spheroid-2,4,,19.0,1.0,0.02,-1.0
spheroid-2,5,,19.0,1.0,0.02,-1.0
spheroid-2,6,,19.0,1.0,0.02,-1.0
spheroid-2,7,,19.0,1.0,0.02,-1.0
spheroid-2,8,,19.0,1.0,0.02,-1.0
spheroid-2,9,,19.0,1.0,0.02,-1.0
spheroid-2,10,,19.0,1.0,0.02,-1.0
spheroid-2,11,,19.0,1.0,0.02,-1.0
spheroid-2,12,,19.0,1.0,0.02,-1.0
spheroid-2,13,,19.0,1.0,0.02,-1.0
spheroid-2,14,,19.0,1.0,0.02,-1.0
spheroid-2,15,,19.0,1.0,0.02,-1.0
spheroid-2,16,,19.0,1.0,0.02,-1.0
spheroid-2,17,,19.0,1.0,0.02,-1.0
spheroid-2,19,,19.0,1.0,0.02,-1.0
spheroid-2,20,,19.0,1.0,0.02,-1.0
spheroid-2,22,,19.0,1.0,0.02,-1.0
spheroid-2,23,,19.0,1.0,0.02,-1.0
spheroid-2,25,,19.0,1.0,0.02,-1.0
spheroid-2,26,,19.0,1.0,0.02,-1.0
spheroid-2,28,,19.0,1.0,0.02,-1.0
spheroid-2,29,,19.0,1.0,0.02,-1.0
spheroid-2,30,,19.0,1.0,0.02,-1.0
spheroid-2,31,,19.0,1.0,0.02,-1.0
spheroid-2,32,,19.0,1.0,0.02,-1.0
spheroid-2,33,,19.0,1.0,0.02,-1.0
spheroid-2,34,,19.0,1.0,0.02,-1.0
spheroid-2,35,,19.0,1.0,0.02,-1.0
spheroid-2,36,,19.0,1.0,0.02,-1.0
spheroid-2,37,,19.0,1.0,0.02,-1.0
spheroid-2,38,,19.0,1.0,0.02,-1.0
spheroid-2,39,,19.0,1.0,0.02,-1.0
spheroid-2,40,,19.0,1.0,0.02,-1.0
spheroid-2,41,,19.0,1.0,0.02,-1.0
spheroid-2,42,,19.0,1.0,0.02,-1.0
spheroid-2,43,,19.0,1.0,0.02,-1.0
spheroid-2,44,,19.0,1.0,0.02,-1.0
spheroid-2,45,,19.0,1.0,0.02,-1.0
spheroid-2,46,,19.0,1.0,0.02,-1.0
spheroid-2,47,,19.0,1.0,0.02,-1.0
spheroid-2,48,,19.0,1.0,0.02,-1.0
spheroid-2,49,,19.0,1.0,0.02,-1.0
spheroid-2,50,,19.0,1.0,0.02,-1.0
spheroid-2,51,,19.0,1.0,0.02,-1.0
spheroid-2,52,,19.0,1.0,0.02,-1.0
spheroid-2,53,,19.0,1.0,0.02,-1.0
spheroid-2,54,,19.0,1.0,0.02,-1.0
spheroid-2,55,,19.0,1.0,0.02,-1.0
spheroid-2,56,,19.0,1.0,0.02,-1.0
spheroid-2,57,,19.0,1.0,0.02,-1.0
spheroid-2,58,,19.0,1.0,0.02,-1.0
spheroid-2,59,,19.0,1.0,0.02,-1.0
spheroid-2,60,,19.0,1.0,0.02,-1.0
spheroid-4,1,,8.0,1.0,0.6,-1.0
spheroid-4,2,,8.0,1.0,0.6,-1.0
spheroid-4,4,,8.0,1.0,0.6,-1.0
spheroid-4,6,,8.0,1.0,0.6,-1.0
spheroid-4,8,,8.0,1.0,0.6,-1.0
spheroid-4,9,,8.0,1.0,0.6,-1.0
spheroid-4,11,,8.0,1.0,0.6,-1.0
spheroid-4,12,,8.0,1.0,0.6,-1.0
spheroid-4,13,,8.0,1.0,0.6,-1.0
spheroid-4,14,,8.0,1.0,0.6,-1.0
spheroid-4,15,,8.0,1.0,0.6,-1.0
spheroid-4,16,,8.0,1.0,0.6,-1.0
spheroid-4,17,,8.0,1.0,0.6,-1.0
spheroid-4,18,,8.0,1.0,0.6,-1.0
spheroid-4,19,,8.0,1.0,0.6,-1.0
spheroid-4,20,,8.0,1.0,0.6,-1.0
spheroid-4,21,,8.0,1.0,0.6,-1.0
spheroid-4,22,,8.0,1.0,0.6,-1.0
spheroid-4,23,,8.0,1.0,0.6,-1.0
spheroid-4,24,,8.0,1.0,0.6,-1.0
spheroid-4,25,,8.0,1.0,0.6,-1.0
spheroid-4,26,,8.0,1.0,0.6,-1.0
spheroid-4,27,,8.0,1.0,0.6,-1.0
spheroid-4,28,,8.0,1.0,0.6,-1.0
spheroid-4,29,,8.0,1.0,0.6,-1.0
spheroid-4,30,,8.0,1.0,0.6,-1.0
spheroid-4,31,,8.0,1.0,0.6,-1.0
spheroid-4,32,,8.0,1.0,0.6,-1.0
spheroid-4,33,,8.0,1.0,0.6,-1.0
spheroid-4,34,,8.0,1.0,0.6,-1.0
spheroid-4,35,,8.0,1.0,0.6,-1.0
spheroid-4,36,,8.0,1.0,0.6,-1.0
spheroid-4,37,,8.0,1.0,0.6,-1.0
spheroid-4,38,,8.0,1.0,0.6,-1.0
spheroid-4,39,,8.0,1.0,0.6,-1.0
spheroid-4,40,,8.0,1.0,0.6,-1.0
spheroid-4,41,,8.0,1.0,0.6,-1.0
spheroid-4,42,,8.0,1.0,0.6,-1.0
spheroid-4,43,,8.0,1.0,0.6,-1.0
spheroid-4,44,,8.0,1.0,0.6,-1.0
spheroid-4,45,,8.0,1.0,0.6,-1.0
spheroid-4,46,,8.0,1.0,0.6,-1.0
spheroid-4,47,,8.0,1.0,0.6,-1.0
spheroid-4,48,,8.0,1.0,0.6,-1.0
spheroid-4,49,,8.0,1.0,0.6,-1.0
spheroid-4,50,,8.0,1.0,0.6,-1.0
spheroid-4,51,,8.0,1.0,0.6,-1.0
spheroid-4,52,,8.0,1.0,0.6,-1.0
spheroid-4,53,,8.0,1.0,0.6,-1.0
spheroid-4,54,,8.0,1.0,0.6,-1.0
spheroid-4,55,,8.0,1.0,0.6,-1.0
spheroid-4,56,,8.0,1.0,0.6,-1.0
spheroid-4,57,,8.0,1.0,0.6,-1.0
spheroid-4,58,,8.0,1.0,0.6,-1.0
spheroid-4,59,,8.0,1.0,0.6,-1.0
spheroid-4,60,,8.0,1.0,0.6,-1.0
spheroid-6,1,,8.0,1.0,0.18,-1.0
spheroid-6,4,,8.0,1.0,0.18,-1.0
spheroid-6,6,,8.0,1.0,0.18,-1.0
spheroid-6,7,,8.0,1.0,0.18,-1.0
spheroid-6,8,,8.0,1.0,0.18,-1.0
spheroid-6,9,,8.0,1.0,0.18,-1.0
spheroid-6,10,,8.0,1.0,0.18,-1.0
spheroid-6,11,,8.0,1.0,0.18,-1.0
spheroid-6,12,,8.0,1.0,0.18,-1.0
spheroid-6,13,,8.0,1.0,0.18,-1.0
spheroid-6,14,,8.0,1.0,0.18,-1.0
spheroid-6,15,,8.0,1.0,0.18,-1.0
spheroid-6,16,,8.0,1.0,0.18,-1.0
spheroid-6,17,,8.0,1.0,0.18,-1.0
spheroid-6,18,,8.0,1.0,0.18,-1.0
spheroid-6,19,,8.0,1.0,0.18,-1.0
spheroid-6,20,,8.0,1.0,0.18,-1.0
spheroid-6,21,,8.0,1.0,0.18,-1.0
spheroid-6,22,,8.0,1.0,0.18,-1.0
spheroid-6,23,,8.0,1.0,0.18,-1.0
spheroid-6,24,,8.0,1.0,0.18,-1.0
spheroid-6,25,,8.0,1.0,0.18,-1.0
spheroid-6,26,,8.0,1.0,0.18,-1.0
spheroid-6,27,,8.0,1.0,0.18,-1.0
spheroid-6,28,,8.0,1.0,0.18,-1.0
spheroid-6,29,,8.0,1.0,0.18,-1.0
spheroid-6,30,,8.0,1.0,0.18,-1.0
spheroid-6,31,,8.0,1.0,0.18,-1.0
spheroid-6,32,,8.0,1.0,0.18,-1.0
spheroid-6,33,,8.0,1.0,0.18,-1.0
spheroid-6,34,,8.0,1.0,0.18,-1.0
spheroid-6,35,,8.0,1.0,0.18,-1.0
spheroid-6,36,,8.0,1.0,0.18,-1.0
spheroid-6,37,,8.0,1.0,0.18,-1.0
spheroid-6,38,,8.0,1.0,0.18,-1.0
spheroid-6,39,,8.0,1.0,0.18,-1.0
spheroid-6,40,,8.0,1.0,0.18,-1.0
spheroid-6,41,,8.0,1.0,0.18,-1.0
spheroid-6,42,,8.0,1.0,0.18,-1.0
spheroid-6,43,,8.0,1.0,0.18,-1.0
spheroid-6,44,,8.0,1.0,0.18,-1.0
spheroid-6,45,,8.0,1.0,0.18,-1.0
spheroid-6,46,,8.0,1.0,0.18,-1.0
spheroid-6,47,,8.0,1.0,0.18,-1.0
spheroid-6,48,,8.0,1.0,0.18,-1.0
spheroid-6,49,,8.0,1.0,0.18,-1.0
spheroid-6,50,,8.0,1.0,0.18,-1.0
spheroid-6,51,,8.0,1.0,0.18,-1.0
spheroid-6,52,,8.0,1.0,0.18,-1.0
spheroid-6,53,,8.0,1.0,0.18,-1.0
spheroid-6,54,,8.0,1.0,0.18,-1.0
spheroid-6,55,,8.0,1.0,0.18,-1.0
spheroid-6,56,,8.0,1.0,0.18,-1.0
spheroid-6,57,,8.0,1.0,0.18,-1.0
spheroid-6,58,,8.0,1.0,0.18,-1.0
spheroid-6,59,,8.0,1.0,0.18,-1.0
spheroid-6,60,,8.0,1.0,0.18,-1.0
spheroid-7,8,,8.0,1.0,0.5,-1.0
spheroid-7,9,,8.0,1.0,0.5,-1.0
spheroid-7,10,,8.0,1.0,0.5,-1.0
spheroid-7,11,,8.0,1.0,0.5,-1.0
spheroid-7,12,,8.0,1.0,0.5,-1.0
spheroid-7,13,,8.0,1.0,0.5,-1.0
spheroid-7,14,,8.0,1.0,0.5,-1.0
spheroid-7,15,,8.0,1.0,0.5,-1.0
spheroid-7,16,,8.0,1.0,0.5,-1.0
spheroid-7,17,,8.0,1.0,0.5,-1.0
spheroid-7,18,,8.0,1.0,0.5,-1.0
spheroid-7,19,,8.0,1.0,0.5,-1.0
spheroid-7,20,,8.0,1.0,0.5,-1.0
spheroid-7,21,,8.0,1.0,0.5,-1.0
spheroid-7,22,,8.0,1.0,0.5,-1.0
spheroid-7,23,,8.0,1.0,0.5,-1.0
spheroid-7,24,,8.0,1.0,0.5,-1.0
spheroid-7,25,,8.0,1.0,0.5,-1.0
spheroid-7,26,,8.0,1.0,0.5,-1.0
spheroid-7,27,,8.0,1.0,0.5,-1.0
spheroid-7,28,,8.0,1.0,0.5,-1.0
spheroid-7,29,,8.0,1.0,0.5,-1.0
spheroid-7,30,,8.0,1.0,0.5,-1.0
spheroid-7,31,,8.0,1.0,0.5,-1.0
spheroid-7,32,,8.0,1.0,0.5,-1.0
spheroid-7,33,,8.0,1.0,0.5,-1.0
spheroid-7,34,,8.0,1.0,0.5,-1.0
spheroid-7,35,,8.0,1.0,0.5,-1.0
spheroid-7,36,,8.0,1.0,0.5,-1.0
spheroid-7,37,,8.0,1.0,0.5,-1.0
spheroid-7,38,,8.0,1.0,0.5,-1.0
spheroid-7,39,,8.0,1.0,0.5,-1.0
spheroid-7,40,,8.0,1.0,0.5,-1.0
spheroid-7,41,,8.0,1.0,0.5,-1.0
spheroid-7,42,,8.0,1.0,0.5,-1.0
spheroid-7,43,,8.0,1.0,0.5,-1.0
spheroid-7,44,,8.0,1.0,0.5,-1.0
spheroid-7,45,,8.0,1.0,0.5,-1.0
spheroid-7,46,,8.0,1.0,0.5,-1.0
spheroid-7,47,,8.0,1.0,0.5,-1.0
spheroid-7,48,,8.0,1.0,0.5,-1.0
spheroid-7,49,,8.0,1.0,0.5,-1.0
spheroid-7,50,,8.0,1.0,0.5,-1.0
spheroid-7,51,,8.0,1.0,0.5,-1.0
spheroid-7,52,,8.0,1.0,0.5,-1.0
spheroid-7,53,,8.0,1.0,0.5,-1.0
spheroid-7,54,,8.0,1.0,0.5,-1.0
spheroid-7,55,,8.0,1.0,0.5,-1.0
spheroid-7,56,,8.0,1.0,0.5,-1.0
spheroid-7,57,,8.0,1.0,0.5,-1.0
spheroid-7,58,,8.0,1.0,0.5,-1.0
spheroid-7,59,,8.0,1.0,0.5,-1.0
spheroid-7,60,,8.0,1.0,0.5,-1.0
spheroid-10,2,,4.0,14.0,0.04,-1.0
spheroid-10,3,,4.0,14.0,0.04,-1.0
spheroid-10,4,,4.0,14.0,0.04,-1.0
spheroid-10,5,,4.0,14.0,0.04,-1.0
spheroid-10,6,,4.0,14.0,0.04,-1.0
spheroid-10,7,,4.0,14.0,0.04,-1.0
spheroid-10,8,,4.0,14.0,0.04,-1.0
spheroid-10,9,,4.0,14.0,0.04,-1.0
spheroid-10,10,,4.0,14.0,0.04,-1.0
spheroid-10,11,,4.0,14.0,0.04,-1.0
spheroid-10,12,,4.0,14.0,0.04,-1.0
spheroid-10,13,,4.0,14.0,0.04,-1.0
spheroid-10,14,,4.0,14.0,0.04,-1.0
spheroid-10,15,,4.0,14.0,0.04,-1.0
spheroid-10,16,,4.0,14.0,0.04,-1.0
spheroid-10,17,,4.0,14.0,0.04,-1.0
spheroid-10,18,,4.0,14.0,0.04,-1.0
spheroid-10,19,,4.0,14.0,0.04,-1.0
spheroid-10,20,,4.0,14.0,0.04,-1.0
spheroid-10,21,,4.0,14.0,0.04,-1.0
spheroid-10,22,,4.0,14.0,0.04,-1.0
spheroid-10,23,,4.0,14.0,0.04,-1.0
spheroid-10,24,,4.0,14.0,0.04,-1.0
spheroid-10,25,,4.0,14.0,0.04,-1.0
spheroid-10,26,,4.0,14.0,0.04,-1.0
spheroid-10,27,,4.0,14.0,0.04,-1.0
spheroid-10,28,,4.0,14.0,0.04,-1.0
spheroid-10,29,,4.0,14.0,0.04,-1.0
spheroid-10,30,,4.0,14.0,0.04,-1.0
spheroid-10,31,,4.0,14.0,0.04,-1.0
spheroid-10,32,,4.0,14.0,0.04,-1.0
spheroid-10,33,,4.0,14.0,0.04,-1.0
spheroid-10,34,,4.0,14.0,0.04,-1.0
spheroid-10,35,,4.0,14.0,0.04,-1.0
spheroid-10,36,,4.0,14.0,0.04,-1.0
spheroid-10,37,,4.0,14.0,0.04,-1.0
spheroid-10,38,,4.0,14.0,0.04,-1.0
spheroid-10,39,,4.0,14.0,0.04,-1.0
spheroid-10,40,,4.0,14.0,0.04,-1.0
spheroid-10,41,,4.0,14.0,0.04,-1.0
spheroid-10,42,,4.0,14.0,0.04,-1.0
spheroid-10,43,,4.0,14.0,0.04,-1.0
spheroid-10,44,,4.0,14.0,0.04,-1.0
spheroid-10,45,,4.0,14.0,0.04,-1.0
spheroid-10,46,,4.0,14.0,0.04,-1.0
spheroid-10,47,,4.0,14.0,0.04,-1.0
spheroid-10,48,,4.0,14.0,0.04,-1.0
spheroid-10,49,,4.0,14.0,0.04,-1.0
spheroid-10,50,,4.0,14.0,0.04,-1.0
spheroid-10,51,,4.0,14.0,0.04,-1.0
spheroid-10,52,,4.0,14.0,0.04,-1.0
spheroid-10,53,,4.0,14.0,0.04,-1.0
spheroid-10,54,,4.0,14.0,0.04,-1.0
spheroid-10,55,,4.0,14.0,0.04,-1.0
spheroid-10,56,,4.0,14.0,0.04,-1.0
spheroid-10,57,,4.0,14.0,0.04,-1.0
spheroid-10,58,,4.0,14.0,0.04,-1.0
spheroid-10,59,,4.0,14.0,0.04,-1.0
spheroid-10,60,,4.0,14.0,0.04,-1.0
spheroid-13,2,,8.0,1.0,0.2,-1.0
spheroid-13,4,,8.0,1.0,0.2,-1.0
spheroid-13,5,,8.0,1.0,0.2,-1.0
spheroid-13,6,,8.0,1.0,0.2,-1.0
spheroid-13,7,,8.0,1.0,0.2,-1.0
spheroid-13,8,,8.0,1.0,0.2,-1.0
spheroid-13,10,,8.0,1.0,0.2,-1.0
spheroid-13,11,,8.0,1.0,0.2,-1.0
spheroid-13,13,,8.0,1.0,0.2,-1.0
spheroid-13,14,,8.0,1.0,0.2,-1.0
spheroid-13,16,,8.0,1.0,0.2,-1.0
spheroid-13,17,,8.0,1.0,0.2,-1.0
spheroid-13,19,,8.0,1.0,0.2,-1.0
spheroid-13,20,,8.0,1.0,0.2,-1.0
spheroid-13,21,,8.0,1.0,0.2,-1.0
spheroid-13,23,,8.0,1.0,0.2,-1.0
spheroid-13,24,,8.0,1.0,0.2,-1.0
spheroid-13,25,,8.0,1.0,0.2,-1.0
spheroid-13,26,,8.0,1.0,0.2,-1.0
spheroid-13,27,,8.0,1.0,0.2,-1.0
spheroid-13,28,,8.0,1.0,0.2,-1.0
spheroid-13,30,,8.0,1.0,0.2,-1.0
spheroid-13,31,,8.0,1.0,0.2,-1.0
spheroid-13,32,,8.0,1.0,0.2,-1.0
spheroid-13,33,,8.0,1.0,0.2,-1.0
spheroid-13,34,,8.0,1.0,0.2,-1.0
spheroid-13,35,,8.0,1.0,0.2,-1.0
spheroid-13,36,,8.0,1.0,0.2,-1.0
spheroid-13,37,,8.0,1.0,0.2,-1.0
spheroid-13,38,,8.0,1.0,0.2,-1.0
spheroid-13,39,,8.0,1.0,0.2,-1.0
spheroid-13,40,,8.0,1.0,0.2,-1.0
spheroid-13,41,,8.0,1.0,0.2,-1.0
spheroid-13,42,,8.0,1.0,0.2,-1.0
spheroid-13,43,,8.0,1.0,0.2,-1.0
spheroid-13,44,,8.0,1.0,0.2,-1.0
spheroid-13,45,,8.0,1.0,0.2,-1.0
spheroid-13,46,,8.0,1.0,0.2,-1.0
spheroid-13,47,,8.0,1.0,0.2,-1.0
spheroid-13,48,,8.0,1.0,0.2,-1.0
spheroid-13,49,,8.0,1.0,0.2,-1.0
spheroid-13,50,,8.0,1.0,0.2,-1.0
spheroid-13,51,,8.0,1.0,0.2,-1.0
spheroid-13,52,,8.0,1.0,0.2,-1.0
spheroid-13,53,,8.0,1.0,0.2,-1.0
spheroid-13,54,,8.0,1.0,0.2,-1.0
spheroid-13,55,,8.0,1.0,0.2,-1.0
spheroid-13,56,,8.0,1.0,0.2,-1.0
spheroid-13,57,,8.0,1.0,0.2,-1.0
spheroid-13,58,,8.0,1.0,0.2,-1.0
spheroid-13,59,,8.0,1.0,0.2,-1.0
spheroid-13,60,,8.0,1.0,0.2,-1.0
chip-1,1,,4.5,-1.0,1.14,1.14
chip-1,2,,4.5,-1.0,1.14,1.14
chip-1,4,,4.5,-1.0,1.14,1.14
chip-1,6,,4.5,-1.0,1.14,1.14
chip-1,8,,4.5,-1.0,1.14,1.14
chip-1,9,,4.5,-1.0,1.14,1.14
chip-1,10,,4.5,-1.0,1.14,1.14
chip-1,11,,4.5,-1.0,1.14,1.14
chip-1,12,,4.5,-1.0,1.14,1.14
chip-1,13,,4.5,-1.0,1.14,1.14
chip-1,14,,4.5,-1.0,1.14,1.14
chip-1,15,,4.5,-1.0,1.14,1.14
chip-1,16,,4.5,-1.0,1.14,1.14
chip-1,17,,4.5,-1.0,1.14,1.14
chip-1,18,,4.5,-1.0,1.14,1.14
chip-1,19,,4.5,-1.0,1.14,1.14
chip-1,20,,4.5,-1.0,1.14,1.14
chip-1,21,,4.5,-1.0,1.14,1.14
chip-1,22,,4.5,-1.0,1.14,1.14
chip-1,23,,4.5,-1.0,1.14,1.14
chip-1,24,,4.5,-1.0,1.14,1.14
chip-1,25,,4.5,-1.0,1.14,1.14
chip-1,26,,4.5,-1.0,1.14,1.14
chip-1,27,,4.5,-1.0,1.14,1.14
chip-1,28,,4.5,-1.0,1.14,1.14
chip-1,29,,4.5,-1.0,1.14,1.14
chip-1,30,,4.5,-1.0,1.14,1.14
chip-1,31,,4.5,-1.0,1.14,1.14
chip-1,32,,4.5,-1.0,1.14,1.14
chip-1,33,,4.5,-1.0,1.14,1.14
chip-1,34,,4.5,-1.0,1.14,1.14
chip-1,35,,4.5,-1.0,1.14,1.14
chip-1,36,,4.5,-1.0,1.14,1.14
chip-1,37,,4.5,-1.0,1.14,1.14
chip-1,38,,4.5,-1.0,1.14,1.14
chip-1,39,,4.5,-1.0,1.14,1.14
chip-1,40,,4.5,-1.0,1.14,1.14
chip-1,41,,4.5,-1.0,1.14,1.14
chip-1,42,,4.5,-1.0,1.14,1.14
chip-1,43,,4.5,-1.0,1.14,1.14
chip-1,44,,4.5,-1.0,1.14,1.14
chip-1,45,,4.5,-1.0,1.14,1.14
chip-1,46,,4.5,-1.0,1.14,1.14
chip-1,47,,4.5,-1.0,1.14,1.14
chip-1,48,,4.5,-1.0,1.14,1.14
chip-1,49,,4.5,-1.0,1.14,1.14
chip-1,50,,4.5,-1.0,1.14,1.14
chip-1,51,,4.5,-1.0,1.14,1.14
chip-1,52,,4.5,-1.0,1.14,1.14
chip-1,53,,4.5,-1.0,1.14,1.14
chip-1,54,,4.5,-1.0,1.14,1.14
chip-1,55,,4.5,-1.0,1.14,1.14
chip-1,56,,4.5,-1.0,1.14,1.14
chip-1,57,,4.5,-1.0,1.14,1.14
chip-1,58,,4.5,-1.0,1.14,1.14
chip-1,59,,4.5,-1.0,1.14,1.14
chip-1,60,,4.5,-1.0,1.14,1.14
chip-3,4,,10.0,-1.0,0.1,-1.0
chip-3,5,,10.0,-1.0,0.1,-1.0
chip-3,6,,10.0,-1.0,0.1,-1.0
chip-3,7,,10.0,-1.0,0.1,-1.0
chip-3,8,,10.0,-1.0,0.1,-1.0
chip-3,9,,10.0,-1.0,0.1,-1.0
chip-3,10,,10.0,-1.0,0.1,-1.0
chip-3,11,,10.0,-1.0,0.1,-1.0
chip-3,12,,10.0,-1.0,0.1,-1.0
chip-3,13,,10.0,-1.0,0.1,-1.0
chip-3,14,,10.0,-1.0,0.1,-1.0
chip-3,15,,10.0,-1.0,0.1,-1.0
chip-3,16,,10.0,-1.0,0.1,-1.0
chip-3,17,,10.0,-1.0,0.1,-1.0
chip-3,18,,10.0,-1.0,0.1,-1.0
chip-3,19,,10.0,-1.0,0.1,-1.0
chip-3,20,,10.0,-1.0,0.1,-1.0
chip-3,21,,10.0,-1.0,0.1,-1.0
chip-3,22,,10.0,-1.0,0.1,-1.0
chip-3,23,,10.0,-1.0,0.1,-1.0
chip-3,24,,10.0,-1.0,0.1,-1.0
chip-3,25,,10.0,-1.0,0.1,-1.0
chip-3,26,,10.0,-1.0,0.1,-1.0
chip-3,27,,10.0,-1.0,0.1,-1.0
chip-3,28,,10.0,-1.0,0.1,-1.0
chip-3,29,,10.0,-1.0,0.1,-1.0
chip-3,30,,10.0,-1.0,0.1,-1.0
chip-3,31,,10.0,-1.0,0.1,-1.0
chip-3,32,,10.0,-1.0,0.1,-1.0
chip-3,33,,10.0,-1.0,0.1,-1.0
chip-3,34,,10.0,-1.0,0.1,-1.0
chip-3,35,,10.0,-1.0,0.1,-1.0
chip-3,36,,10.0,-1.0,0.1,-1.0
chip-3,37,,10.0,-1.0,0.1,-1.0
chip-3,38,,10.0,-1.0,0.1,-1.0
chip-3,39,,10.0,-1.0,0.1,-1.0
chip-3,40,,10.0,-1.0,0.1,-1.0
chip-3,41,,10.0,-1.0,0.1,-1.0
chip-3,42,,10.0,-1.0,0.1,-1.0
chip-3,43,,10.0,-1.0,0.1,-1.0
chip-3,44,,10.0,-1.0,0.1,-1.0
chip-3,45,,10.0,-1.0,0.1,-1.0
chip-3,46,,10.0,-1.0,0.1,-1.0
chip-3,47,,10.0,-1.0,0.1,-1.0
chip-3,48,,10.0,-1.0,0.1,-1.0
chip-3,49,,10.0,-1.0,0.1,-1.0
chip-3,50,,10.0,-1.0,0.1,-1.0
chip-3,51,,10.0,-1.0,0.1,-1.0
chip-3,52,,10.0,-1.0,0.1,-1.0
chip-3,53,,10.0,-1.0,0.1,-1.0
chip-3,54,,10.0,-1.0,0.1,-1.0
chip-3,55,,10.0,-1.0,0.1,-1.0
chip-3,56,,10.0,-1.0,0.1,-1.0
chip-3,57,,10.0,-1.0,0.1,-1.0
chip-3,58,,10.0,-1.0,0.1,-1.0
chip-3,59,,10.0,-1.0,0.1,-1.0
chip-3,60,,10.0,-1.0,0.1,-1.0
chip-4,1,,8.0,1.0,0.2,-1.0
chip-4,3,,8.0,1.0,0.2,-1.0
chip-4,4,,8.0,1.0,0.2,-1.0
chip-4,6,,8.0,1.0,0.2,-1.0
chip-4,7,,8.0,1.0,0.2,-1.0
chip-4,8,,8.0,1.0,0.2,-1.0
chip-4,10,,8.0,1.0,0.2,-1.0
chip-4,11,,8.0,1.0,0.2,-1.0
chip-4,12,,8.0,1.0,0.2,-1.0
chip-4,14,,8.0,1.0,0.2,-1.0
chip-4,15,,8.0,1.0,0.2,-1.0
chip-4,16,,8.0,1.0,0.2,-1.0
chip-4,17,,8.0,1.0,0.2,-1.0
chip-4,18,,8.0,1.0,0.2,-1.0
chip-4,19,,8.0,1.0,0.2,-1.0
chip-4,20,,8.0,1.0,0.2,-1.0
chip-4,21,,8.0,1.0,0.2,-1.0
chip-4,22,,8.0,1.0,0.2,-1.0
chip-4,23,,8.0,1.0,0.2,-1.0
chip-4,24,,8.0,1.0,0.2,-1.0
chip-4,25,,8.0,1.0,0.2,-1.0
chip-4,26,,8.0,1.0,0.2,-1.0
chip-4,27,,8.0,1.0,0.2,-1.0
chip-4,28,,8.0,1.0,0.2,-1.0
chip-4,29,,8.0,1.0,0.2,-1.0
chip-4,30,,8.0,1.0,0.2,-1.0
chip-4,31,,8.0,1.0,0.2,-1.0
chip-4,32,,8.0,1.0,0.2,-1.0
chip-4,33,,8.0,1.0,0.2,-1.0
chip-4,34,,8.0,1.0,0.2,-1.0
chip-4,35,,8.0,1.0,0.2,-1.0
chip-4,36,,8.0,1.0,0.2,-1.0
chip-4,37,,8.0,1.0,0.2,-1.0
chip-4,38,,8.0,1.0,0.2,-1.0
chip-4,39,,8.0,1.0,0.2,-1.0
chip-4,40,,8.0,1.0,0.2,-1.0
chip-4,41,,8.0,1.0,0.2,-1.0
chip-4,42,,8.0,1.0,0.2,-1.0
chip-4,43,,8.0,1.0,0.2,-1.0
chip-4,44,,8.0,1.0,0.2,-1.0
chip-4,45,,8.0,1.0,0.2,-1.0
chip-4,46,,8.0,1.0,0.2,-1.0
chip-4,47,,8.0,1.0,0.2,-1.0
chip-4,48,,8.0,1.0,0.2,-1.0
chip-4,49,,8.0,1.0,0.2,-1.0
chip-4,50,,8.0,1.0,0.2,-1.0
chip-4,51,,8.0,1.0,0.2,-1.0
chip-4,52,,8.0,1.0,0.2,-1.0
chip-4,53,,8.0,1.0,0.2,-1.0
chip-4,54,,8.0,1.0,0.2,-1.0
chip-4,55,,8.0,1.0,0.2,-1.0
chip-4,56,,8.0,1.0,0.2,-1.0
chip-4,57,,8.0,1.0,0.2,-1.0
chip-4,58,,8.0,1.0,0.2,-1.0
chip-4,59,,8.0,1.0,0.2,-1.0
chip-4,60,,8.0,1.0,0.2,-1.0
chip-5,1,,8.0,-1.0,1.0,-1.0
chip-5,2,,8.0,-1.0,1.0,-1.0
chip-5,4,,8.0,-1.0,1.0,-1.0
chip-5,5,,8.0,-1.0,1.0,-1.0
chip-5,6,,8.0,-1.0,1.0,-1.0
chip-5,8,,8.0,-1.0,1.0,-1.0
chip-5,9,,8.0,-1.0,1.0,-1.0
chip-5,10,,8.0,-1.0,1.0,-1.0
chip-5,11,,8.0,-1.0,1.0,-1.0
chip-5,12,,8.0,-1.0,1.0,-1.0
chip-5,13,,8.0,-1.0,1.0,-1.0
chip-5,14,,8.0,-1.0,1.0,-1.0
chip-5,15,,8.0,-1.0,1.0,-1.0
chip-5,16,,8.0,-1.0,1.0,-1.0
chip-5,17,,8.0,-1.0,1.0,-1.0
chip-5,18,,8.0,-1.0,1.0,-1.0
chip-5,19,,8.0,-1.0,1.0,-1.0
chip-5,20,,8.0,-1.0,1.0,-1.0
chip-5,21,,8.0,-1.0,1.0,-1.0
chip-5,22,,8.0,-1.0,1.0,-1.0
chip-5,23,,8.0,-1.0,1.0,-1.0
chip-5,24,,8.0,-1.0,1.0,-1.0
chip-5,25,,8.0,-1.0,1.0,-1.0
chip-5,26,,8.0,-1.0,1.0,-1.0
chip-5,27,,8.0,-1.0,1.0,-1.0
chip-5,28,,8.0,-1.0,1.0,-1.0
chip-5,29,,8.0,-1.0,1.0,-1.0
chip-5,30,,8.0,-1.0,1.0,-1.0
chip-5,31,,8.0,-1.0,1.0,-1.0
chip-5,32,,8.0,-1.0,1.0,-1.0
chip-5,33,,8.0,-1.0,1.0,-1.0
chip-5,34,,8.0,-1.0,1.0,-1.0
chip-5,35,,8.0,-1.0,1.0,-1.0
chip-5,36,,8.0,-1.0,1.0,-1.0
chip-5,37,,8.0,-1.0,1.0,-1.0
chip-5,38,,8.0,-1.0,1.0,-1.0
chip-5,39,,8.0,-1.0,1.0,-1.0
chip-5,40,,8.0,-1.0,1.0,-1.0
chip-5,41,,8.0,-1.0,1.0,-1.0
chip-5,42,,8.0,-1.0,1.0,-1.0
chip-5,43,,8.0,-1.0,1.0,-1.0
chip-5,44,,8.0,-1.0,1.0,-1.0
chip-5,45,,8.0,-1.0,1.0,-1.0
chip-5,46,,8.0,-1.0,1.0,-1.0
chip-5,47,,8.0,-1.0,1.0,-1.0
chip-5,48,,8.0,-1.0,1.0,-1.0
chip-5,49,,8.0,-1.0,1.0,-1.0
chip-5,50,,8.0,-1.0,1.0,-1.0
chip-5,51,,8.0,-1.0,1.0,-1.0
chip-5,52,,8.0,-1.0,1.0,-1.0
chip-5,53,,8.0,-1.0,1.0,-1.0
chip-5,54,,8.0,-1.0,1.0,-1.0
chip-5,55,,8.0,-1.0,1.0,-1.0
chip-5,56,,8.0,-1.0,1.0,-1.0
chip-5,57,,8.0,-1.0,1.0,-1.0
chip-5,58,,8.0,-1.0,1.0,-1.0
chip-5,59,,8.0,-1.0,1.0,-1.0
chip-5,60,,8.0,-1.0,1.0,-1.0
chip-6,1,,8.0,1.0,0.6,-1.0
chip-6,2,,8.0,1.0,0.6,-1.0
chip-6,4,,8.0,1.0,0.6,-1.0
chip-6,6,,8.0,1.0,0.6,-1.0
chip-6,8,,8.0,1.0,0.6,-1.0
chip-6,9,,8.0,1.0,0.6,-1.0
chip-6,11,,8.0,1.0,0.6,-1.0
chip-6,12,,8.0,1.0,0.6,-1.0
chip-6,13,,8.0,1.0,0.6,-1.0
chip-6,14,,8.0,1.0,0.6,-1.0
chip-6,15,,8.0,1.0,0.6,-1.0
chip-6,16,,8.0,1.0,0.6,-1.0
chip-6,17,,8.0,1.0,0.6,-1.0
chip-6,18,,8.0,1.0,0.6,-1.0
chip-6,19,,8.0,1.0,0.6,-1.0
chip-6,20,,8.0,1.0,0.6,-1.0
chip-6,21,,8.0,1.0,0.6,-1.0
chip-6,22,,8.0,1.0,0.6,-1.0
chip-6,23,,8.0,1.0,0.6,-1.0
chip-6,24,,8.0,1.0,0.6,-1.0
chip-6,25,,8.0,1.0,0.6,-1.0
chip-6,26,,8.0,1.0,0.6,-1.0
chip-6,27,,8.0,1.0,0.6,-1.0
chip-6,28,,8.0,1.0,0.6,-1.0
chip-6,29,,8.0,1.0,0.6,-1.0
chip-6,30,,8.0,1.0,0.6,-1.0
chip-6,31,,8.0,1.0,0.6,-1.0
chip-6,32,,8.0,1.0,0.6,-1.0
chip-6,33,,8.0,1.0,0.6,-1.0
chip-6,34,,8.0,1.0,0.6,-1.0
chip-6,35,,8.0,1.0,0.6,-1.0
chip-6,36,,8.0,1.0,0.6,-1.0
chip-6,37,,8.0,1.0,0.6,-1.0
chip-6,38,,8.0,1.0,0.6,-1.0
chip-6,39,,8.0,1.0,0.6,-1.0
chip-6,40,,8.0,1.0,0.6,-1.0
chip-6,41,,8.0,1.0,0.6,-1.0
chip-6,42,,8.0,1.0,0.6,-1.0
chip-6,43,,8.0,1.0,0.6,-1.0
chip-6,44,,8.0,1.0,0.6,-1.0
chip-6,45,,8.0,1.0,0.6,-1.0
chip-6,46,,8.0,1.0,0.6,-1.0
chip-6,47,,8.0,1.0,0.6,-1.0
chip-6,48,,8.0,1.0,0.6,-1.0
chip-6,49,,8.0,1.0,0.6,-1.0
chip-6,50,,8.0,1.0,0.6,-1.0
chip-6,51,,8.0,1.0,0.6,-1.0
chip-6,52,,8.0,1.0,0.6,-1.0
chip-6,53,,8.0,1.0,0.6,-1.0
chip-6,54,,8.0,1.0,0.6,-1.0
chip-6,55,,8.0,1.0,0.6,-1.0
chip-6,56,,8.0,1.0,0.6,-1.0
chip-6,57,,8.0,1.0,0.6,-1.0
chip-6,58,,8.0,1.0,0.6,-1.0
chip-6,59,,8.0,1.0,0.6,-1.0
chip-6,60,,8.0,1.0,0.6,-1.0
chip-10-1,11,,8.0,4.1,2.75,-1.0
chip-10-1,12,,8.0,4.1,2.75,-1.0
chip-10-1,13,,8.0,4.1,2.75,-1.0
chip-10-1,14,,8.0,4.1,2.75,-1.0
chip-10-1,15,,8.0,4.1,2.75,-1.0
chip-10-1,16,,8.0,4.1,2.75,-1.0
chip-10-1,17,,8.0,4.1,2.75,-1.0
chip-10-1,18,,8.0,4.1,2.75,-1.0
chip-10-1,19,,8.0,4.1,2.75,-1.0
chip-10-1,20,,8.0,4.1,2.75,-1.0
chip-10-1,21,,8.0,4.1,2.75,-1.0
chip-10-1,22,,8.0,4.1,2.75,-1.0
chip-10-1,23,,8.0,4.1,2.75,-1.0
chip-10-1,24,,8.0,4.1,2.75,-1.0
chip-10-1,25,,8.0,4.1,2.75,-1.0
chip-10-1,26,,8.0,4.1,2.75,-1.0
chip-10-1,27,,8.0,4.1,2.75,-1.0
chip-10-1,28,,8.0,4.1,2.75,-1.0
chip-10-1,29,,8.0,4.1,2.75,-1.0
chip-10-1,30,,8.0,4.1,2.75,-1.0
chip-10-1,31,,8.0,4.1,2.75,-1.0
chip-10-1,32,,8.0,4.1,2.75,-1.0
chip-10-1,33,,8.0,4.1,2.75,-1.0
chip-10-1,34,,8.0,4.1,2.75,-1.0
chip-10-1,35,,8.0,4.1,2.75,-1.0
chip-10-1,36,,8.0,4.1,2.75,-1.0
chip-10-1,37,,8.0,4.1,2.75,-1.0
chip-10-1,38,,8.0,4.1,2.75,-1.0
chip-10-1,39,,8.0,4.1,2.75,-1.0
chip-10-1,40,,8.0,4.1,2.75,-1.0
chip-10-1,41,,8.0,4.1,2.75,-1.0
chip-10-1,42,,8.0,4.1,2.75,-1.0
chip-10-1,43,,8.0,4.1,2.75,-1.0
chip-10-1,44,,8.0,4.1,2.75,-1.0
chip-10-1,45,,8.0,4.1,2.75,-1.0
chip-10-1,46,,8.0,4.1,2.75,-1.0
chip-10-1,47,,8.0,4.1,2.75,-1.0
chip-10-1,48,,8.0,4.1,2.75,-1.0
chip-10-1,49,,8.0,4.1,2.75,-1.0
chip-10-1,50,,8.0,4.1,2.75,-1.0
chip-10-1,51,,8.0,4.1,2.75,-1.0
chip-10-1,52,,8.0,4.1,2.75,-1.0
chip-10-1,53,,8.0,4.1,2.75,-1.0
chip-10-1,54,,8.0,4.1,2.75,-1.0
chip-10-1,55,,8.0,4.1,2.75,-1.0
chip-10-1,56,,8.0,4.1,2.75,-1.0
chip-10-1,57,,8.0,4.1,2.75,-1.0
chip-10-1,58,,8.0,4.1,2.75,-1.0
chip-10-1,59,,8.0,4.1,2.75,-1.0
chip-10-1,60,,8.0,4.1,2.75,-1.0
chip-10-2,11,,8.0,4.105,2.75,-1.0
chip-10-2,12,,8.0,4.105,2.75,-1.0
chip-10-2,13,,8.0,4.105,2.75,-1.0
chip-10-2,14,,8.0,4.105,2.75,-1.0
chip-10-2,15,,8.0,4.105,2.75,-1.0
chip-10-2,16,,8.0,4.105,2.75,-1.0
chip-10-2,17,,8.0,4.105,2.75,-1.0
chip-10-2,18,,8.0,4.105,2.75,-1.0
chip-10-2,19,,8.0,4.105,2.75,-1.0
chip-10-2,20,,8.0,4.105,2.75,-1.0
chip-10-2,21,,8.0,4.105,2.75,-1.0
chip-10-2,22,,8.0,4.105,2.75,-1.0
chip-10-2,23,,8.0,4.105,2.75,-1.0
chip-10-2,24,,8.0,4.105,2.75,-1.0
chip-10-2,25,,8.0,4.105,2.75,-1.0
chip-10-2,26,,8.0,4.105,2.75,-1.0
chip-10-2,27,,8.0,4.105,2.75,-1.0
chip-10-2,28,,8.0,4.105,2.75,-1.0
chip-10-2,29,,8.0,4.105,2.75,-1.0
chip-10-2,30,,8.0,4.105,2.75,-1.0
chip-10-2,31,,8.0,4.105,2.75,-1.0
chip-10-2,32,,8.0,4.105,2.75,-1.0
chip-10-2,33,,8.0,4.105,2.75,-1.0
chip-10-2,34,,8.0,4.105,2.75,-1.0
chip-10-2,35,,8.0,4.105,2.75,-1.0
chip-10-2,36,,8.0,4.105,2.75,-1.0
chip-10-2,37,,8.0,4.105,2.75,-1.0
chip-10-2,38,,8.0,4.105,2.75,-1.0
chip-10-2,39,,8.0,4.105,2.75,-1.0
chip-10-2,40,,8.0,4.105,2.75,-1.0
chip-10-2,41,,8.0,4.105,2.75,-1.0
chip-10-2,42,,8.0,4.105,2.75,-1.0
chip-10-2,43,,8.0,4.105,2.75,-1.0
chip-10-2,44,,8.0,4.105,2.75,-1.0
chip-10-2,45,,8.0,4.105,2.75,-1.0
chip-10-2,46,,8.0,4.105,2.75,-1.0
chip-10-2,47,,8.0,4.105,2.75,-1.0
chip-10-2,48,,8.0,4.105,2.75,-1.0
chip-10-2,49,,8.0,4.105,2.75,-1.0
chip-10-2,50,,8.0,4.105,2.75,-1.0
chip-10-2,51,,8.0,4.105,2.75,-1.0
chip-10-2,52,,8.0,4.105,2.75,-1.0
chip-10-2,53,,8.0,4.105,2.75,-1.0
chip-10-2,54,,8.0,4.105,2.75,-1.0
chip-10-2,55,,8.0,4.105,2.75,-1.0
chip-10-2,56,,8.0,4.105,2.75,-1.0
chip-10-2,57,,8.0,4.105,2.75,-1.0
chip-10-2,58,,8.0,4.105,2.75,-1.0
chip-10-2,59,,8.0,4.105,2.75,-1.0
chip-10-2,60,,8.0,4.105,2.75,-1.0
chip-10-3,11,,1.26,4.1,2.75,0.8
chip-10-3,12,,1.26,4.1,2.75,0.8
chip-10-3,13,,1.26,4.1,2.75,0.8
chip-10-3,14,,1.26,4.1,2.75,0.8
chip-10-3,15,,1.26,4.1,2.75,0.8
chip-10-3,16,,1.26,4.1,2.75,0.8
chip-10-3,17,,1.26,4.1,2.75,0.8
chip-10-3,18,,1.26,4.1,2.75,0.8
chip-10-3,19,,1.26,4.1,2.75,0.8
chip-10-3,20,,1.26,4.1,2.75,0.8
chip-10-3,21,,1.26,4.1,2.75,0.8
chip-10-3,22,,1.26,4.1,2.75,0.8
chip-10-3,23,,1.26,4.1,2.75,0.8
chip-10-3,24,,1.26,4.1,2.75,0.8
chip-10-3,25,,1.26,4.1,2.75,0.8
chip-10-3,26,,1.26,4.1,2.75,0.8
chip-10-3,27,,1.26,4.1,2.75,0.8
chip-10-3,28,,1.26,4.1,2.75,0.8
chip-10-3,29,,1.26,4.1,2.75,0.8
chip-10-3,30,,1.26,4.1,2.75,0.8
chip-10-3,31,,1.26,4.1,2.75,0.8
chip-10-3,32,,1.26,4.1,2.75,0.8
chip-10-3,33,,1.26,4.1,2.75,0.8
chip-10-3,34,,1.26,4.1,2.75,0.8
chip-10-3,35,,1.26,4.1,2.75,0.8
chip-10-3,36,,1.26,4.1,2.75,0.8
chip-10-3,37,,1.26,4.1,2.75,0.8
chip-10-3,38,,1.26,4.1,2.75,0.8
chip-10-3,39,,1.26,4.1,2.75,0.8
chip-10-3,40,,1.26,4.1,2.75,0.8
chip-10-3,41,,1.26,4.1,2.75,0.8
chip-10-3,42,,1.26,4.1,2.75,0.8
chip-10-3,43,,1.26,4.1,2.75,0.8
chip-10-3,44,,1.26,4.1,2.75,0.8
chip-10-3,45,,1.26,4.1,2.75,0.8
chip-10-3,46,,1.26,4.1,2.75,0.8
chip-10-3,47,,1.26,4.1,2.75,0.8
chip-10-3,48,,1.26,4.1,2.75,0.8
chip-10-3,49,,1.26,4.1,2.75,0.8
chip-10-3,50,,1.26,4.1,2.75,0.8
chip-10-3,51,,1.26,4.1,2.75,0.8
chip-10-3,52,,1.26,4.1,2.75,0.8
chip-10-3,53,,1.26,4.1,2.75,0.8
chip-10-3,54,,1.26,4.1,2.75,0.8
chip-10-3,55,,1.26,4.1,2.75,0.8
chip-10-3,56,,1.26,4.1,2.75,0.8
chip-10-3,57,,1.26,4.1,2.75,0.8
chip-10-3,58,,1.26,4.1,2.75,0.8
chip-10-3,59,,1.26,4.1,2.75,0.8
chip-10-3,60,,1.26,4.1,2.75,0.8
chip-10-4,11,,1.26,4.105,2.75,0.8
chip-10-4,12,,1.26,4.105,2.75,0.8
chip-10-4,13,,1.26,4.105,2.75,0.8
chip-10-4,14,,1.26,4.105,2.75,0.8
chip-10-4,15,,1.26,4.105,2.75,0.8
chip-10-4,16,,1.26,4.105,2.75,0.8
chip-10-4,17,,1.26,4.105,2.75,0.8
chip-10-4,18,,1.26,4.105,2.75,0.8
chip-10-4,19,,1.26,4.105,2.75,0.8
chip-10-4,20,,1.26,4.105,2.75,0.8
chip-10-4,21,,1.26,4.105,2.75,0.8
chip-10-4,22,,1.26,4.105,2.75,0.8
chip-10-4,23,,1.26,4.105,2.75,0.8
chip-10-4,24,,1.26,4.105,2.75,0.8
chip-10-4,25,,1.26,4.105,2.75,0.8
chip-10-4,26,,1.26,4.105,2.75,0.8
chip-10-4,27,,1.26,4.105,2.75,0.8
chip-10-4,28,,1.26,4.105,2.75,0.8
chip-10-4,29,,1.26,4.105,2.75,0.8
chip-10-4,30,,1.26,4.105,2.75,0.8
chip-10-4,31,,1.26,4.105,2.75,0.8
chip-10-4,32,,1.26,4.105,2.75,0.8
chip-10-4,33,,1.26,4.105,2.75,0.8
chip-10-4,34,,1.26,4.105,2.75,0.8
chip-10-4,35,,1.26,4.105,2.75,0.8
chip-10-4,36,,1.26,4.105,2.75,0.8
chip-10-4,37,,1.26,4.105,2.75,0.8
chip-10-4,38,,1.26,4.105,2.75,0.8
chip-10-4,39,,1.26,4.105,2.75,0.8
chip-10-4,40,,1.26,4.105,2.75,0.8
chip-10-4,41,,1.26,4.105,2.75,0.8
chip-10-4,42,,1.26,4.105,2.75,0.8
chip-10-4,43,,1.26,4.105,2.75,0.8
chip-10-4,44,,1.26,4.105,2.75,0.8
chip-10-4,45,,1.26,4.105,2.75,0.8
chip-10-4,46,,1.26,4.105,2.75,0.8
chip-10-4,47,,1.26,4.105,2.75,0.8
chip-10-4,48,,1.26,4.105,2.75,0.8
chip-10-4,49,,1.26,4.105,2.75,0.8
chip-10-4,50,,1.26,4.105,2.75,0.8
chip-10-4,51,,1.26,4.105,2.75,0.8
chip-10-4,52,,1.26,4.105,2.75,0.8
chip-10-4,53,,1.26,4.105,2.75,0.8
chip-10-4,54,,1.26,4.105,2.75,0.8
chip-10-4,55,,1.26,4.105,2.75,0.8
chip-10-4,56,,1.26,4.105,2.75,0.8
chip-10-4,57,,1.26,4.105,2.75,0.8
chip-10-4,58,,1.26,4.105,2.75,0.8
chip-10-4,59,,1.26,4.105,2.75,0.8
chip-10-4,60,,1.26,4.105,2.75,0.8
chip-17-1,1,,10.0,-1.0,0.1,-1.0
chip-17-1,3,,10.0,-1.0,0.1,-1.0
chip-17-1,5,,10.0,-1.0,0.1,-1.0
chip-17-1,7,,10.0,-1.0,0.1,-1.0
chip-17-1,9,,10.0,-1.0,0.1,-1.0
chip-17-1,10,,10.0,-1.0,0.1,-1.0
chip-17-1,11,,10.0,-1.0,0.1,-1.0
chip-17-1,13,,10.0,-1.0,0.1,-1.0
chip-17-1,15,,10.0,-1.0,0.1,-1.0
chip-17-1,16,,10.0,-1.0,0.1,-1.0
chip-17-1,17,,10.0,-1.0,0.1,-1.0
chip-17-1,18,,10.0,-1.0,0.1,-1.0
chip-17-1,19,,10.0,-1.0,0.1,-1.0
chip-17-1,20,,10.0,-1.0,0.1,-1.0
chip-17-1,21,,10.0,-1.0,0.1,-1.0
chip-17-1,22,,10.0,-1.0,0.1,-1.0
chip-17-1,23,,10.0,-1.0,0.1,-1.0
chip-17-1,24,,10.0,-1.0,0.1,-1.0
chip-17-1,25,,10.0,-1.0,0.1,-1.0
chip-17-1,26,,10.0,-1.0,0.1,-1.0
chip-17-1,27,,10.0,-1.0,0.1,-1.0
chip-17-1,28,,10.0,-1.0,0.1,-1.0
chip-17-1,29,,10.0,-1.0,0.1,-1.0
chip-17-1,30,,10.0,-1.0,0.1,-1.0
chip-17-1,31,,10.0,-1.0,0.1,-1.0
chip-17-1,32,,10.0,-1.0,0.1,-1.0
chip-17-1,33,,10.0,-1.0,0.1,-1.0
chip-17-1,34,,10.0,-1.0,0.1,-1.0
chip-17-1,35,,10.0,-1.0,0.1,-1.0
chip-17-1,36,,10.0,-1.0,0.1,-1.0
chip-17-1,37,,10.0,-1.0,0.1,-1.0
chip-17-1,38,,10.0,-1.0,0.1,-1.0
chip-17-1,39,,10.0,-1.0,0.1,-1.0
chip-17-1,40,,10.0,-1.0,0.1,-1.0
chip-17-1,41,,10.0,-1.0,0.1,-1.0
chip-17-1,42,,10.0,-1.0,0.1,-1.0
chip-17-1,43,,10.0,-1.0,0.1,-1.0
chip-17-1,44,,10.0,-1.0,0.1,-1.0
chip-17-1,45,,10.0,-1.0,0.1,-1.0
chip-17-1,46,,10.0,-1.0,0.1,-1.0
chip-17-1,47,,10.0,-1.0,0.1,-1.0
chip-17-1,48,,10.0,-1.0,0.1,-1.0
chip-17-1,49,,10.0,-1.0,0.1,-1.0
chip-17-1,50,,10.0,-1.0,0.1,-1.0
chip-17-1,51,,10.0,-1.0,0.1,-1.0
chip-17-1,52,,10.0,-1.0,0.1,-1.0
chip-17-1,53,,10.0,-1.0,0.1,-1.0
chip-17-1,54,,10.0,-1.0,0.1,-1.0
chip-17-1,55,,10.0,-1.0,0.1,-1.0
chip-17-1,56,,10.0,-1.0,0.1,-1.0
chip-17-1,57,,10.0,-1.0,0.1,-1.0
chip-17-1,58,,10.0,-1.0,0.1,-1.0
chip-17-1,59,,10.0,-1.0,0.1,-1.0
chip-17-1,60,,10.0,-1.0,0.1,-1.0
chip-17-2,1,,10.0,1.0,0.1,-1.0
chip-17-2,3,,10.0,1.0,0.1,-1.0
chip-17-2,5,,10.0,1.0,0.1,-1.0
chip-17-2,7,,10.0,1.0,0.1,-1.0
chip-17-2,9,,10.0,1.0,0.1,-1.0
chip-17-2,10,,10.0,1.0,0.1,-1.0
chip-17-2,11,,10.0,1.0,0.1,-1.0
chip-17-2,13,,10.0,1.0,0.1,-1.0
chip-17-2,15,,10.0,1.0,0.1,-1.0
chip-17-2,16,,10.0,1.0,0.1,-1.0
chip-17-2,17,,10.0,1.0,0.1,-1.0
chip-17-2,18,,10.0,1.0,0.1,-1.0
chip-17-2,19,,10.0,1.0,0.1,-1.0
chip-17-2,20,,10.0,1.0,0.1,-1.0
chip-17-2,21,,10.0,1.0,0.1,-1.0
chip-17-2,22,,10.0,1.0,0.1,-1.0
chip-17-2,23,,10.0,1.0,0.1,-1.0
chip-17-2,24,,10.0,1.0,0.1,-1.0
chip-17-2,25,,10.0,1.0,0.1,-1.0
chip-17-2,26,,10.0,1.0,0.1,-1.0
chip-17-2,27,,10.0,1.0,0.1,-1.0
chip-17-2,28,,10.0,1.0,0.1,-1.0
chip-17-2,29,,10.0,1.0,0.1,-1.0
chip-17-2,30,,10.0,1.0,0.1,-1.0
chip-17-2,31,,10.0,1.0,0.1,-1.0
chip-17-2,32,,10.0,1.0,0.1,-1.0
chip-17-2,33,,10.0,1.0,0.1,-1.0
chip-17-2,34,,10.0,1.0,0.1,-1.0
chip-17-2,35,,10.0,1.0,0.1,-1.0
chip-17-2,36,,10.0,1.0,0.1,-1.0
chip-17-2,37,,10.0,1.0,0.1,-1.0
chip-17-2,38,,10.0,1.0,0.1,-1.0
chip-17-2,39,,10.0,1.0,0.1,-1.0
chip-17-2,40,,10.0,1.0,0.1,-1.0
chip-17-2,41,,10.0,1.0,0.1,-1.0
chip-17-2,42,,10.0,1.0,0.1,-1.0
chip-17-2,43,,10.0,1.0,0.1,-1.0
chip-17-2,44,,10.0,1.0,0.1,-1.0
chip-17-2,45,,10.0,1.0,0.1,-1.0
chip-17-2,46,,10.0,1.0,0.1,-1.0
chip-17-2,47,,10.0,1.0,0.1,-1.0
chip-17-2,48,,10.0,1.0,0.1,-1.0
chip-17-2,49,,10.0,1.0,0.1,-1.0
chip-17-2,50,,10.0,1.0,0.1,-1.0
chip-17-2,51,,10.0,1.0,0.1,-1.0
chip-17-2,52,,10.0,1.0,0.1,-1.0
chip-17-2,53,,10.0,1.0,0.1,-1.0
chip-17-2,54,,10.0,1.0,0.1,-1.0
chip-17-2,55,,10.0,1.0,0.1,-1.0
chip-17-2,56,,10.0,1.0,0.1,-1.0
chip-17-2,57,,10.0,1.0,0.1,-1.0
chip-17-2,58,,10.0,1.0,0.1,-1.0
chip-17-2,59,,10.0,1.0,0.1,-1.0
chip-17-2,60,,10.0,1.0,0.1,-1.0
