Feature,Day,Urea,Cell,Coat,Cell Seeding,Co-Cell Seeding
scaffold-1,2,25.306,8.0,1.3,1.0,-1.0
scaffold-1,7,20.204,8.0,1.3,1.0,-1.0
scaffold-1,11,22.449,8.0,1.3,1.0,-1.0
scaffold-1,14,20.612,8.0,1.3,1.0,-1.0
scaffold-8,2,45.695,5.0,-1.0,7.5,-1.0
scaffold-8,4,58.94,5.0,-1.0,7.5,-1.0
scaffold-8,7,55.629,5.0,-1.0,7.5,-1.0
scaffold-8,11,58.94,5.0,-1.0,7.5,-1.0
scaffold-8,14,59.603,5.0,-1.0,7.5,-1.0
scaffold-8,18,59.603,5.0,-1.0,7.5,-1.0
scaffold-8,21,54.305,5.0,-1.0,7.5,-1.0
scaffold-9,2,12.401,6.0,1.0,0.3,-1.0
scaffold-9,6,12.036,6.0,1.0,0.3,-1.0
scaffold-9,9,12.219,6.0,1.0,0.3,-1.0
scaffold-9,15,10.213,6.0,1.0,0.3,-1.0
scaffold-11-1,1,25.54,8.0,-1.0,4.0,-1.0
scaffold-11-1,3,17.839,8.0,-1.0,4.0,-1.0
scaffold-11-1,5,12.024,8.0,-1.0,4.0,-1.0
scaffold-11-1,7,8.644,8.0,-1.0,4.0,-1.0
scaffold-11-2,1,0.03,8.13,-1.0,0.1,0.3
scaffold-11-2,3,0.025,8.13,-1.0,0.1,0.3
scaffold-11-2,5,0.015,8.13,-1.0,0.1,0.3
scaffold-11-2,7,0.009,8.13,-1.0,0.1,0.3
scaffold-12,21,28.571,9.0,-1.0,1.0,-1.0
scaffold-13,1,611.392,10.0,2.0,0.8,-1.0
scaffold-13,5,305.696,10.0,2.0,0.8,-1.0
scaffold-13,9,166.139,10.0,2.0,0.8,-1.0
scaffold-17-1,1,23.409,4.0,-1.0,2.0,-1.0
scaffold-17-1,4,28.864,4.0,-1.0,2.0,-1.0
scaffold-17-1,7,31.818,4.0,-1.0,2.0,-1.0
scaffold-17-1,10,15.682,4.0,-1.0,2.0,-1.0
scaffold-17-1,13,12.727,4.0,-1.0,2.0,-1.0
scaffold-17-2,1,32.774,16.0,-1.0,2.0,-1.0
scaffold-17-2,4,43.613,16.0,-1.0,2.0,-1.0
scaffold-17-2,7,47.226,16.0,-1.0,2.0,-1.0
scaffold-17-2,10,28.129,16.0,-1.0,2.0,-1.0
scaffold-17-2,13,19.871,16.0,-1.0,2.0,-1.0
scaffold-18,3,13.026,4.0,11.0,0.08,-1.0
scaffold-18,7,18.196,4.0,11.0,0.08,-1.0
scaffold-18,9,26.847,4.0,11.0,0.08,-1.0
scaffold-19,2,63.312,10.0,1.0,8.0,-1.0
scaffold-19,4,61.688,10.0,1.0,8.0,-1.0
scaffold-19,6,94.156,10.0,1.0,8.0,-1.0
scaffold-19,8,121.753,10.0,1.0,8.0,-1.0
scaffold-19,10,193.182,10.0,1.0,8.0,-1.0
scaffold-19,12,53.571,10.0,1.0,8.0,-1.0
scaffold-19,14,56.818,10.0,1.0,8.0,-1.0
scaffold-19,16,43.831,10.0,1.0,8.0,-1.0
scaffold-19,18,12.987,10.0,1.0,8.0,-1.0
scaffold-19,20,29.221,10.0,1.0,8.0,-1.0
scaffold-19,22,32.468,10.0,1.0,8.0,-1.0
scaffold-19,24,56.818,10.0,1.0,8.0,-1.0
scaffold-21-1,2,133.974,10.0,-1.0,0.75,-1.0
scaffold-21-1,4,113.462,10.0,-1.0,0.75,-1.0
scaffold-21-1,6,94.231,10.0,-1.0,0.75,-1.0
scaffold-21-1,8,76.923,10.0,-1.0,0.75,-1.0
scaffold-21-1,14,14.103,10.0,-1.0,0.75,-1.0
scaffold-21-1,20,7.692,10.0,-1.0,0.75,-1.0
scaffold-21-2,2,133.333,10.15,-1.0,0.75,0.15
scaffold-21-2,4,114.103,10.15,-1.0,0.75,0.15
scaffold-21-2,6,91.026,10.15,-1.0,0.75,0.15
scaffold-21-2,8,71.795,10.15,-1.0,0.75,0.15
scaffold-21-2,14,13.462,10.15,-1.0,0.75,0.15
scaffold-21-2,20,7.692,10.15,-1.0,0.75,0.15
scaffold-22,2,107.386,10.0,1.0,0.1,-1.0
scaffold-22,3,103.125,10.0,1.0,0.1,-1.0
scaffold-22,5,77.131,10.0,1.0,0.1,-1.0
scaffold-22,7,50.71,10.0,1.0,0.1,-1.0
scaffold-22,9,27.273,10.0,1.0,0.1,-1.0
scaffold-23,1,61.574,10.0,1.0,0.25,-1.0
scaffold-23,2,188.773,10.0,1.0,0.25,-1.0
scaffold-23,3,323.264,10.0,1.0,0.25,-1.0
scaffold-23,4,307.06,10.0,1.0,0.25,-1.0
scaffold-23,5,280.324,10.0,1.0,0.25,-1.0
scaffold-23,6,225.231,10.0,1.0,0.25,-1.0
scaffold-23,7,214.699,10.0,1.0,0.25,-1.0
scaffold-25,6,40.274,1.0,1.0,0.8,-1.0
scaffold-25,8,40.274,1.0,1.0,0.8,-1.0
scaffold-25,10,42.0,1.0,1.0,0.8,-1.0
scaffold-25,12,39.699,1.0,1.0,0.8,-1.0
scaffold-25,14,40.849,1.0,1.0,0.8,-1.0
scaffold-25,16,35.671,1.0,1.0,0.8,-1.0
scaffold-25,18,30.493,1.0,1.0,0.8,-1.0
scaffold-25,20,35.096,1.0,1.0,0.8,-1.0
scaffold-25,22,24.164,1.0,1.0,0.8,-1.0
scaffold-25,24,27.616,1.0,1.0,0.8,-1.0
scaffold-25,26,23.589,1.0,1.0,0.8,-1.0
scaffold-25,28,18.411,1.0,1.0,0.8,-1.0
spheroid-1-1,4,149.961,8.0,1.0,0.6,-1.0
spheroid-1-1,7,106.424,8.0,1.0,0.6,-1.0
spheroid-1-2,4,11.574,6.0,1.0,0.72,-1.0
spheroid-1-2,7,16.718,6.0,1.0,0.72,-1.0
spheroid-2,18,86.331,19.0,1.0,0.02,-1.0
spheroid-2,21,189.928,19.0,1.0,0.02,-1.0
spheroid-2,24,241.727,19.0,1.0,0.02,-1.0
spheroid-2,27,241.727,19.0,1.0,0.02,-1.0
spheroid-6,2,57.091,8.0,1.0,0.18,-1.0
spheroid-6,3,54.545,8.0,1.0,0.18,-1.0
spheroid-6,5,54.545,8.0,1.0,0.18,-1.0
spheroid-8-1,1,685.15,10.0,1.13,0.1,-1.0
spheroid-8-1,2,998.12,10.0,1.13,0.1,-1.0
spheroid-8-1,3,845.865,10.0,1.13,0.1,-1.0
spheroid-8-1,4,862.782,10.0,1.13,0.1,-1.0
spheroid-8-1,5,668.233,10.0,1.13,0.1,-1.0
spheroid-8-2,1,735.902,10.0,1.0,0.1,-1.0
spheroid-8-2,2,1040.414,10.0,1.0,0.1,-1.0
spheroid-8-2,3,1108.083,10.0,1.0,0.1,-1.0
spheroid-8-2,4,1006.579,10.0,1.0,0.1,-1.0
spheroid-8-2,5,659.774,10.0,1.0,0.1,-1.0
spheroid-8-3,1,727.444,10.23,1.13,0.1,0.4
spheroid-8-3,2,981.203,10.23,1.13,0.1,0.4
spheroid-8-3,3,888.158,10.23,1.13,0.1,0.4
spheroid-8-3,4,786.654,10.23,1.13,0.1,0.4
spheroid-8-3,5,617.481,10.23,1.13,0.1,0.4
spheroid-8-4,1,803.571,10.23,1.0,0.1,0.4
spheroid-8-4,2,1048.872,10.23,1.0,0.1,0.4
spheroid-8-4,3,1133.459,10.23,1.0,0.1,0.4
spheroid-8-4,4,1006.579,10.23,1.0,0.1,0.4
spheroid-8-4,5,795.113,10.23,1.0,0.1,0.4
spheroid-13,1,597.36,8.0,1.0,0.2,-1.0
spheroid-13,3,211.221,8.0,1.0,0.2,-1.0
spheroid-13,9,125.413,8.0,1.0,0.2,-1.0
spheroid-13,12,95.71,8.0,1.0,0.2,-1.0
spheroid-13,15,56.106,8.0,1.0,0.2,-1.0
spheroid-13,18,52.805,8.0,1.0,0.2,-1.0
spheroid-13,22,66.007,8.0,1.0,0.2,-1.0
spheroid-13,29,52.805,8.0,1.0,0.2,-1.0
chip-3,1,4.209,10.0,-1.0,0.1,-1.0
chip-3,2,3.078,10.0,-1.0,0.1,-1.0
chip-3,3,3.58,10.0,-1.0,0.1,-1.0
chip-4,2,1078.075,8.0,1.0,0.2,-1.0
chip-4,5,924.064,8.0,1.0,0.2,-1.0
chip-4,9,898.396,8.0,1.0,0.2,-1.0
chip-4,13,282.353,8.0,1.0,0.2,-1.0
chip-5,3,30.53,8.0,-1.0,1.0,-1.0
chip-5,7,25.067,8.0,-1.0,1.0,-1.0
chip-8,2,0.201,4.0,-1.0,0.2,-1.0
chip-8,5,0.192,4.0,-1.0,0.2,-1.0
chip-8,8,0.201,4.0,-1.0,0.2,-1.0
chip-8,11,0.192,4.0,-1.0,0.2,-1.0
chip-8,14,0.192,4.0,-1.0,0.2,-1.0
chip-10-1,1,84.559,8.0,4.1,2.75,-1.0
chip-10-1,2,66.176,8.0,4.1,2.75,-1.0
chip-10-1,3,57.598,8.0,4.1,2.75,-1.0
chip-10-1,4,50.245,8.0,4.1,2.75,-1.0
chip-10-1,5,41.667,8.0,4.1,2.75,-1.0
chip-10-1,6,37.99,8.0,4.1,2.75,-1.0
chip-10-1,7,39.216,8.0,4.1,2.75,-1.0
chip-10-1,8,40.441,8.0,4.1,2.75,-1.0
chip-10-1,9,37.99,8.0,4.1,2.75,-1.0
chip-10-1,10,41.667,8.0,4.1,2.75,-1.0
chip-10-2,1,72.304,8.0,4.105,2.75,-1.0
chip-10-2,2,77.206,8.0,4.105,2.75,-1.0
chip-10-2,3,55.147,8.0,4.105,2.75,-1.0
chip-10-2,4,30.637,8.0,4.105,2.75,-1.0
chip-10-2,5,15.931,8.0,4.105,2.75,-1.0
chip-10-2,6,4.902,8.0,4.105,2.75,-1.0
chip-10-2,7,17.157,8.0,4.105,2.75,-1.0
chip-10-2,8,20.833,8.0,4.105,2.75,-1.0
chip-10-2,9,25.735,8.0,4.105,2.75,-1.0
chip-10-2,10,22.059,8.0,4.105,2.75,-1.0
chip-10-3,1,75.243,1.26,4.1,2.75,0.8
chip-10-3,2,66.748,1.26,4.1,2.75,0.8
chip-10-3,3,58.252,1.26,4.1,2.75,0.8
chip-10-3,4,54.612,1.26,4.1,2.75,0.8
chip-10-3,5,50.971,1.26,4.1,2.75,0.8
chip-10-3,6,48.544,1.26,4.1,2.75,0.8
chip-10-3,7,47.33,1.26,4.1,2.75,0.8
chip-10-3,8,43.689,1.26,4.1,2.75,0.8
chip-10-3,9,41.262,1.26,4.1,2.75,0.8
chip-10-3,10,46.117,1.26,4.1,2.75,0.8
chip-10-4,1,70.388,1.26,4.105,2.75,0.8
chip-10-4,2,59.466,1.26,4.105,2.75,0.8
chip-10-4,3,43.689,1.26,4.105,2.75,0.8
chip-10-4,4,46.117,1.26,4.105,2.75,0.8
chip-10-4,5,42.476,1.26,4.105,2.75,0.8
chip-10-4,6,40.049,1.26,4.105,2.75,0.8
chip-10-4,7,38.835,1.26,4.105,2.75,0.8
chip-10-4,8,38.835,1.26,4.105,2.75,0.8
chip-10-4,9,38.835,1.26,4.105,2.75,0.8
chip-10-4,10,36.408,1.26,4.105,2.75,0.8
chip-17-1,2,64.516,10.0,-1.0,0.1,-1.0
chip-17-1,4,53.763,10.0,-1.0,0.1,-1.0
chip-17-1,6,40.323,10.0,-1.0,0.1,-1.0
chip-17-1,8,16.129,10.0,-1.0,0.1,-1.0
chip-17-1,12,10.753,10.0,-1.0,0.1,-1.0
chip-17-1,14,24.194,10.0,-1.0,0.1,-1.0
chip-17-2,2,94.086,10.0,1.0,0.1,-1.0
chip-17-2,4,83.333,10.0,1.0,0.1,-1.0
chip-17-2,6,43.011,10.0,1.0,0.1,-1.0
chip-17-2,8,40.323,10.0,1.0,0.1,-1.0
chip-17-2,12,40.323,10.0,1.0,0.1,-1.0
chip-17-2,14,34.946,10.0,1.0,0.1,-1.0
scaffold-1,1,,8.0,1.3,1.0,-1.0
scaffold-1,3,,8.0,1.3,1.0,-1.0
scaffold-1,4,,8.0,1.3,1.0,-1.0
scaffold-1,5,,8.0,1.3,1.0,-1.0
scaffold-1,6,,8.0,1.3,1.0,-1.0
scaffold-1,8,,8.0,1.3,1.0,-1.0
scaffold-1,9,,8.0,1.3,1.0,-1.0
scaffold-1,10,,8.0,1.3,1.0,-1.0
scaffold-1,12,,8.0,1.3,1.0,-1.0
scaffold-1,13,,8.0,1.3,1.0,-1.0
scaffold-1,15,,8.0,1.3,1.0,-1.0
scaffold-1,16,,8.0,1.3,1.0,-1.0
scaffold-1,17,,8.0,1.3,1.0,-1.0
scaffold-1,18,,8.0,1.3,1.0,-1.0
scaffold-1,19,,8.0,1.3,1.0,-1.0
scaffold-1,20,,8.0,1.3,1.0,-1.0
scaffold-1,21,,8.0,1.3,1.0,-1.0
scaffold-1,22,,8.0,1.3,1.0,-1.0
scaffold-1,23,,8.0,1.3,1.0,-1.0
scaffold-1,24,,8.0,1.3,1.0,-1.0
scaffold-1,25,,8.0,1.3,1.0,-1.0
scaffold-1,26,,8.0,1.3,1.0,-1.0
scaffold-1,27,,8.0,1.3,1.0,-1.0
scaffold-1,28,,8.0,1.3,1.0,-1.0
scaffold-1,29,,8.0,1.3,1.0,-1.0
scaffold-1,30,,8.0,1.3,1.0,-1.0
scaffold-1,31,,8.0,1.3,1.0,-1.0
scaffold-1,32,,8.0,1.3,1.0,-1.0
scaffold-1,33,,8.0,1.3,1.0,-1.0
scaffold-1,34,,8.0,1.3,1.0,-1.0
scaffold-1,35,,8.0,1.3,1.0,-1.0
scaffold-1,36,,8.0,1.3,1.0,-1.0
scaffold-1,37,,8.0,1.3,1.0,-1.0
scaffold-1,38,,8.0,1.3,1.0,-1.0
scaffold-1,39,,8.0,1.3,1.0,-1.0
scaffold-1,40,,8.0,1.3,1.0,-1.0
scaffold-1,41,,8.0,1.3,1.0,-1.0
scaffold-1,42,,8.0,1.3,1.0,-1.0
scaffold-1,43,,8.0,1.3,1.0,-1.0
scaffold-1,44,,8.0,1.3,1.0,-1.0
scaffold-1,45,,8.0,1.3,1.0,-1.0
scaffold-1,46,,8.0,1.3,1.0,-1.0
scaffold-1,47,,8.0,1.3,1.0,-1.0
scaffold-1,48,,8.0,1.3,1.0,-1.0
scaffold-1,49,,8.0,1.3,1.0,-1.0
scaffold-1,50,,8.0,1.3,1.0,-1.0
scaffold-1,51,,8.0,1.3,1.0,-1.0
scaffold-1,52,,8.0,1.3,1.0,-1.0
scaffold-1,53,,8.0,1.3,1.0,-1.0
scaffold-1,54,,8.0,1.3,1.0,-1.0
scaffold-1,55,,8.0,1.3,1.0,-1.0
scaffold-1,56,,8.0,1.3,1.0,-1.0
scaffold-1,57,,8.0,1.3,1.0,-1.0
scaffold-1,58,,8.0,1.3,1.0,-1.0
scaffold-1,59,,8.0,1.3,1.0,-1.0
scaffold-1,60,,8.0,1.3,1.0,-1.0
scaffold-8,1,,5.0,-1.0,7.5,-1.0
scaffold-8,3,,5.0,-1.0,7.5,-1.0
scaffold-8,5,,5.0,-1.0,7.5,-1.0
scaffold-8,6,,5.0,-1.0,7.5,-1.0
scaffold-8,8,,5.0,-1.0,7.5,-1.0
scaffold-8,9,,5.0,-1.0,7.5,-1.0
scaffold-8,10,,5.0,-1.0,7.5,-1.0
scaffold-8,12,,5.0,-1.0,7.5,-1.0
scaffold-8,13,,5.0,-1.0,7.5,-1.0
scaffold-8,15,,5.0,-1.0,7.5,-1.0
scaffold-8,16,,5.0,-1.0,7.5,-1.0
scaffold-8,17,,5.0,-1.0,7.5,-1.0
scaffold-8,19,,5.0,-1.0,7.5,-1.0
scaffold-8,20,,5.0,-1.0,7.5,-1.0
scaffold-8,22,,5.0,-1.0,7.5,-1.0
scaffold-8,23,,5.0,-1.0,7.5,-1.0
scaffold-8,24,,5.0,-1.0,7.5,-1.0
scaffold-8,25,,5.0,-1.0,7.5,-1.0
scaffold-8,26,,5.0,-1.0,7.5,-1.0
scaffold-8,27,,5.0,-1.0,7.5,-1.0
scaffold-8,28,,5.0,-1.0,7.5,-1.0
scaffold-8,29,,5.0,-1.0,7.5,-1.0
scaffold-8,30,,5.0,-1.0,7.5,-1.0
scaffold-8,31,,5.0,-1.0,7.5,-1.0
scaffold-8,32,,5.0,-1.0,7.5,-1.0
scaffold-8,33,,5.0,-1.0,7.5,-1.0
scaffold-8,34,,5.0,-1.0,7.5,-1.0
scaffold-8,35,,5.0,-1.0,7.5,-1.0
scaffold-8,36,,5.0,-1.0,7.5,-1.0
scaffold-8,37,,5.0,-1.0,7.5,-1.0
scaffold-8,38,,5.0,-1.0,7.5,-1.0
scaffold-8,39,,5.0,-1.0,7.5,-1.0
scaffold-8,40,,5.0,-1.0,7.5,-1.0
scaffold-8,41,,5.0,-1.0,7.5,-1.0
scaffold-8,42,,5.0,-1.0,7.5,-1.0
scaffold-8,43,,5.0,-1.0,7.5,-1.0
scaffold-8,44,,5.0,-1.0,7.5,-1.0
scaffold-8,45,,5.0,-1.0,7.5,-1.0
scaffold-8,46,,5.0,-1.0,7.5,-1.0
scaffold-8,47,,5.0,-1.0,7.5,-1.0
scaffold-8,48,,5.0,-1.0,7.5,-1.0
scaffold-8,49,,5.0,-1.0,7.5,-1.0
scaffold-8,50,,5.0,-1.0,7.5,-1.0
scaffold-8,51,,5.0,-1.0,7.5,-1.0
scaffold-8,52,,5.0,-1.0,7.5,-1.0
scaffold-8,53,,5.0,-1.0,7.5,-1.0
scaffold-8,54,,5.0,-1.0,7.5,-1.0
scaffold-8,55,,5.0,-1.0,7.5,-1.0
scaffold-8,56,,5.0,-1.0,7.5,-1.0
scaffold-8,57,,5.0,-1.0,7.5,-1.0
scaffold-8,58,,5.0,-1.0,7.5,-1.0
scaffold-8,59,,5.0,-1.0,7.5,-1.0
scaffold-8,60,,5.0,-1.0,7.5,-1.0
scaffold-9,1,,6.0,1.0,0.3,-1.0
scaffold-9,3,,6.0,1.0,0.3,-1.0
scaffold-9,4,,6.0,1.0,0.3,-1.0
scaffold-9,5,,6.0,1.0,0.3,-1.0
scaffold-9,7,,6.0,1.0,0.3,-1.0
scaffold-9,8,,6.0,1.0,0.3,-1.0
scaffold-9,10,,6.0,1.0,0.3,-1.0
scaffold-9,11,,6.0,1.0,0.3,-1.0
scaffold-9,12,,6.0,1.0,0.3,-1.0
scaffold-9,13,,6.0,1.0,0.3,-1.0
scaffold-9,14,,6.0,1.0,0.3,-1.0
scaffold-9,16,,6.0,1.0,0.3,-1.0
scaffold-9,17,,6.0,1.0,0.3,-1.0
scaffold-9,18,,6.0,1.0,0.3,-1.0
scaffold-9,19,,6.0,1.0,0.3,-1.0
scaffold-9,20,,6.0,1.0,0.3,-1.0
scaffold-9,21,,6.0,1.0,0.3,-1.0
scaffold-9,22,,6.0,1.0,0.3,-1.0
scaffold-9,23,,6.0,1.0,0.3,-1.0
scaffold-9,24,,6.0,1.0,0.3,-1.0
scaffold-9,25,,6.0,1.0,0.3,-1.0
scaffold-9,26,,6.0,1.0,0.3,-1.0
scaffold-9,27,,6.0,1.0,0.3,-1.0
scaffold-9,28,,6.0,1.0,0.3,-1.0
scaffold-9,29,,6.0,1.0,0.3,-1.0
scaffold-9,30,,6.0,1.0,0.3,-1.0
scaffold-9,31,,6.0,1.0,0.3,-1.0
scaffold-9,32,,6.0,1.0,0.3,-1.0
scaffold-9,33,,6.0,1.0,0.3,-1.0
scaffold-9,34,,6.0,1.0,0.3,-1.0
scaffold-9,35,,6.0,1.0,0.3,-1.0
scaffold-9,36,,6.0,1.0,0.3,-1.0
scaffold-9,37,,6.0,1.0,0.3,-1.0
scaffold-9,38,,6.0,1.0,0.3,-1.0
scaffold-9,39,,6.0,1.0,0.3,-1.0
scaffold-9,40,,6.0,1.0,0.3,-1.0
scaffold-9,41,,6.0,1.0,0.3,-1.0
scaffold-9,42,,6.0,1.0,0.3,-1.0
scaffold-9,43,,6.0,1.0,0.3,-1.0
scaffold-9,44,,6.0,1.0,0.3,-1.0
scaffold-9,45,,6.0,1.0,0.3,-1.0
scaffold-9,46,,6.0,1.0,0.3,-1.0
scaffold-9,47,,6.0,1.0,0.3,-1.0
scaffold-9,48,,6.0,1.0,0.3,-1.0
scaffold-9,49,,6.0,1.0,0.3,-1.0
scaffold-9,50,,6.0,1.0,0.3,-1.0
scaffold-9,51,,6.0,1.0,0.3,-1.0
scaffold-9,52,,6.0,1.0,0.3,-1.0
scaffold-9,53,,6.0,1.0,0.3,-1.0
scaffold-9,54,,6.0,1.0,0.3,-1.0
scaffold-9,55,,6.0,1.0,0.3,-1.0
scaffold-9,56,,6.0,1.0,0.3,-1.0
scaffold-9,57,,6.0,1.0,0.3,-1.0
scaffold-9,58,,6.0,1.0,0.3,-1.0
scaffold-9,59,,6.0,1.0,0.3,-1.0
scaffold-9,60,,6.0,1.0,0.3,-1.0
scaffold-11-1,2,,8.0,-1.0,4.0,-1.0
scaffold-11-1,4,,8.0,-1.0,4.0,-1.0
scaffold-11-1,6,,8.0,-1.0,4.0,-1.0
scaffold-11-1,8,,8.0,-1.0,4.0,-1.0
scaffold-11-1,9,,8.0,-1.0,4.0,-1.0
scaffold-11-1,10,,8.0,-1.0,4.0,-1.0
scaffold-11-1,11,,8.0,-1.0,4.0,-1.0
scaffold-11-1,12,,8.0,-1.0,4.0,-1.0
scaffold-11-1,13,,8.0,-1.0,4.0,-1.0
scaffold-11-1,14,,8.0,-1.0,4.0,-1.0
scaffold-11-1,15,,8.0,-1.0,4.0,-1.0
scaffold-11-1,16,,8.0,-1.0,4.0,-1.0
scaffold-11-1,17,,8.0,-1.0,4.0,-1.0
scaffold-11-1,18,,8.0,-1.0,4.0,-1.0
scaffold-11-1,19,,8.0,-1.0,4.0,-1.0
scaffold-11-1,20,,8.0,-1.0,4.0,-1.0
scaffold-11-1,21,,8.0,-1.0,4.0,-1.0
scaffold-11-1,22,,8.0,-1.0,4.0,-1.0
scaffold-11-1,23,,8.0,-1.0,4.0,-1.0
scaffold-11-1,24,,8.0,-1.0,4.0,-1.0
scaffold-11-1,25,,8.0,-1.0,4.0,-1.0
scaffold-11-1,26,,8.0,-1.0,4.0,-1.0
scaffold-11-1,27,,8.0,-1.0,4.0,-1.0
scaffold-11-1,28,,8.0,-1.0,4.0,-1.0
scaffold-11-1,29,,8.0,-1.0,4.0,-1.0
scaffold-11-1,30,,8.0,-1.0,4.0,-1.0
scaffold-11-1,31,,8.0,-1.0,4.0,-1.0
scaffold-11-1,32,,8.0,-1.0,4.0,-1.0
scaffold-11-1,33,,8.0,-1.0,4.0,-1.0
scaffold-11-1,34,,8.0,-1.0,4.0,-1.0
scaffold-11-1,35,,8.0,-1.0,4.0,-1.0
scaffold-11-1,36,,8.0,-1.0,4.0,-1.0
scaffold-11-1,37,,8.0,-1.0,4.0,-1.0
scaffold-11-1,38,,8.0,-1.0,4.0,-1.0
scaffold-11-1,39,,8.0,-1.0,4.0,-1.0
scaffold-11-1,40,,8.0,-1.0,4.0,-1.0
scaffold-11-1,41,,8.0,-1.0,4.0,-1.0
scaffold-11-1,42,,8.0,-1.0,4.0,-1.0
scaffold-11-1,43,,8.0,-1.0,4.0,-1.0
scaffold-11-1,44,,8.0,-1.0,4.0,-1.0
scaffold-11-1,45,,8.0,-1.0,4.0,-1.0
scaffold-11-1,46,,8.0,-1.0,4.0,-1.0
scaffold-11-1,47,,8.0,-1.0,4.0,-1.0
scaffold-11-1,48,,8.0,-1.0,4.0,-1.0
scaffold-11-1,49,,8.0,-1.0,4.0,-1.0
scaffold-11-1,50,,8.0,-1.0,4.0,-1.0
scaffold-11-1,51,,8.0,-1.0,4.0,-1.0
scaffold-11-1,52,,8.0,-1.0,4.0,-1.0
scaffold-11-1,53,,8.0,-1.0,4.0,-1.0
scaffold-11-1,54,,8.0,-1.0,4.0,-1.0
scaffold-11-1,55,,8.0,-1.0,4.0,-1.0
scaffold-11-1,56,,8.0,-1.0,4.0,-1.0
scaffold-11-1,57,,8.0,-1.0,4.0,-1.0
scaffold-11-1,58,,8.0,-1.0,4.0,-1.0
scaffold-11-1,59,,8.0,-1.0,4.0,-1.0
scaffold-11-1,60,,8.0,-1.0,4.0,-1.0
scaffold-11-2,2,,8.13,-1.0,0.1,0.3
scaffold-11-2,4,,8.13,-1.0,0.1,0.3
scaffold-11-2,6,,8.13,-1.0,0.1,0.3
scaffold-11-2,8,,8.13,-1.0,0.1,0.3
scaffold-11-2,9,,8.13,-1.0,0.1,0.3
scaffold-11-2,10,,8.13,-1.0,0.1,0.3
scaffold-11-2,11,,8.13,-1.0,0.1,0.3
scaffold-11-2,12,,8.13,-1.0,0.1,0.3
scaffold-11-2,13,,8.13,-1.0,0.1,0.3
scaffold-11-2,14,,8.13,-1.0,0.1,0.3
scaffold-11-2,15,,8.13,-1.0,0.1,0.3
scaffold-11-2,16,,8.13,-1.0,0.1,0.3
scaffold-11-2,17,,8.13,-1.0,0.1,0.3
scaffold-11-2,18,,8.13,-1.0,0.1,0.3
scaffold-11-2,19,,8.13,-1.0,0.1,0.3
scaffold-11-2,20,,8.13,-1.0,0.1,0.3
scaffold-11-2,21,,8.13,-1.0,0.1,0.3
scaffold-11-2,22,,8.13,-1.0,0.1,0.3
scaffold-11-2,23,,8.13,-1.0,0.1,0.3
scaffold-11-2,24,,8.13,-1.0,0.1,0.3
scaffold-11-2,25,,8.13,-1.0,0.1,0.3
scaffold-11-2,26,,8.13,-1.0,0.1,0.3
scaffold-11-2,27,,8.13,-1.0,0.1,0.3
scaffold-11-2,28,,8.13,-1.0,0.1,0.3
scaffold-11-2,29,,8.13,-1.0,0.1,0.3
scaffold-11-2,30,,8.13,-1.0,0.1,0.3
scaffold-11-2,31,,8.13,-1.0,0.1,0.3
scaffold-11-2,32,,8.13,-1.0,0.1,0.3
scaffold-11-2,33,,8.13,-1.0,0.1,0.3
scaffold-11-2,34,,8.13,-1.0,0.1,0.3
scaffold-11-2,35,,8.13,-1.0,0.1,0.3
scaffold-11-2,36,,8.13,-1.0,0.1,0.3
scaffold-11-2,37,,8.13,-1.0,0.1,0.3
scaffold-11-2,38,,8.13,-1.0,0.1,0.3
scaffold-11-2,39,,8.13,-1.0,0.1,0.3
scaffold-11-2,40,,8.13,-1.0,0.1,0.3
scaffold-11-2,41,,8.13,-1.0,0.1,0.3
scaffold-11-2,42,,8.13,-1.0,0.1,0.3
scaffold-11-2,43,,8.13,-1.0,0.1,0.3
scaffold-11-2,44,,8.13,-1.0,0.1,0.3
scaffold-11-2,45,,8.13,-1.0,0.1,0.3
scaffold-11-2,46,,8.13,-1.0,0.1,0.3
scaffold-11-2,47,,8.13,-1.0,0.1,0.3
scaffold-11-2,48,,8.13,-1.0,0.1,0.3
scaffold-11-2,49,,8.13,-1.0,0.1,0.3
scaffold-11-2,50,,8.13,-1.0,0.1,0.3
scaffold-11-2,51,,8.13,-1.0,0.1,0.3
scaffold-11-2,52,,8.13,-1.0,0.1,0.3
scaffold-11-2,53,,8.13,-1.0,0.1,0.3
scaffold-11-2,54,,8.13,-1.0,0.1,0.3
scaffold-11-2,55,,8.13,-1.0,0.1,0.3
scaffold-11-2,56,,8.13,-1.0,0.1,0.3
scaffold-11-2,57,,8.13,-1.0,0.1,0.3
scaffold-11-2,58,,8.13,-1.0,0.1,0.3
scaffold-11-2,59,,8.13,-1.0,0.1,0.3
scaffold-11-2,60,,8.13,-1.0,0.1,0.3
scaffold-12,1,,9.0,-1.0,1.0,-1.0
scaffold-12,2,,9.0,-1.0,1.0,-1.0
scaffold-12,3,,9.0,-1.0,1.0,-1.0
scaffold-12,4,,9.0,-1.0,1.0,-1.0
scaffold-12,5,,9.0,-1.0,1.0,-1.0
scaffold-12,6,,9.0,-1.0,1.0,-1.0
scaffold-12,7,,9.0,-1.0,1.0,-1.0
scaffold-12,8,,9.0,-1.0,1.0,-1.0
scaffold-12,9,,9.0,-1.0,1.0,-1.0
scaffold-12,10,,9.0,-1.0,1.0,-1.0
scaffold-12,11,,9.0,-1.0,1.0,-1.0
scaffold-12,12,,9.0,-1.0,1.0,-1.0
scaffold-12,13,,9.0,-1.0,1.0,-1.0
scaffold-12,14,,9.0,-1.0,1.0,-1.0
scaffold-12,15,,9.0,-1.0,1.0,-1.0
scaffold-12,16,,9.0,-1.0,1.0,-1.0
scaffold-12,17,,9.0,-1.0,1.0,-1.0
scaffold-12,18,,9.0,-1.0,1.0,-1.0
scaffold-12,19,,9.0,-1.0,1.0,-1.0
scaffold-12,20,,9.0,-1.0,1.0,-1.0
scaffold-12,22,,9.0,-1.0,1.0,-1.0
scaffold-12,23,,9.0,-1.0,1.0,-1.0
scaffold-12,24,,9.0,-1.0,1.0,-1.0
scaffold-12,25,,9.0,-1.0,1.0,-1.0
scaffold-12,26,,9.0,-1.0,1.0,-1.0
scaffold-12,27,,9.0,-1.0,1.0,-1.0
scaffold-12,28,,9.0,-1.0,1.0,-1.0
scaffold-12,29,,9.0,-1.0,1.0,-1.0
scaffold-12,30,,9.0,-1.0,1.0,-1.0
scaffold-12,31,,9.0,-1.0,1.0,-1.0
scaffold-12,32,,9.0,-1.0,1.0,-1.0
scaffold-12,33,,9.0,-1.0,1.0,-1.0
scaffold-12,34,,9.0,-1.0,1.0,-1.0
scaffold-12,35,,9.0,-1.0,1.0,-1.0
scaffold-12,36,,9.0,-1.0,1.0,-1.0
scaffold-12,37,,9.0,-1.0,1.0,-1.0
scaffold-12,38,,9.0,-1.0,1.0,-1.0
scaffold-12,39,,9.0,-1.0,1.0,-1.0
scaffold-12,40,,9.0,-1.0,1.0,-1.0
scaffold-12,41,,9.0,-1.0,1.0,-1.0
scaffold-12,42,,9.0,-1.0,1.0,-1.0
scaffold-12,43,,9.0,-1.0,1.0,-1.0
scaffold-12,44,,9.0,-1.0,1.0,-1.0
scaffold-12,45,,9.0,-1.0,1.0,-1.0
scaffold-12,46,,9.0,-1.0,1.0,-1.0
scaffold-12,47,,9.0,-1.0,1.0,-1.0
scaffold-12,48,,9.0,-1.0,1.0,-1.0
scaffold-12,49,,9.0,-1.0,1.0,-1.0
scaffold-12,50,,9.0,-1.0,1.0,-1.0
scaffold-12,51,,9.0,-1.0,1.0,-1.0
scaffold-12,52,,9.0,-1.0,1.0,-1.0
scaffold-12,53,,9.0,-1.0,1.0,-1.0
scaffold-12,54,,9.0,-1.0,1.0,-1.0
scaffold-12,55,,9.0,-1.0,1.0,-1.0
scaffold-12,56,,9.0,-1.0,1.0,-1.0
scaffold-12,57,,9.0,-1.0,1.0,-1.0
scaffold-12,58,,9.0,-1.0,1.0,-1.0
scaffold-12,59,,9.0,-1.0,1.0,-1.0
scaffold-12,60,,9.0,-1.0,1.0,-1.0
scaffold-13,2,,10.0,2.0,0.8,-1.0
scaffold-13,3,,10.0,2.0,0.8,-1.0
scaffold-13,4,,10.0,2.0,0.8,-1.0
scaffold-13,6,,10.0,2.0,0.8,-1.0
scaffold-13,7,,10.0,2.0,0.8,-1.0
scaffold-13,8,,10.0,2.0,0.8,-1.0
scaffold-13,10,,10.0,2.0,0.8,-1.0
scaffold-13,11,,10.0,2.0,0.8,-1.0
scaffold-13,12,,10.0,2.0,0.8,-1.0
scaffold-13,13,,10.0,2.0,0.8,-1.0
scaffold-13,14,,10.0,2.0,0.8,-1.0
scaffold-13,15,,10.0,2.0,0.8,-1.0
scaffold-13,16,,10.0,2.0,0.8,-1.0
scaffold-13,17,,10.0,2.0,0.8,-1.0
scaffold-13,18,,10.0,2.0,0.8,-1.0
scaffold-13,19,,10.0,2.0,0.8,-1.0
scaffold-13,20,,10.0,2.0,0.8,-1.0
scaffold-13,21,,10.0,2.0,0.8,-1.0
scaffold-13,22,,10.0,2.0,0.8,-1.0
scaffold-13,23,,10.0,2.0,0.8,-1.0
scaffold-13,24,,10.0,2.0,0.8,-1.0
scaffold-13,25,,10.0,2.0,0.8,-1.0
scaffold-13,26,,10.0,2.0,0.8,-1.0
scaffold-13,27,,10.0,2.0,0.8,-1.0
scaffold-13,28,,10.0,2.0,0.8,-1.0
scaffold-13,29,,10.0,2.0,0.8,-1.0
scaffold-13,30,,10.0,2.0,0.8,-1.0
scaffold-13,31,,10.0,2.0,0.8,-1.0
scaffold-13,32,,10.0,2.0,0.8,-1.0
scaffold-13,33,,10.0,2.0,0.8,-1.0
scaffold-13,34,,10.0,2.0,0.8,-1.0
scaffold-13,35,,10.0,2.0,0.8,-1.0
scaffold-13,36,,10.0,2.0,0.8,-1.0
scaffold-13,37,,10.0,2.0,0.8,-1.0
scaffold-13,38,,10.0,2.0,0.8,-1.0
scaffold-13,39,,10.0,2.0,0.8,-1.0
scaffold-13,40,,10.0,2.0,0.8,-1.0
scaffold-13,41,,10.0,2.0,0.8,-1.0
scaffold-13,42,,10.0,2.0,0.8,-1.0
scaffold-13,43,,10.0,2.0,0.8,-1.0
scaffold-13,44,,10.0,2.0,0.8,-1.0
scaffold-13,45,,10.0,2.0,0.8,-1.0
scaffold-13,46,,10.0,2.0,0.8,-1.0
scaffold-13,47,,10.0,2.0,0.8,-1.0
scaffold-13,48,,10.0,2.0,0.8,-1.0
scaffold-13,49,,10.0,2.0,0.8,-1.0
scaffold-13,50,,10.0,2.0,0.8,-1.0
scaffold-13,51,,10.0,2.0,0.8,-1.0
scaffold-13,52,,10.0,2.0,0.8,-1.0
scaffold-13,53,,10.0,2.0,0.8,-1.0
scaffold-13,54,,10.0,2.0,0.8,-1.0
scaffold-13,55,,10.0,2.0,0.8,-1.0
scaffold-13,56,,10.0,2.0,0.8,-1.0
scaffold-13,57,,10.0,2.0,0.8,-1.0
scaffold-13,58,,10.0,2.0,0.8,-1.0
scaffold-13,59,,10.0,2.0,0.8,-1.0
scaffold-13,60,,10.0,2.0,0.8,-1.0
scaffold-17-1,2,,4.0,-1.0,2.0,-1.0
scaffold-17-1,3,,4.0,-1.0,2.0,-1.0
scaffold-17-1,5,,4.0,-1.0,2.0,-1.0
scaffold-17-1,6,,4.0,-1.0,2.0,-1.0
scaffold-17-1,8,,4.0,-1.0,2.0,-1.0
scaffold-17-1,9,,4.0,-1.0,2.0,-1.0
scaffold-17-1,11,,4.0,-1.0,2.0,-1.0
scaffold-17-1,12,,4.0,-1.0,2.0,-1.0
scaffold-17-1,14,,4.0,-1.0,2.0,-1.0
scaffold-17-1,15,,4.0,-1.0,2.0,-1.0
scaffold-17-1,16,,4.0,-1.0,2.0,-1.0
scaffold-17-1,17,,4.0,-1.0,2.0,-1.0
scaffold-17-1,18,,4.0,-1.0,2.0,-1.0
scaffold-17-1,19,,4.0,-1.0,2.0,-1.0
scaffold-17-1,20,,4.0,-1.0,2.0,-1.0
scaffold-17-1,21,,4.0,-1.0,2.0,-1.0
scaffold-17-1,22,,4.0,-1.0,2.0,-1.0
scaffold-17-1,23,,4.0,-1.0,2.0,-1.0
scaffold-17-1,24,,4.0,-1.0,2.0,-1.0
scaffold-17-1,25,,4.0,-1.0,2.0,-1.0
scaffold-17-1,26,,4.0,-1.0,2.0,-1.0
scaffold-17-1,27,,4.0,-1.0,2.0,-1.0
scaffold-17-1,28,,4.0,-1.0,2.0,-1.0
scaffold-17-1,29,,4.0,-1.0,2.0,-1.0
scaffold-17-1,30,,4.0,-1.0,2.0,-1.0
scaffold-17-1,31,,4.0,-1.0,2.0,-1.0
scaffold-17-1,32,,4.0,-1.0,2.0,-1.0
scaffold-17-1,33,,4.0,-1.0,2.0,-1.0
scaffold-17-1,34,,4.0,-1.0,2.0,-1.0
scaffold-17-1,35,,4.0,-1.0,2.0,-1.0
scaffold-17-1,36,,4.0,-1.0,2.0,-1.0
scaffold-17-1,37,,4.0,-1.0,2.0,-1.0
scaffold-17-1,38,,4.0,-1.0,2.0,-1.0
scaffold-17-1,39,,4.0,-1.0,2.0,-1.0
scaffold-17-1,40,,4.0,-1.0,2.0,-1.0
scaffold-17-1,41,,4.0,-1.0,2.0,-1.0
scaffold-17-1,42,,4.0,-1.0,2.0,-1.0
scaffold-17-1,43,,4.0,-1.0,2.0,-1.0
scaffold-17-1,44,,4.0,-1.0,2.0,-1.0
scaffold-17-1,45,,4.0,-1.0,2.0,-1.0
scaffold-17-1,46,,4.0,-1.0,2.0,-1.0
scaffold-17-1,47,,4.0,-1.0,2.0,-1.0
scaffold-17-1,48,,4.0,-1.0,2.0,-1.0
scaffold-17-1,49,,4.0,-1.0,2.0,-1.0
scaffold-17-1,50,,4.0,-1.0,2.0,-1.0
scaffold-17-1,51,,4.0,-1.0,2.0,-1.0
scaffold-17-1,52,,4.0,-1.0,2.0,-1.0
scaffold-17-1,53,,4.0,-1.0,2.0,-1.0
scaffold-17-1,54,,4.0,-1.0,2.0,-1.0
scaffold-17-1,55,,4.0,-1.0,2.0,-1.0
scaffold-17-1,56,,4.0,-1.0,2.0,-1.0
scaffold-17-1,57,,4.0,-1.0,2.0,-1.0
scaffold-17-1,58,,4.0,-1.0,2.0,-1.0
scaffold-17-1,59,,4.0,-1.0,2.0,-1.0
scaffold-17-1,60,,4.0,-1.0,2.0,-1.0
scaffold-17-2,2,,16.0,-1.0,2.0,-1.0
scaffold-17-2,3,,16.0,-1.0,2.0,-1.0
scaffold-17-2,5,,16.0,-1.0,2.0,-1.0
scaffold-17-2,6,,16.0,-1.0,2.0,-1.0
scaffold-17-2,8,,16.0,-1.0,2.0,-1.0
scaffold-17-2,9,,16.0,-1.0,2.0,-1.0
scaffold-17-2,11,,16.0,-1.0,2.0,-1.0
scaffold-17-2,12,,16.0,-1.0,2.0,-1.0
scaffold-17-2,14,,16.0,-1.0,2.0,-1.0
scaffold-17-2,15,,16.0,-1.0,2.0,-1.0
scaffold-17-2,16,,16.0,-1.0,2.0,-1.0
scaffold-17-2,17,,16.0,-1.0,2.0,-1.0
scaffold-17-2,18,,16.0,-1.0,2.0,-1.0
scaffold-17-2,19,,16.0,-1.0,2.0,-1.0
scaffold-17-2,20,,16.0,-1.0,2.0,-1.0
scaffold-17-2,21,,16.0,-1.0,2.0,-1.0
scaffold-17-2,22,,16.0,-1.0,2.0,-1.0
scaffold-17-2,23,,16.0,-1.0,2.0,-1.0
scaffold-17-2,24,,16.0,-1.0,2.0,-1.0
scaffold-17-2,25,,16.0,-1.0,2.0,-1.0
scaffold-17-2,26,,16.0,-1.0,2.0,-1.0
scaffold-17-2,27,,16.0,-1.0,2.0,-1.0
scaffold-17-2,28,,16.0,-1.0,2.0,-1.0
scaffold-17-2,29,,16.0,-1.0,2.0,-1.0
scaffold-17-2,30,,16.0,-1.0,2.0,-1.0
scaffold-17-2,31,,16.0,-1.0,2.0,-1.0
scaffold-17-2,32,,16.0,-1.0,2.0,-1.0
scaffold-17-2,33,,16.0,-1.0,2.0,-1.0
scaffold-17-2,34,,16.0,-1.0,2.0,-1.0
scaffold-17-2,35,,16.0,-1.0,2.0,-1.0
scaffold-17-2,36,,16.0,-1.0,2.0,-1.0
scaffold-17-2,37,,16.0,-1.0,2.0,-1.0
scaffold-17-2,38,,16.0,-1.0,2.0,-1.0
scaffold-17-2,39,,16.0,-1.0,2.0,-1.0
scaffold-17-2,40,,16.0,-1.0,2.0,-1.0
scaffold-17-2,41,,16.0,-1.0,2.0,-1.0
scaffold-17-2,42,,16.0,-1.0,2.0,-1.0
scaffold-17-2,43,,16.0,-1.0,2.0,-1.0
scaffold-17-2,44,,16.0,-1.0,2.0,-1.0
scaffold-17-2,45,,16.0,-1.0,2.0,-1.0
scaffold-17-2,46,,16.0,-1.0,2.0,-1.0
scaffold-17-2,47,,16.0,-1.0,2.0,-1.0
scaffold-17-2,48,,16.0,-1.0,2.0,-1.0
scaffold-17-2,49,,16.0,-1.0,2.0,-1.0
scaffold-17-2,50,,16.0,-1.0,2.0,-1.0
scaffold-17-2,51,,16.0,-1.0,2.0,-1.0
scaffold-17-2,52,,16.0,-1.0,2.0,-1.0
scaffold-17-2,53,,16.0,-1.0,2.0,-1.0
scaffold-17-2,54,,16.0,-1.0,2.0,-1.0
scaffold-17-2,55,,16.0,-1.0,2.0,-1.0
scaffold-17-2,56,,16.0,-1.0,2.0,-1.0
scaffold-17-2,57,,16.0,-1.0,2.0,-1.0
scaffold-17-2,58,,16.0,-1.0,2.0,-1.0
scaffold-17-2,59,,16.0,-1.0,2.0,-1.0
scaffold-17-2,60,,16.0,-1.0,2.0,-1.0
scaffold-18,1,,4.0,11.0,0.08,-1.0
scaffold-18,2,,4.0,11.0,0.08,-1.0
scaffold-18,4,,4.0,11.0,0.08,-1.0
scaffold-18,5,,4.0,11.0,0.08,-1.0
scaffold-18,6,,4.0,11.0,0.08,-1.0
scaffold-18,8,,4.0,11.0,0.08,-1.0
scaffold-18,10,,4.0,11.0,0.08,-1.0
scaffold-18,11,,4.0,11.0,0.08,-1.0
scaffold-18,12,,4.0,11.0,0.08,-1.0
scaffold-18,13,,4.0,11.0,0.08,-1.0
scaffold-18,14,,4.0,11.0,0.08,-1.0
scaffold-18,15,,4.0,11.0,0.08,-1.0
scaffold-18,16,,4.0,11.0,0.08,-1.0
scaffold-18,17,,4.0,11.0,0.08,-1.0
scaffold-18,18,,4.0,11.0,0.08,-1.0
scaffold-18,19,,4.0,11.0,0.08,-1.0
scaffold-18,20,,4.0,11.0,0.08,-1.0
scaffold-18,21,,4.0,11.0,0.08,-1.0
scaffold-18,22,,4.0,11.0,0.08,-1.0
scaffold-18,23,,4.0,11.0,0.08,-1.0
scaffold-18,24,,4.0,11.0,0.08,-1.0
scaffold-18,25,,4.0,11.0,0.08,-1.0
scaffold-18,26,,4.0,11.0,0.08,-1.0
scaffold-18,27,,4.0,11.0,0.08,-1.0
scaffold-18,28,,4.0,11.0,0.08,-1.0
scaffold-18,29,,4.0,11.0,0.08,-1.0
scaffold-18,30,,4.0,11.0,0.08,-1.0
scaffold-18,31,,4.0,11.0,0.08,-1.0
scaffold-18,32,,4.0,11.0,0.08,-1.0
scaffold-18,33,,4.0,11.0,0.08,-1.0
scaffold-18,34,,4.0,11.0,0.08,-1.0
scaffold-18,35,,4.0,11.0,0.08,-1.0
scaffold-18,36,,4.0,11.0,0.08,-1.0
scaffold-18,37,,4.0,11.0,0.08,-1.0
scaffold-18,38,,4.0,11.0,0.08,-1.0
scaffold-18,39,,4.0,11.0,0.08,-1.0
scaffold-18,40,,4.0,11.0,0.08,-1.0
scaffold-18,41,,4.0,11.0,0.08,-1.0
scaffold-18,42,,4.0,11.0,0.08,-1.0
scaffold-18,43,,4.0,11.0,0.08,-1.0
scaffold-18,44,,4.0,11.0,0.08,-1.0
scaffold-18,45,,4.0,11.0,0.08,-1.0
scaffold-18,46,,4.0,11.0,0.08,-1.0
scaffold-18,47,,4.0,11.0,0.08,-1.0
scaffold-18,48,,4.0,11.0,0.08,-1.0
scaffold-18,49,,4.0,11.0,0.08,-1.0
scaffold-18,50,,4.0,11.0,0.08,-1.0
scaffold-18,51,,4.0,11.0,0.08,-1.0
scaffold-18,52,,4.0,11.0,0.08,-1.0
scaffold-18,53,,4.0,11.0,0.08,-1.0
scaffold-18,54,,4.0,11.0,0.08,-1.0
scaffold-18,55,,4.0,11.0,0.08,-1.0
scaffold-18,56,,4.0,11.0,0.08,-1.0
scaffold-18,57,,4.0,11.0,0.08,-1.0
scaffold-18,58,,4.0,11.0,0.08,-1.0
scaffold-18,59,,4.0,11.0,0.08,-1.0
scaffold-18,60,,4.0,11.0,0.08,-1.0
scaffold-19,1,,10.0,1.0,8.0,-1.0
scaffold-19,3,,10.0,1.0,8.0,-1.0
scaffold-19,5,,10.0,1.0,8.0,-1.0
scaffold-19,7,,10.0,1.0,8.0,-1.0
scaffold-19,9,,10.0,1.0,8.0,-1.0
scaffold-19,11,,10.0,1.0,8.0,-1.0
scaffold-19,13,,10.0,1.0,8.0,-1.0
scaffold-19,15,,10.0,1.0,8.0,-1.0
scaffold-19,17,,10.0,1.0,8.0,-1.0
scaffold-19,19,,10.0,1.0,8.0,-1.0
scaffold-19,21,,10.0,1.0,8.0,-1.0
scaffold-19,23,,10.0,1.0,8.0,-1.0
scaffold-19,25,,10.0,1.0,8.0,-1.0
scaffold-19,26,,10.0,1.0,8.0,-1.0
scaffold-19,27,,10.0,1.0,8.0,-1.0
scaffold-19,28,,10.0,1.0,8.0,-1.0
scaffold-19,29,,10.0,1.0,8.0,-1.0
scaffold-19,30,,10.0,1.0,8.0,-1.0
scaffold-19,31,,10.0,1.0,8.0,-1.0
scaffold-19,32,,10.0,1.0,8.0,-1.0
scaffold-19,33,,10.0,1.0,8.0,-1.0
scaffold-19,34,,10.0,1.0,8.0,-1.0
scaffold-19,35,,10.0,1.0,8.0,-1.0
scaffold-19,36,,10.0,1.0,8.0,-1.0
scaffold-19,37,,10.0,1.0,8.0,-1.0
scaffold-19,38,,10.0,1.0,8.0,-1.0
scaffold-19,39,,10.0,1.0,8.0,-1.0
scaffold-19,40,,10.0,1.0,8.0,-1.0
scaffold-19,41,,10.0,1.0,8.0,-1.0
scaffold-19,42,,10.0,1.0,8.0,-1.0
scaffold-19,43,,10.0,1.0,8.0,-1.0
scaffold-19,44,,10.0,1.0,8.0,-1.0
scaffold-19,45,,10.0,1.0,8.0,-1.0
scaffold-19,46,,10.0,1.0,8.0,-1.0
scaffold-19,47,,10.0,1.0,8.0,-1.0
scaffold-19,48,,10.0,1.0,8.0,-1.0
scaffold-19,49,,10.0,1.0,8.0,-1.0
scaffold-19,50,,10.0,1.0,8.0,-1.0
scaffold-19,51,,10.0,1.0,8.0,-1.0
scaffold-19,52,,10.0,1.0,8.0,-1.0
scaffold-19,53,,10.0,1.0,8.0,-1.0
scaffold-19,54,,10.0,1.0,8.0,-1.0
scaffold-19,55,,10.0,1.0,8.0,-1.0
scaffold-19,56,,10.0,1.0,8.0,-1.0
scaffold-19,57,,10.0,1.0,8.0,-1.0
scaffold-19,58,,10.0,1.0,8.0,-1.0
scaffold-19,59,,10.0,1.0,8.0,-1.0
scaffold-19,60,,10.0,1.0,8.0,-1.0
scaffold-21-1,1,,10.0,-1.0,0.75,-1.0
scaffold-21-1,3,,10.0,-1.0,0.75,-1.0
scaffold-21-1,5,,10.0,-1.0,0.75,-1.0
scaffold-21-1,7,,10.0,-1.0,0.75,-1.0
scaffold-21-1,9,,10.0,-1.0,0.75,-1.0
scaffold-21-1,10,,10.0,-1.0,0.75,-1.0
scaffold-21-1,11,,10.0,-1.0,0.75,-1.0
scaffold-21-1,12,,10.0,-1.0,0.75,-1.0
scaffold-21-1,13,,10.0,-1.0,0.75,-1.0
scaffold-21-1,15,,10.0,-1.0,0.75,-1.0
scaffold-21-1,16,,10.0,-1.0,0.75,-1.0
scaffold-21-1,17,,10.0,-1.0,0.75,-1.0
scaffold-21-1,18,,10.0,-1.0,0.75,-1.0
scaffold-21-1,19,,10.0,-1.0,0.75,-1.0
scaffold-21-1,21,,10.0,-1.0,0.75,-1.0
scaffold-21-1,22,,10.0,-1.0,0.75,-1.0
scaffold-21-1,23,,10.0,-1.0,0.75,-1.0
scaffold-21-1,24,,10.0,-1.0,0.75,-1.0
scaffold-21-1,25,,10.0,-1.0,0.75,-1.0
scaffold-21-1,26,,10.0,-1.0,0.75,-1.0
scaffold-21-1,27,,10.0,-1.0,0.75,-1.0
scaffold-21-1,28,,10.0,-1.0,0.75,-1.0
scaffold-21-1,29,,10.0,-1.0,0.75,-1.0
scaffold-21-1,30,,10.0,-1.0,0.75,-1.0
scaffold-21-1,31,,10.0,-1.0,0.75,-1.0
scaffold-21-1,32,,10.0,-1.0,0.75,-1.0
scaffold-21-1,33,,10.0,-1.0,0.75,-1.0
scaffold-21-1,34,,10.0,-1.0,0.75,-1.0
scaffold-21-1,35,,10.0,-1.0,0.75,-1.0
scaffold-21-1,36,,10.0,-1.0,0.75,-1.0
scaffold-21-1,37,,10.0,-1.0,0.75,-1.0
scaffold-21-1,38,,10.0,-1.0,0.75,-1.0
scaffold-21-1,39,,10.0,-1.0,0.75,-1.0
scaffold-21-1,40,,10.0,-1.0,0.75,-1.0
scaffold-21-1,41,,10.0,-1.0,0.75,-1.0
scaffold-21-1,42,,10.0,-1.0,0.75,-1.0
scaffold-21-1,43,,10.0,-1.0,0.75,-1.0
scaffold-21-1,44,,10.0,-1.0,0.75,-1.0
scaffold-21-1,45,,10.0,-1.0,0.75,-1.0
scaffold-21-1,46,,10.0,-1.0,0.75,-1.0
scaffold-21-1,47,,10.0,-1.0,0.75,-1.0
scaffold-21-1,48,,10.0,-1.0,0.75,-1.0
scaffold-21-1,49,,10.0,-1.0,0.75,-1.0
scaffold-21-1,50,,10.0,-1.0,0.75,-1.0
scaffold-21-1,51,,10.0,-1.0,0.75,-1.0
scaffold-21-1,52,,10.0,-1.0,0.75,-1.0
scaffold-21-1,53,,10.0,-1.0,0.75,-1.0
scaffold-21-1,54,,10.0,-1.0,0.75,-1.0
scaffold-21-1,55,,10.0,-1.0,0.75,-1.0
scaffold-21-1,56,,10.0,-1.0,0.75,-1.0
scaffold-21-1,57,,10.0,-1.0,0.75,-1.0
scaffold-21-1,58,,10.0,-1.0,0.75,-1.0
scaffold-21-1,59,,10.0,-1.0,0.75,-1.0
scaffold-21-1,60,,10.0,-1.0,0.75,-1.0
scaffold-21-2,1,,10.15,-1.0,0.75,0.15
scaffold-21-2,3,,10.15,-1.0,0.75,0.15
scaffold-21-2,5,,10.15,-1.0,0.75,0.15
scaffold-21-2,7,,10.15,-1.0,0.75,0.15
scaffold-21-2,9,,10.15,-1.0,0.75,0.15
scaffold-21-2,10,,10.15,-1.0,0.75,0.15
scaffold-21-2,11,,10.15,-1.0,0.75,0.15
scaffold-21-2,12,,10.15,-1.0,0.75,0.15
scaffold-21-2,13,,10.15,-1.0,0.75,0.15
scaffold-21-2,15,,10.15,-1.0,0.75,0.15
scaffold-21-2,16,,10.15,-1.0,0.75,0.15
scaffold-21-2,17,,10.15,-1.0,0.75,0.15
scaffold-21-2,18,,10.15,-1.0,0.75,0.15
scaffold-21-2,19,,10.15,-1.0,0.75,0.15
scaffold-21-2,21,,10.15,-1.0,0.75,0.15
scaffold-21-2,22,,10.15,-1.0,0.75,0.15
scaffold-21-2,23,,10.15,-1.0,0.75,0.15
scaffold-21-2,24,,10.15,-1.0,0.75,0.15
scaffold-21-2,25,,10.15,-1.0,0.75,0.15
scaffold-21-2,26,,10.15,-1.0,0.75,0.15
scaffold-21-2,27,,10.15,-1.0,0.75,0.15
scaffold-21-2,28,,10.15,-1.0,0.75,0.15
scaffold-21-2,29,,10.15,-1.0,0.75,0.15
scaffold-21-2,30,,10.15,-1.0,0.75,0.15
scaffold-21-2,31,,10.15,-1.0,0.75,0.15
scaffold-21-2,32,,10.15,-1.0,0.75,0.15
scaffold-21-2,33,,10.15,-1.0,0.75,0.15
scaffold-21-2,34,,10.15,-1.0,0.75,0.15
scaffold-21-2,35,,10.15,-1.0,0.75,0.15
scaffold-21-2,36,,10.15,-1.0,0.75,0.15
scaffold-21-2,37,,10.15,-1.0,0.75,0.15
scaffold-21-2,38,,10.15,-1.0,0.75,0.15
scaffold-21-2,39,,10.15,-1.0,0.75,0.15
scaffold-21-2,40,,10.15,-1.0,0.75,0.15
scaffold-21-2,41,,10.15,-1.0,0.75,0.15
scaffold-21-2,42,,10.15,-1.0,0.75,0.15
scaffold-21-2,43,,10.15,-1.0,0.75,0.15
scaffold-21-2,44,,10.15,-1.0,0.75,0.15
scaffold-21-2,45,,10.15,-1.0,0.75,0.15
scaffold-21-2,46,,10.15,-1.0,0.75,0.15
scaffold-21-2,47,,10.15,-1.0,0.75,0.15
scaffold-21-2,48,,10.15,-1.0,0.75,0.15
scaffold-21-2,49,,10.15,-1.0,0.75,0.15
scaffold-21-2,50,,10.15,-1.0,0.75,0.15
scaffold-21-2,51,,10.15,-1.0,0.75,0.15
scaffold-21-2,52,,10.15,-1.0,0.75,0.15
scaffold-21-2,53,,10.15,-1.0,0.75,0.15
scaffold-21-2,54,,10.15,-1.0,0.75,0.15
scaffold-21-2,55,,10.15,-1.0,0.75,0.15
scaffold-21-2,56,,10.15,-1.0,0.75,0.15
scaffold-21-2,57,,10.15,-1.0,0.75,0.15
scaffold-21-2,58,,10.15,-1.0,0.75,0.15
scaffold-21-2,59,,10.15,-1.0,0.75,0.15
scaffold-21-2,60,,10.15,-1.0,0.75,0.15
scaffold-22,1,,10.0,1.0,0.1,-1.0
scaffold-22,4,,10.0,1.0,0.1,-1.0
scaffold-22,6,,10.0,1.0,0.1,-1.0
scaffold-22,8,,10.0,1.0,0.1,-1.0
scaffold-22,10,,10.0,1.0,0.1,-1.0
scaffold-22,11,,10.0,1.0,0.1,-1.0
scaffold-22,12,,10.0,1.0,0.1,-1.0
scaffold-22,13,,10.0,1.0,0.1,-1.0
scaffold-22,14,,10.0,1.0,0.1,-1.0
scaffold-22,15,,10.0,1.0,0.1,-1.0
scaffold-22,16,,10.0,1.0,0.1,-1.0
scaffold-22,17,,10.0,1.0,0.1,-1.0
scaffold-22,18,,10.0,1.0,0.1,-1.0
scaffold-22,19,,10.0,1.0,0.1,-1.0
scaffold-22,20,,10.0,1.0,0.1,-1.0
scaffold-22,21,,10.0,1.0,0.1,-1.0
scaffold-22,22,,10.0,1.0,0.1,-1.0
scaffold-22,23,,10.0,1.0,0.1,-1.0
scaffold-22,24,,10.0,1.0,0.1,-1.0
scaffold-22,25,,10.0,1.0,0.1,-1.0
scaffold-22,26,,10.0,1.0,0.1,-1.0
scaffold-22,27,,10.0,1.0,0.1,-1.0
scaffold-22,28,,10.0,1.0,0.1,-1.0
scaffold-22,29,,10.0,1.0,0.1,-1.0
scaffold-22,30,,10.0,1.0,0.1,-1.0
scaffold-22,31,,10.0,1.0,0.1,-1.0
scaffold-22,32,,10.0,1.0,0.1,-1.0
scaffold-22,33,,10.0,1.0,0.1,-1.0
scaffold-22,34,,10.0,1.0,0.1,-1.0
scaffold-22,35,,10.0,1.0,0.1,-1.0
scaffold-22,36,,10.0,1.0,0.1,-1.0
scaffold-22,37,,10.0,1.0,0.1,-1.0
scaffold-22,38,,10.0,1.0,0.1,-1.0
scaffold-22,39,,10.0,1.0,0.1,-1.0
scaffold-22,40,,10.0,1.0,0.1,-1.0
scaffold-22,41,,10.0,1.0,0.1,-1.0
scaffold-22,42,,10.0,1.0,0.1,-1.0
scaffold-22,43,,10.0,1.0,0.1,-1.0
scaffold-22,44,,10.0,1.0,0.1,-1.0
scaffold-22,45,,10.0,1.0,0.1,-1.0
scaffold-22,46,,10.0,1.0,0.1,-1.0
scaffold-22,47,,10.0,1.0,0.1,-1.0
scaffold-22,48,,10.0,1.0,0.1,-1.0
scaffold-22,49,,10.0,1.0,0.1,-1.0
scaffold-22,50,,10.0,1.0,0.1,-1.0
scaffold-22,51,,10.0,1.0,0.1,-1.0
scaffold-22,52,,10.0,1.0,0.1,-1.0
scaffold-22,53,,10.0,1.0,0.1,-1.0
scaffold-22,54,,10.0,1.0,0.1,-1.0
scaffold-22,55,,10.0,1.0,0.1,-1.0
scaffold-22,56,,10.0,1.0,0.1,-1.0
scaffold-22,57,,10.0,1.0,0.1,-1.0
scaffold-22,58,,10.0,1.0,0.1,-1.0
scaffold-22,59,,10.0,1.0,0.1,-1.0
scaffold-22,60,,10.0,1.0,0.1,-1.0
scaffold-23,8,,10.0,1.0,0.25,-1.0
scaffold-23,9,,10.0,1.0,0.25,-1.0
scaffold-23,10,,10.0,1.0,0.25,-1.0
scaffold-23,11,,10.0,1.0,0.25,-1.0
scaffold-23,12,,10.0,1.0,0.25,-1.0
scaffold-23,13,,10.0,1.0,0.25,-1.0
scaffold-23,14,,10.0,1.0,0.25,-1.0
scaffold-23,15,,10.0,1.0,0.25,-1.0
scaffold-23,16,,10.0,1.0,0.25,-1.0
scaffold-23,17,,10.0,1.0,0.25,-1.0
scaffold-23,18,,10.0,1.0,0.25,-1.0
scaffold-23,19,,10.0,1.0,0.25,-1.0
scaffold-23,20,,10.0,1.0,0.25,-1.0
scaffold-23,21,,10.0,1.0,0.25,-1.0
scaffold-23,22,,10.0,1.0,0.25,-1.0
scaffold-23,23,,10.0,1.0,0.25,-1.0
scaffold-23,24,,10.0,1.0,0.25,-1.0
scaffold-23,25,,10.0,1.0,0.25,-1.0
scaffold-23,26,,10.0,1.0,0.25,-1.0
scaffold-23,27,,10.0,1.0,0.25,-1.0
scaffold-23,28,,10.0,1.0,0.25,-1.0
scaffold-23,29,,10.0,1.0,0.25,-1.0
scaffold-23,30,,10.0,1.0,0.25,-1.0
scaffold-23,31,,10.0,1.0,0.25,-1.0
scaffold-23,32,,10.0,1.0,0.25,-1.0
scaffold-23,33,,10.0,1.0,0.25,-1.0
scaffold-23,34,,10.0,1.0,0.25,-1.0
scaffold-23,35,,10.0,1.0,0.25,-1.0
scaffold-23,36,,10.0,1.0,0.25,-1.0
scaffold-23,37,,10.0,1.0,0.25,-1.0
scaffold-23,38,,10.0,1.0,0.25,-1.0
scaffold-23,39,,10.0,1.0,0.25,-1.0
scaffold-23,40,,10.0,1.0,0.25,-1.0
scaffold-23,41,,10.0,1.0,0.25,-1.0
scaffold-23,42,,10.0,1.0,0.25,-1.0
scaffold-23,43,,10.0,1.0,0.25,-1.0
scaffold-23,44,,10.0,1.0,0.25,-1.0
scaffold-23,45,,10.0,1.0,0.25,-1.0
scaffold-23,46,,10.0,1.0,0.25,-1.0
scaffold-23,47,,10.0,1.0,0.25,-1.0
scaffold-23,48,,10.0,1.0,0.25,-1.0
scaffold-23,49,,10.0,1.0,0.25,-1.0
scaffold-23,50,,10.0,1.0,0.25,-1.0
scaffold-23,51,,10.0,1.0,0.25,-1.0
scaffold-23,52,,10.0,1.0,0.25,-1.0
scaffold-23,53,,10.0,1.0,0.25,-1.0
scaffold-23,54,,10.0,1.0,0.25,-1.0
scaffold-23,55,,10.0,1.0,0.25,-1.0
scaffold-23,56,,10.0,1.0,0.25,-1.0
scaffold-23,57,,10.0,1.0,0.25,-1.0
scaffold-23,58,,10.0,1.0,0.25,-1.0
scaffold-23,59,,10.0,1.0,0.25,-1.0
scaffold-23,60,,10.0,1.0,0.25,-1.0
scaffold-25,1,,1.0,1.0,0.8,-1.0
scaffold-25,2,,1.0,1.0,0.8,-1.0
scaffold-25,3,,1.0,1.0,0.8,-1.0
scaffold-25,4,,1.0,1.0,0.8,-1.0
scaffold-25,5,,1.0,1.0,0.8,-1.0
scaffold-25,7,,1.0,1.0,0.8,-1.0
scaffold-25,9,,1.0,1.0,0.8,-1.0
scaffold-25,11,,1.0,1.0,0.8,-1.0
scaffold-25,13,,1.0,1.0,0.8,-1.0
scaffold-25,15,,1.0,1.0,0.8,-1.0
scaffold-25,17,,1.0,1.0,0.8,-1.0
scaffold-25,19,,1.0,1.0,0.8,-1.0
scaffold-25,21,,1.0,1.0,0.8,-1.0
scaffold-25,23,,1.0,1.0,0.8,-1.0
scaffold-25,25,,1.0,1.0,0.8,-1.0
scaffold-25,27,,1.0,1.0,0.8,-1.0
scaffold-25,29,,1.0,1.0,0.8,-1.0
scaffold-25,30,,1.0,1.0,0.8,-1.0
scaffold-25,31,,1.0,1.0,0.8,-1.0
scaffold-25,32,,1.0,1.0,0.8,-1.0
scaffold-25,33,,1.0,1.0,0.8,-1.0
scaffold-25,34,,1.0,1.0,0.8,-1.0
scaffold-25,35,,1.0,1.0,0.8,-1.0
scaffold-25,36,,1.0,1.0,0.8,-1.0
scaffold-25,37,,1.0,1.0,0.8,-1.0
scaffold-25,38,,1.0,1.0,0.8,-1.0
scaffold-25,39,,1.0,1.0,0.8,-1.0
scaffold-25,40,,1.0,1.0,0.8,-1.0
scaffold-25,41,,1.0,1.0,0.8,-1.0
scaffold-25,42,,1.0,1.0,0.8,-1.0
scaffold-25,43,,1.0,1.0,0.8,-1.0
scaffold-25,44,,1.0,1.0,0.8,-1.0
scaffold-25,45,,1.0,1.0,0.8,-1.0
scaffold-25,46,,1.0,1.0,0.8,-1.0
scaffold-25,47,,1.0,1.0,0.8,-1.0
scaffold-25,48,,1.0,1.0,0.8,-1.0
scaffold-25,49,,1.0,1.0,0.8,-1.0
scaffold-25,50,,1.0,1.0,0.8,-1.0
scaffold-25,51,,1.0,1.0,0.8,-1.0
scaffold-25,52,,1.0,1.0,0.8,-1.0
scaffold-25,53,,1.0,1.0,0.8,-1.0
scaffold-25,54,,1.0,1.0,0.8,-1.0
scaffold-25,55,,1.0,1.0,0.8,-1.0
scaffold-25,56,,1.0,1.0,0.8,-1.0
scaffold-25,57,,1.0,1.0,0.8,-1.0
scaffold-25,58,,1.0,1.0,0.8,-1.0
scaffold-25,59,,1.0,1.0,0.8,-1.0
scaffold-25,60,,1.0,1.0,0.8,-1.0
spheroid-1-1,1,,8.0,1.0,0.6,-1.0
spheroid-1-1,2,,8.0,1.0,0.6,-1.0
spheroid-1-1,3,,8.0,1.0,0.6,-1.0
spheroid-1-1,5,,8.0,1.0,0.6,-1.0
spheroid-1-1,6,,8.0,1.0,0.6,-1.0
spheroid-1-1,8,,8.0,1.0,0.6,-1.0
spheroid-1-1,9,,8.0,1.0,0.6,-1.0
spheroid-1-1,10,,8.0,1.0,0.6,-1.0
spheroid-1-1,11,,8.0,1.0,0.6,-1.0
spheroid-1-1,12,,8.0,1.0,0.6,-1.0
spheroid-1-1,13,,8.0,1.0,0.6,-1.0
spheroid-1-1,14,,8.0,1.0,0.6,-1.0
spheroid-1-1,15,,8.0,1.0,0.6,-1.0
spheroid-1-1,16,,8.0,1.0,0.6,-1.0
spheroid-1-1,17,,8.0,1.0,0.6,-1.0
spheroid-1-1,18,,8.0,1.0,0.6,-1.0
spheroid-1-1,19,,8.0,1.0,0.6,-1.0
spheroid-1-1,20,,8.0,1.0,0.6,-1.0
spheroid-1-1,21,,8.0,1.0,0.6,-1.0
spheroid-1-1,22,,8.0,1.0,0.6,-1.0
spheroid-1-1,23,,8.0,1.0,0.6,-1.0
spheroid-1-1,24,,8.0,1.0,0.6,-1.0
spheroid-1-1,25,,8.0,1.0,0.6,-1.0
spheroid-1-1,26,,8.0,1.0,0.6,-1.0
spheroid-1-1,27,,8.0,1.0,0.6,-1.0
spheroid-1-1,28,,8.0,1.0,0.6,-1.0
spheroid-1-1,29,,8.0,1.0,0.6,-1.0
spheroid-1-1,30,,8.0,1.0,0.6,-1.0
spheroid-1-1,31,,8.0,1.0,0.6,-1.0
spheroid-1-1,32,,8.0,1.0,0.6,-1.0
spheroid-1-1,33,,8.0,1.0,0.6,-1.0
spheroid-1-1,34,,8.0,1.0,0.6,-1.0
spheroid-1-1,35,,8.0,1.0,0.6,-1.0
spheroid-1-1,36,,8.0,1.0,0.6,-1.0
spheroid-1-1,37,,8.0,1.0,0.6,-1.0
spheroid-1-1,38,,8.0,1.0,0.6,-1.0
spheroid-1-1,39,,8.0,1.0,0.6,-1.0
spheroid-1-1,40,,8.0,1.0,0.6,-1.0
spheroid-1-1,41,,8.0,1.0,0.6,-1.0
spheroid-1-1,42,,8.0,1.0,0.6,-1.0
spheroid-1-1,43,,8.0,1.0,0.6,-1.0
spheroid-1-1,44,,8.0,1.0,0.6,-1.0
spheroid-1-1,45,,8.0,1.0,0.6,-1.0
spheroid-1-1,46,,8.0,1.0,0.6,-1.0
spheroid-1-1,47,,8.0,1.0,0.6,-1.0
spheroid-1-1,48,,8.0,1.0,0.6,-1.0
spheroid-1-1,49,,8.0,1.0,0.6,-1.0
spheroid-1-1,50,,8.0,1.0,0.6,-1.0
spheroid-1-1,51,,8.0,1.0,0.6,-1.0
spheroid-1-1,52,,8.0,1.0,0.6,-1.0
spheroid-1-1,53,,8.0,1.0,0.6,-1.0
spheroid-1-1,54,,8.0,1.0,0.6,-1.0
spheroid-1-1,55,,8.0,1.0,0.6,-1.0
spheroid-1-1,56,,8.0,1.0,0.6,-1.0
spheroid-1-1,57,,8.0,1.0,0.6,-1.0
spheroid-1-1,58,,8.0,1.0,0.6,-1.0
spheroid-1-1,59,,8.0,1.0,0.6,-1.0
spheroid-1-1,60,,8.0,1.0,0.6,-1.0
spheroid-1-2,1,,6.0,1.0,0.72,-1.0
spheroid-1-2,2,,6.0,1.0,0.72,-1.0
spheroid-1-2,3,,6.0,1.0,0.72,-1.0
spheroid-1-2,5,,6.0,1.0,0.72,-1.0
spheroid-1-2,6,,6.0,1.0,0.72,-1.0
spheroid-1-2,8,,6.0,1.0,0.72,-1.0
spheroid-1-2,9,,6.0,1.0,0.72,-1.0
spheroid-1-2,10,,6.0,1.0,0.72,-1.0
spheroid-1-2,11,,6.0,1.0,0.72,-1.0
spheroid-1-2,12,,6.0,1.0,0.72,-1.0
spheroid-1-2,13,,6.0,1.0,0.72,-1.0
spheroid-1-2,14,,6.0,1.0,0.72,-1.0
spheroid-1-2,15,,6.0,1.0,0.72,-1.0
spheroid-1-2,16,,6.0,1.0,0.72,-1.0
spheroid-1-2,17,,6.0,1.0,0.72,-1.0
spheroid-1-2,18,,6.0,1.0,0.72,-1.0
spheroid-1-2,19,,6.0,1.0,0.72,-1.0
spheroid-1-2,20,,6.0,1.0,0.72,-1.0
spheroid-1-2,21,,6.0,1.0,0.72,-1.0
spheroid-1-2,22,,6.0,1.0,0.72,-1.0
spheroid-1-2,23,,6.0,1.0,0.72,-1.0
spheroid-1-2,24,,6.0,1.0,0.72,-1.0
spheroid-1-2,25,,6.0,1.0,0.72,-1.0
spheroid-1-2,26,,6.0,1.0,0.72,-1.0
spheroid-1-2,27,,6.0,1.0,0.72,-1.0
spheroid-1-2,28,,6.0,1.0,0.72,-1.0
spheroid-1-2,29,,6.0,1.0,0.72,-1.0
spheroid-1-2,30,,6.0,1.0,0.72,-1.0
spheroid-1-2,31,,6.0,1.0,0.72,-1.0
spheroid-1-2,32,,6.0,1.0,0.72,-1.0
spheroid-1-2,33,,6.0,1.0,0.72,-1.0
spheroid-1-2,34,,6.0,1.0,0.72,-1.0
spheroid-1-2,35,,6.0,1.0,0.72,-1.0
spheroid-1-2,36,,6.0,1.0,0.72,-1.0
spheroid-1-2,37,,6.0,1.0,0.72,-1.0
spheroid-1-2,38,,6.0,1.0,0.72,-1.0
spheroid-1-2,39,,6.0,1.0,0.72,-1.0
spheroid-1-2,40,,6.0,1.0,0.72,-1.0
spheroid-1-2,41,,6.0,1.0,0.72,-1.0
spheroid-1-2,42,,6.0,1.0,0.72,-1.0
spheroid-1-2,43,,6.0,1.0,0.72,-1.0
spheroid-1-2,44,,6.0,1.0,0.72,-1.0
spheroid-1-2,45,,6.0,1.0,0.72,-1.0
spheroid-1-2,46,,6.0,1.0,0.72,-1.0
spheroid-1-2,47,,6.0,1.0,0.72,-1.0
spheroid-1-2,48,,6.0,1.0,0.72,-1.0
spheroid-1-2,49,,6.0,1.0,0.72,-1.0
spheroid-1-2,50,,6.0,1.0,0.72,-1.0
spheroid-1-2,51,,6.0,1.0,0.72,-1.0
spheroid-1-2,52,,6.0,1.0,0.72,-1.0
spheroid-1-2,53,,6.0,1.0,0.72,-1.0
spheroid-1-2,54,,6.0,1.0,0.72,-1.0
spheroid-1-2,55,,6.0,1.0,0.72,-1.0
spheroid-1-2,56,,6.0,1.0,0.72,-1.0
spheroid-1-2,57,,6.0,1.0,0.72,-1.0
spheroid-1-2,58,,6.0,1.0,0.72,-1.0
spheroid-1-2,59,,6.0,1.0,0.72,-1.0
spheroid-1-2,60,,6.0,1.0,0.72,-1.0
spheroid-2,1,,19.0,1.0,0.02,-1.0
spheroid-2,2,,19.0,1.0,0.02,-1.0
spheroid-2,3,,19.0,1.0,0.02,-1.0
spheroid-2,4,,19.0,1.0,0.02,-1.0
spheroid-2,5,,19.0,1.0,0.02,-1.0
spheroid-2,6,,19.0,1.0,0.02,-1.0
spheroid-2,7,,19.0,1.0,0.02,-1.0
spheroid-2,8,,19.0,1.0,0.02,-1.0
spheroid-2,9,,19.0,1.0,0.02,-1.0
spheroid-2,10,,19.0,1.0,0.02,-1.0
spheroid-2,11,,19.0,1.0,0.02,-1.0
spheroid-2,12,,19.0,1.0,0.02,-1.0
spheroid-2,13,,19.0,1.0,0.02,-1.0
spheroid-2,14,,19.0,1.0,0.02,-1.0
spheroid-2,15,,19.0,1.0,0.02,-1.0
spheroid-2,16,,19.0,1.0,0.02,-1.0
spheroid-2,17,,19.0,1.0,0.02,-1.0
spheroid-2,19,,19.0,1.0,0.02,-1.0
spheroid-2,20,,19.0,1.0,0.02,-1.0
spheroid-2,22,,19.0,1.0,0.02,-1.0
spheroid-2,23,,19.0,1.0,0.02,-1.0
spheroid-2,25,,19.0,1.0,0.02,-1.0
spheroid-2,26,,19.0,1.0,0.02,-1.0
spheroid-2,28,,19.0,1.0,0.02,-1.0
spheroid-2,29,,19.0,1.0,0.02,-1.0
spheroid-2,30,,19.0,1.0,0.02,-1.0
spheroid-2,31,,19.0,1.0,0.02,-1.0
spheroid-2,32,,19.0,1.0,0.02,-1.0
spheroid-2,33,,19.0,1.0,0.02,-1.0
spheroid-2,34,,19.0,1.0,0.02,-1.0
spheroid-2,35,,19.0,1.0,0.02,-1.0
spheroid-2,36,,19.0,1.0,0.02,-1.0
spheroid-2,37,,19.0,1.0,0.02,-1.0
spheroid-2,38,,19.0,1.0,0.02,-1.0
spheroid-2,39,,19.0,1.0,0.02,-1.0
spheroid-2,40,,19.0,1.0,0.02,-1.0
spheroid-2,41,,19.0,1.0,0.02,-1.0
spheroid-2,42,,19.0,1.0,0.02,-1.0
spheroid-2,43,,19.0,1.0,0.02,-1.0
spheroid-2,44,,19.0,1.0,0.02,-1.0
spheroid-2,45,,19.0,1.0,0.02,-1.0
spheroid-2,46,,19.0,1.0,0.02,-1.0
spheroid-2,47,,19.0,1.0,0.02,-1.0
spheroid-2,48,,19.0,1.0,0.02,-1.0
spheroid-2,49,,19.0,1.0,0.02,-1.0
spheroid-2,50,,19.0,1.0,0.02,-1.0
spheroid-2,51,,19.0,1.0,0.02,-1.0
spheroid-2,52,,19.0,1.0,0.02,-1.0
spheroid-2,53,,19.0,1.0,0.02,-1.0
spheroid-2,54,,19.0,1.0,0.02,-1.0
spheroid-2,55,,19.0,1.0,0.02,-1.0
spheroid-2,56,,19.0,1.0,0.02,-1.0
spheroid-2,57,,19.0,1.0,0.02,-1.0
spheroid-2,58,,19.0,1.0,0.02,-1.0
spheroid-2,59,,19.0,1.0,0.02,-1.0
spheroid-2,60,,19.0,1.0,0.02,-1.0
spheroid-6,1,,8.0,1.0,0.18,-1.0
spheroid-6,4,,8.0,1.0,0.18,-1.0
spheroid-6,6,,8.0,1.0,0.18,-1.0
spheroid-6,7,,8.0,1.0,0.18,-1.0
spheroid-6,8,,8.0,1.0,0.18,-1.0
spheroid-6,9,,8.0,1.0,0.18,-1.0
spheroid-6,10,,8.0,1.0,0.18,-1.0
spheroid-6,11,,8.0,1.0,0.18,-1.0
spheroid-6,12,,8.0,1.0,0.18,-1.0
spheroid-6,13,,8.0,1.0,0.18,-1.0
spheroid-6,14,,8.0,1.0,0.18,-1.0
spheroid-6,15,,8.0,1.0,0.18,-1.0
spheroid-6,16,,8.0,1.0,0.18,-1.0
spheroid-6,17,,8.0,1.0,0.18,-1.0
spheroid-6,18,,8.0,1.0,0.18,-1.0
spheroid-6,19,,8.0,1.0,0.18,-1.0
spheroid-6,20,,8.0,1.0,0.18,-1.0
spheroid-6,21,,8.0,1.0,0.18,-1.0
spheroid-6,22,,8.0,1.0,0.18,-1.0
spheroid-6,23,,8.0,1.0,0.18,-1.0
spheroid-6,24,,8.0,1.0,0.18,-1.0
spheroid-6,25,,8.0,1.0,0.18,-1.0
spheroid-6,26,,8.0,1.0,0.18,-1.0
spheroid-6,27,,8.0,1.0,0.18,-1.0
spheroid-6,28,,8.0,1.0,0.18,-1.0
spheroid-6,29,,8.0,1.0,0.18,-1.0
spheroid-6,30,,8.0,1.0,0.18,-1.0
spheroid-6,31,,8.0,1.0,0.18,-1.0
spheroid-6,32,,8.0,1.0,0.18,-1.0
spheroid-6,33,,8.0,1.0,0.18,-1.0
spheroid-6,34,,8.0,1.0,0.18,-1.0
spheroid-6,35,,8.0,1.0,0.18,-1.0
spheroid-6,36,,8.0,1.0,0.18,-1.0
spheroid-6,37,,8.0,1.0,0.18,-1.0
spheroid-6,38,,8.0,1.0,0.18,-1.0
spheroid-6,39,,8.0,1.0,0.18,-1.0
spheroid-6,40,,8.0,1.0,0.18,-1.0
spheroid-6,41,,8.0,1.0,0.18,-1.0
spheroid-6,42,,8.0,1.0,0.18,-1.0
spheroid-6,43,,8.0,1.0,0.18,-1.0
spheroid-6,44,,8.0,1.0,0.18,-1.0
spheroid-6,45,,8.0,1.0,0.18,-1.0
spheroid-6,46,,8.0,1.0,0.18,-1.0
spheroid-6,47,,8.0,1.0,0.18,-1.0
spheroid-6,48,,8.0,1.0,0.18,-1.0
spheroid-6,49,,8.0,1.0,0.18,-1.0
spheroid-6,50,,8.0,1.0,0.18,-1.0
spheroid-6,51,,8.0,1.0,0.18,-1.0
spheroid-6,52,,8.0,1.0,0.18,-1.0
spheroid-6,53,,8.0,1.0,0.18,-1.0
spheroid-6,54,,8.0,1.0,0.18,-1.0
spheroid-6,55,,8.0,1.0,0.18,-1.0
spheroid-6,56,,8.0,1.0,0.18,-1.0
spheroid-6,57,,8.0,1.0,0.18,-1.0
spheroid-6,58,,8.0,1.0,0.18,-1.0
spheroid-6,59,,8.0,1.0,0.18,-1.0
spheroid-6,60,,8.0,1.0,0.18,-1.0
spheroid-8-1,6,,10.0,1.13,0.1,-1.0
spheroid-8-1,7,,10.0,1.13,0.1,-1.0
spheroid-8-1,8,,10.0,1.13,0.1,-1.0
spheroid-8-1,9,,10.0,1.13,0.1,-1.0
spheroid-8-1,10,,10.0,1.13,0.1,-1.0
spheroid-8-1,11,,10.0,1.13,0.1,-1.0
spheroid-8-1,12,,10.0,1.13,0.1,-1.0
spheroid-8-1,13,,10.0,1.13,0.1,-1.0
spheroid-8-1,14,,10.0,1.13,0.1,-1.0
spheroid-8-1,15,,10.0,1.13,0.1,-1.0
spheroid-8-1,16,,10.0,1.13,0.1,-1.0
spheroid-8-1,17,,10.0,1.13,0.1,-1.0
spheroid-8-1,18,,10.0,1.13,0.1,-1.0
spheroid-8-1,19,,10.0,1.13,0.1,-1.0
spheroid-8-1,20,,10.0,1.13,0.1,-1.0
spheroid-8-1,21,,10.0,1.13,0.1,-1.0
spheroid-8-1,22,,10.0,1.13,0.1,-1.0
spheroid-8-1,23,,10.0,1.13,0.1,-1.0
spheroid-8-1,24,,10.0,1.13,0.1,-1.0
spheroid-8-1,25,,10.0,1.13,0.1,-1.0
spheroid-8-1,26,,10.0,1.13,0.1,-1.0
spheroid-8-1,27,,10.0,1.13,0.1,-1.0
spheroid-8-1,28,,10.0,1.13,0.1,-1.0
spheroid-8-1,29,,10.0,1.13,0.1,-1.0
spheroid-8-1,30,,10.0,1.13,0.1,-1.0
spheroid-8-1,31,,10.0,1.13,0.1,-1.0
spheroid-8-1,32,,10.0,1.13,0.1,-1.0
spheroid-8-1,33,,10.0,1.13,0.1,-1.0
spheroid-8-1,34,,10.0,1.13,0.1,-1.0
spheroid-8-1,35,,10.0,1.13,0.1,-1.0
spheroid-8-1,36,,10.0,1.13,0.1,-1.0
spheroid-8-1,37,,10.0,1.13,0.1,-1.0
spheroid-8-1,38,,10.0,1.13,0.1,-1.0
spheroid-8-1,39,,10.0,1.13,0.1,-1.0
spheroid-8-1,40,,10.0,1.13,0.1,-1.0
spheroid-8-1,41,,10.0,1.13,0.1,-1.0
spheroid-8-1,42,,10.0,1.13,0.1,-1.0
spheroid-8-1,43,,10.0,1.13,0.1,-1.0
spheroid-8-1,44,,10.0,1.13,0.1,-1.0
spheroid-8-1,45,,10.0,1.13,0.1,-1.0
spheroid-8-1,46,,10.0,1.13,0.1,-1.0
spheroid-8-1,47,,10.0,1.13,0.1,-1.0
spheroid-8-1,48,,10.0,1.13,0.1,-1.0
spheroid-8-1,49,,10.0,1.13,0.1,-1.0
spheroid-8-1,50,,10.0,1.13,0.1,-1.0
spheroid-8-1,51,,10.0,1.13,0.1,-1.0
spheroid-8-1,52,,10.0,1.13,0.1,-1.0
spheroid-8-1,53,,10.0,1.13,0.1,-1.0
spheroid-8-1,54,,10.0,1.13,0.1,-1.0
spheroid-8-1,55,,10.0,1.13,0.1,-1.0
spheroid-8-1,56,,10.0,1.13,0.1,-1.0
spheroid-8-1,57,,10.0,1.13,0.1,-1.0
spheroid-8-1,58,,10.0,1.13,0.1,-1.0
spheroid-8-1,59,,10.0,1.13,0.1,-1.0
spheroid-8-1,60,,10.0,1.13,0.1,-1.0
spheroid-8-2,6,,10.0,1.0,0.1,-1.0
spheroid-8-2,7,,10.0,1.0,0.1,-1.0
spheroid-8-2,8,,10.0,1.0,0.1,-1.0
spheroid-8-2,9,,10.0,1.0,0.1,-1.0
spheroid-8-2,10,,10.0,1.0,0.1,-1.0
spheroid-8-2,11,,10.0,1.0,0.1,-1.0
spheroid-8-2,12,,10.0,1.0,0.1,-1.0
spheroid-8-2,13,,10.0,1.0,0.1,-1.0
spheroid-8-2,14,,10.0,1.0,0.1,-1.0
spheroid-8-2,15,,10.0,1.0,0.1,-1.0
spheroid-8-2,16,,10.0,1.0,0.1,-1.0
spheroid-8-2,17,,10.0,1.0,0.1,-1.0
spheroid-8-2,18,,10.0,1.0,0.1,-1.0
spheroid-8-2,19,,10.0,1.0,0.1,-1.0
spheroid-8-2,20,,10.0,1.0,0.1,-1.0
spheroid-8-2,21,,10.0,1.0,0.1,-1.0
spheroid-8-2,22,,10.0,1.0,0.1,-1.0
spheroid-8-2,23,,10.0,1.0,0.1,-1.0
spheroid-8-2,24,,10.0,1.0,0.1,-1.0
spheroid-8-2,25,,10.0,1.0,0.1,-1.0
spheroid-8-2,26,,10.0,1.0,0.1,-1.0
spheroid-8-2,27,,10.0,1.0,0.1,-1.0
spheroid-8-2,28,,10.0,1.0,0.1,-1.0
spheroid-8-2,29,,10.0,1.0,0.1,-1.0
spheroid-8-2,30,,10.0,1.0,0.1,-1.0
spheroid-8-2,31,,10.0,1.0,0.1,-1.0
spheroid-8-2,32,,10.0,1.0,0.1,-1.0
spheroid-8-2,33,,10.0,1.0,0.1,-1.0
spheroid-8-2,34,,10.0,1.0,0.1,-1.0
spheroid-8-2,35,,10.0,1.0,0.1,-1.0
spheroid-8-2,36,,10.0,1.0,0.1,-1.0
spheroid-8-2,37,,10.0,1.0,0.1,-1.0
spheroid-8-2,38,,10.0,1.0,0.1,-1.0
spheroid-8-2,39,,10.0,1.0,0.1,-1.0
spheroid-8-2,40,,10.0,1.0,0.1,-1.0
spheroid-8-2,41,,10.0,1.0,0.1,-1.0
spheroid-8-2,42,,10.0,1.0,0.1,-1.0
spheroid-8-2,43,,10.0,1.0,0.1,-1.0
spheroid-8-2,44,,10.0,1.0,0.1,-1.0
spheroid-8-2,45,,10.0,1.0,0.1,-1.0
spheroid-8-2,46,,10.0,1.0,0.1,-1.0
spheroid-8-2,47,,10.0,1.0,0.1,-1.0
spheroid-8-2,48,,10.0,1.0,0.1,-1.0
spheroid-8-2,49,,10.0,1.0,0.1,-1.0
spheroid-8-2,50,,10.0,1.0,0.1,-1.0
spheroid-8-2,51,,10.0,1.0,0.1,-1.0
spheroid-8-2,52,,10.0,1.0,0.1,-1.0
spheroid-8-2,53,,10.0,1.0,0.1,-1.0
spheroid-8-2,54,,10.0,1.0,0.1,-1.0
spheroid-8-2,55,,10.0,1.0,0.1,-1.0
spheroid-8-2,56,,10.0,1.0,0.1,-1.0
spheroid-8-2,57,,10.0,1.0,0.1,-1.0
spheroid-8-2,58,,10.0,1.0,0.1,-1.0
spheroid-8-2,59,,10.0,1.0,0.1,-1.0
spheroid-8-2,60,,10.0,1.0,0.1,-1.0
spheroid-8-3,6,,10.23,1.13,0.1,0.4
spheroid-8-3,7,,10.23,1.13,0.1,0.4
spheroid-8-3,8,,10.23,1.13,0.1,0.4
spheroid-8-3,9,,10.23,1.13,0.1,0.4
spheroid-8-3,10,,10.23,1.13,0.1,0.4
spheroid-8-3,11,,10.23,1.13,0.1,0.4
spheroid-8-3,12,,10.23,1.13,0.1,0.4
spheroid-8-3,13,,10.23,1.13,0.1,0.4
spheroid-8-3,14,,10.23,1.13,0.1,0.4
spheroid-8-3,15,,10.23,1.13,0.1,0.4
spheroid-8-3,16,,10.23,1.13,0.1,0.4
spheroid-8-3,17,,10.23,1.13,0.1,0.4
spheroid-8-3,18,,10.23,1.13,0.1,0.4
spheroid-8-3,19,,10.23,1.13,0.1,0.4
spheroid-8-3,20,,10.23,1.13,0.1,0.4
spheroid-8-3,21,,10.23,1.13,0.1,0.4
spheroid-8-3,22,,10.23,1.13,0.1,0.4
spheroid-8-3,23,,10.23,1.13,0.1,0.4
spheroid-8-3,24,,10.23,1.13,0.1,0.4
spheroid-8-3,25,,10.23,1.13,0.1,0.4
spheroid-8-3,26,,10.23,1.13,0.1,0.4
spheroid-8-3,27,,10.23,1.13,0.1,0.4
spheroid-8-3,28,,10.23,1.13,0.1,0.4
spheroid-8-3,29,,10.23,1.13,0.1,0.4
spheroid-8-3,30,,10.23,1.13,0.1,0.4
spheroid-8-3,31,,10.23,1.13,0.1,0.4
spheroid-8-3,32,,10.23,1.13,0.1,0.4
spheroid-8-3,33,,10.23,1.13,0.1,0.4
spheroid-8-3,34,,10.23,1.13,0.1,0.4
spheroid-8-3,35,,10.23,1.13,0.1,0.4
spheroid-8-3,36,,10.23,1.13,0.1,0.4
spheroid-8-3,37,,10.23,1.13,0.1,0.4
spheroid-8-3,38,,10.23,1.13,0.1,0.4
spheroid-8-3,39,,10.23,1.13,0.1,0.4
spheroid-8-3,40,,10.23,1.13,0.1,0.4
spheroid-8-3,41,,10.23,1.13,0.1,0.4
spheroid-8-3,42,,10.23,1.13,0.1,0.4
spheroid-8-3,43,,10.23,1.13,0.1,0.4
spheroid-8-3,44,,10.23,1.13,0.1,0.4
spheroid-8-3,45,,10.23,1.13,0.1,0.4
spheroid-8-3,46,,10.23,1.13,0.1,0.4
spheroid-8-3,47,,10.23,1.13,0.1,0.4
spheroid-8-3,48,,10.23,1.13,0.1,0.4
spheroid-8-3,49,,10.23,1.13,0.1,0.4
spheroid-8-3,50,,10.23,1.13,0.1,0.4
spheroid-8-3,51,,10.23,1.13,0.1,0.4
spheroid-8-3,52,,10.23,1.13,0.1,0.4
spheroid-8-3,53,,10.23,1.13,0.1,0.4
spheroid-8-3,54,,10.23,1.13,0.1,0.4
spheroid-8-3,55,,10.23,1.13,0.1,0.4
spheroid-8-3,56,,10.23,1.13,0.1,0.4
spheroid-8-3,57,,10.23,1.13,0.1,0.4
spheroid-8-3,58,,10.23,1.13,0.1,0.4
spheroid-8-3,59,,10.23,1.13,0.1,0.4
spheroid-8-3,60,,10.23,1.13,0.1,0.4
spheroid-8-4,6,,10.23,1.0,0.1,0.4
spheroid-8-4,7,,10.23,1.0,0.1,0.4
spheroid-8-4,8,,10.23,1.0,0.1,0.4
spheroid-8-4,9,,10.23,1.0,0.1,0.4
spheroid-8-4,10,,10.23,1.0,0.1,0.4
spheroid-8-4,11,,10.23,1.0,0.1,0.4
spheroid-8-4,12,,10.23,1.0,0.1,0.4
spheroid-8-4,13,,10.23,1.0,0.1,0.4
spheroid-8-4,14,,10.23,1.0,0.1,0.4
spheroid-8-4,15,,10.23,1.0,0.1,0.4
spheroid-8-4,16,,10.23,1.0,0.1,0.4
spheroid-8-4,17,,10.23,1.0,0.1,0.4
spheroid-8-4,18,,10.23,1.0,0.1,0.4
spheroid-8-4,19,,10.23,1.0,0.1,0.4
spheroid-8-4,20,,10.23,1.0,0.1,0.4
spheroid-8-4,21,,10.23,1.0,0.1,0.4
spheroid-8-4,22,,10.23,1.0,0.1,0.4
spheroid-8-4,23,,10.23,1.0,0.1,0.4
spheroid-8-4,24,,10.23,1.0,0.1,0.4
spheroid-8-4,25,,10.23,1.0,0.1,0.4
spheroid-8-4,26,,10.23,1.0,0.1,0.4
spheroid-8-4,27,,10.23,1.0,0.1,0.4
spheroid-8-4,28,,10.23,1.0,0.1,0.4
spheroid-8-4,29,,10.23,1.0,0.1,0.4
spheroid-8-4,30,,10.23,1.0,0.1,0.4
spheroid-8-4,31,,10.23,1.0,0.1,0.4
spheroid-8-4,32,,10.23,1.0,0.1,0.4
spheroid-8-4,33,,10.23,1.0,0.1,0.4
spheroid-8-4,34,,10.23,1.0,0.1,0.4
spheroid-8-4,35,,10.23,1.0,0.1,0.4
spheroid-8-4,36,,10.23,1.0,0.1,0.4
spheroid-8-4,37,,10.23,1.0,0.1,0.4
spheroid-8-4,38,,10.23,1.0,0.1,0.4
spheroid-8-4,39,,10.23,1.0,0.1,0.4
spheroid-8-4,40,,10.23,1.0,0.1,0.4
spheroid-8-4,41,,10.23,1.0,0.1,0.4
spheroid-8-4,42,,10.23,1.0,0.1,0.4
spheroid-8-4,43,,10.23,1.0,0.1,0.4
spheroid-8-4,44,,10.23,1.0,0.1,0.4
spheroid-8-4,45,,10.23,1.0,0.1,0.4
spheroid-8-4,46,,10.23,1.0,0.1,0.4
spheroid-8-4,47,,10.23,1.0,0.1,0.4
spheroid-8-4,48,,10.23,1.0,0.1,0.4
spheroid-8-4,49,,10.23,1.0,0.1,0.4
spheroid-8-4,50,,10.23,1.0,0.1,0.4
spheroid-8-4,51,,10.23,1.0,0.1,0.4
spheroid-8-4,52,,10.23,1.0,0.1,0.4
spheroid-8-4,53,,10.23,1.0,0.1,0.4
spheroid-8-4,54,,10.23,1.0,0.1,0.4
spheroid-8-4,55,,10.23,1.0,0.1,0.4
spheroid-8-4,56,,10.23,1.0,0.1,0.4
spheroid-8-4,57,,10.23,1.0,0.1,0.4
spheroid-8-4,58,,10.23,1.0,0.1,0.4
spheroid-8-4,59,,10.23,1.0,0.1,0.4
spheroid-8-4,60,,10.23,1.0,0.1,0.4
spheroid-13,2,,8.0,1.0,0.2,-1.0
spheroid-13,4,,8.0,1.0,0.2,-1.0
spheroid-13,5,,8.0,1.0,0.2,-1.0
spheroid-13,6,,8.0,1.0,0.2,-1.0
spheroid-13,7,,8.0,1.0,0.2,-1.0
spheroid-13,8,,8.0,1.0,0.2,-1.0
spheroid-13,10,,8.0,1.0,0.2,-1.0
spheroid-13,11,,8.0,1.0,0.2,-1.0
spheroid-13,13,,8.0,1.0,0.2,-1.0
spheroid-13,14,,8.0,1.0,0.2,-1.0
spheroid-13,16,,8.0,1.0,0.2,-1.0
spheroid-13,17,,8.0,1.0,0.2,-1.0
spheroid-13,19,,8.0,1.0,0.2,-1.0
spheroid-13,20,,8.0,1.0,0.2,-1.0
spheroid-13,21,,8.0,1.0,0.2,-1.0
spheroid-13,23,,8.0,1.0,0.2,-1.0
spheroid-13,24,,8.0,1.0,0.2,-1.0
spheroid-13,25,,8.0,1.0,0.2,-1.0
spheroid-13,26,,8.0,1.0,0.2,-1.0
spheroid-13,27,,8.0,1.0,0.2,-1.0
spheroid-13,28,,8.0,1.0,0.2,-1.0
spheroid-13,30,,8.0,1.0,0.2,-1.0
spheroid-13,31,,8.0,1.0,0.2,-1.0
spheroid-13,32,,8.0,1.0,0.2,-1.0
spheroid-13,33,,8.0,1.0,0.2,-1.0
spheroid-13,34,,8.0,1.0,0.2,-1.0
spheroid-13,35,,8.0,1.0,0.2,-1.0
spheroid-13,36,,8.0,1.0,0.2,-1.0
spheroid-13,37,,8.0,1.0,0.2,-1.0
spheroid-13,38,,8.0,1.0,0.2,-1.0
spheroid-13,39,,8.0,1.0,0.2,-1.0
spheroid-13,40,,8.0,1.0,0.2,-1.0
spheroid-13,41,,8.0,1.0,0.2,-1.0
spheroid-13,42,,8.0,1.0,0.2,-1.0
spheroid-13,43,,8.0,1.0,0.2,-1.0
spheroid-13,44,,8.0,1.0,0.2,-1.0
spheroid-13,45,,8.0,1.0,0.2,-1.0
spheroid-13,46,,8.0,1.0,0.2,-1.0
spheroid-13,47,,8.0,1.0,0.2,-1.0
spheroid-13,48,,8.0,1.0,0.2,-1.0
spheroid-13,49,,8.0,1.0,0.2,-1.0
spheroid-13,50,,8.0,1.0,0.2,-1.0
spheroid-13,51,,8.0,1.0,0.2,-1.0
spheroid-13,52,,8.0,1.0,0.2,-1.0
spheroid-13,53,,8.0,1.0,0.2,-1.0
spheroid-13,54,,8.0,1.0,0.2,-1.0
spheroid-13,55,,8.0,1.0,0.2,-1.0
spheroid-13,56,,8.0,1.0,0.2,-1.0
spheroid-13,57,,8.0,1.0,0.2,-1.0
spheroid-13,58,,8.0,1.0,0.2,-1.0
spheroid-13,59,,8.0,1.0,0.2,-1.0
spheroid-13,60,,8.0,1.0,0.2,-1.0
chip-3,4,,10.0,-1.0,0.1,-1.0
chip-3,5,,10.0,-1.0,0.1,-1.0
chip-3,6,,10.0,-1.0,0.1,-1.0
chip-3,7,,10.0,-1.0,0.1,-1.0
chip-3,8,,10.0,-1.0,0.1,-1.0
chip-3,9,,10.0,-1.0,0.1,-1.0
chip-3,10,,10.0,-1.0,0.1,-1.0
chip-3,11,,10.0,-1.0,0.1,-1.0
chip-3,12,,10.0,-1.0,0.1,-1.0
chip-3,13,,10.0,-1.0,0.1,-1.0
chip-3,14,,10.0,-1.0,0.1,-1.0
chip-3,15,,10.0,-1.0,0.1,-1.0
chip-3,16,,10.0,-1.0,0.1,-1.0
chip-3,17,,10.0,-1.0,0.1,-1.0
chip-3,18,,10.0,-1.0,0.1,-1.0
chip-3,19,,10.0,-1.0,0.1,-1.0
chip-3,20,,10.0,-1.0,0.1,-1.0
chip-3,21,,10.0,-1.0,0.1,-1.0
chip-3,22,,10.0,-1.0,0.1,-1.0
chip-3,23,,10.0,-1.0,0.1,-1.0
chip-3,24,,10.0,-1.0,0.1,-1.0
chip-3,25,,10.0,-1.0,0.1,-1.0
chip-3,26,,10.0,-1.0,0.1,-1.0
chip-3,27,,10.0,-1.0,0.1,-1.0
chip-3,28,,10.0,-1.0,0.1,-1.0
chip-3,29,,10.0,-1.0,0.1,-1.0
chip-3,30,,10.0,-1.0,0.1,-1.0
chip-3,31,,10.0,-1.0,0.1,-1.0
chip-3,32,,10.0,-1.0,0.1,-1.0
chip-3,33,,10.0,-1.0,0.1,-1.0
chip-3,34,,10.0,-1.0,0.1,-1.0
chip-3,35,,10.0,-1.0,0.1,-1.0
chip-3,36,,10.0,-1.0,0.1,-1.0
chip-3,37,,10.0,-1.0,0.1,-1.0
chip-3,38,,10.0,-1.0,0.1,-1.0
chip-3,39,,10.0,-1.0,0.1,-1.0
chip-3,40,,10.0,-1.0,0.1,-1.0
chip-3,41,,10.0,-1.0,0.1,-1.0
chip-3,42,,10.0,-1.0,0.1,-1.0
chip-3,43,,10.0,-1.0,0.1,-1.0
chip-3,44,,10.0,-1.0,0.1,-1.0
chip-3,45,,10.0,-1.0,0.1,-1.0
chip-3,46,,10.0,-1.0,0.1,-1.0
chip-3,47,,10.0,-1.0,0.1,-1.0
chip-3,48,,10.0,-1.0,0.1,-1.0
chip-3,49,,10.0,-1.0,0.1,-1.0
chip-3,50,,10.0,-1.0,0.1,-1.0
chip-3,51,,10.0,-1.0,0.1,-1.0
chip-3,52,,10.0,-1.0,0.1,-1.0
chip-3,53,,10.0,-1.0,0.1,-1.0
chip-3,54,,10.0,-1.0,0.1,-1.0
chip-3,55,,10.0,-1.0,0.1,-1.0
chip-3,56,,10.0,-1.0,0.1,-1.0
chip-3,57,,10.0,-1.0,0.1,-1.0
chip-3,58,,10.0,-1.0,0.1,-1.0
chip-3,59,,10.0,-1.0,0.1,-1.0
chip-3,60,,10.0,-1.0,0.1,-1.0
chip-4,1,,8.0,1.0,0.2,-1.0
chip-4,3,,8.0,1.0,0.2,-1.0
chip-4,4,,8.0,1.0,0.2,-1.0
chip-4,6,,8.0,1.0,0.2,-1.0
chip-4,7,,8.0,1.0,0.2,-1.0
chip-4,8,,8.0,1.0,0.2,-1.0
chip-4,10,,8.0,1.0,0.2,-1.0
chip-4,11,,8.0,1.0,0.2,-1.0
chip-4,12,,8.0,1.0,0.2,-1.0
chip-4,14,,8.0,1.0,0.2,-1.0
chip-4,15,,8.0,1.0,0.2,-1.0
chip-4,16,,8.0,1.0,0.2,-1.0
chip-4,17,,8.0,1.0,0.2,-1.0
chip-4,18,,8.0,1.0,0.2,-1.0
chip-4,19,,8.0,1.0,0.2,-1.0
chip-4,20,,8.0,1.0,0.2,-1.0
chip-4,21,,8.0,1.0,0.2,-1.0
chip-4,22,,8.0,1.0,0.2,-1.0
chip-4,23,,8.0,1.0,0.2,-1.0
chip-4,24,,8.0,1.0,0.2,-1.0
chip-4,25,,8.0,1.0,0.2,-1.0
chip-4,26,,8.0,1.0,0.2,-1.0
chip-4,27,,8.0,1.0,0.2,-1.0
chip-4,28,,8.0,1.0,0.2,-1.0
chip-4,29,,8.0,1.0,0.2,-1.0
chip-4,30,,8.0,1.0,0.2,-1.0
chip-4,31,,8.0,1.0,0.2,-1.0
chip-4,32,,8.0,1.0,0.2,-1.0
chip-4,33,,8.0,1.0,0.2,-1.0
chip-4,34,,8.0,1.0,0.2,-1.0
chip-4,35,,8.0,1.0,0.2,-1.0
chip-4,36,,8.0,1.0,0.2,-1.0
chip-4,37,,8.0,1.0,0.2,-1.0
chip-4,38,,8.0,1.0,0.2,-1.0
chip-4,39,,8.0,1.0,0.2,-1.0
chip-4,40,,8.0,1.0,0.2,-1.0
chip-4,41,,8.0,1.0,0.2,-1.0
chip-4,42,,8.0,1.0,0.2,-1.0
chip-4,43,,8.0,1.0,0.2,-1.0
chip-4,44,,8.0,1.0,0.2,-1.0
chip-4,45,,8.0,1.0,0.2,-1.0
chip-4,46,,8.0,1.0,0.2,-1.0
chip-4,47,,8.0,1.0,0.2,-1.0
chip-4,48,,8.0,1.0,0.2,-1.0
chip-4,49,,8.0,1.0,0.2,-1.0
chip-4,50,,8.0,1.0,0.2,-1.0
chip-4,51,,8.0,1.0,0.2,-1.0
chip-4,52,,8.0,1.0,0.2,-1.0
chip-4,53,,8.0,1.0,0.2,-1.0
chip-4,54,,8.0,1.0,0.2,-1.0
chip-4,55,,8.0,1.0,0.2,-1.0
chip-4,56,,8.0,1.0,0.2,-1.0
chip-4,57,,8.0,1.0,0.2,-1.0
chip-4,58,,8.0,1.0,0.2,-1.0
chip-4,59,,8.0,1.0,0.2,-1.0
chip-4,60,,8.0,1.0,0.2,-1.0
chip-5,1,,8.0,-1.0,1.0,-1.0
chip-5,2,,8.0,-1.0,1.0,-1.0
chip-5,4,,8.0,-1.0,1.0,-1.0
chip-5,5,,8.0,-1.0,1.0,-1.0
chip-5,6,,8.0,-1.0,1.0,-1.0
chip-5,8,,8.0,-1.0,1.0,-1.0
chip-5,9,,8.0,-1.0,1.0,-1.0
chip-5,10,,8.0,-1.0,1.0,-1.0
chip-5,11,,8.0,-1.0,1.0,-1.0
chip-5,12,,8.0,-1.0,1.0,-1.0
chip-5,13,,8.0,-1.0,1.0,-1.0
chip-5,14,,8.0,-1.0,1.0,-1.0
chip-5,15,,8.0,-1.0,1.0,-1.0
chip-5,16,,8.0,-1.0,1.0,-1.0
chip-5,17,,8.0,-1.0,1.0,-1.0
chip-5,18,,8.0,-1.0,1.0,-1.0
chip-5,19,,8.0,-1.0,1.0,-1.0
chip-5,20,,8.0,-1.0,1.0,-1.0
chip-5,21,,8.0,-1.0,1.0,-1.0
chip-5,22,,8.0,-1.0,1.0,-1.0
chip-5,23,,8.0,-1.0,1.0,-1.0
chip-5,24,,8.0,-1.0,1.0,-1.0
chip-5,25,,8.0,-1.0,1.0,-1.0
chip-5,26,,8.0,-1.0,1.0,-1.0
chip-5,27,,8.0,-1.0,1.0,-1.0
chip-5,28,,8.0,-1.0,1.0,-1.0
chip-5,29,,8.0,-1.0,1.0,-1.0
chip-5,30,,8.0,-1.0,1.0,-1.0
chip-5,31,,8.0,-1.0,1.0,-1.0
chip-5,32,,8.0,-1.0,1.0,-1.0
chip-5,33,,8.0,-1.0,1.0,-1.0
chip-5,34,,8.0,-1.0,1.0,-1.0
chip-5,35,,8.0,-1.0,1.0,-1.0
chip-5,36,,8.0,-1.0,1.0,-1.0
chip-5,37,,8.0,-1.0,1.0,-1.0
chip-5,38,,8.0,-1.0,1.0,-1.0
chip-5,39,,8.0,-1.0,1.0,-1.0
chip-5,40,,8.0,-1.0,1.0,-1.0
chip-5,41,,8.0,-1.0,1.0,-1.0
chip-5,42,,8.0,-1.0,1.0,-1.0
chip-5,43,,8.0,-1.0,1.0,-1.0
chip-5,44,,8.0,-1.0,1.0,-1.0
chip-5,45,,8.0,-1.0,1.0,-1.0
chip-5,46,,8.0,-1.0,1.0,-1.0
chip-5,47,,8.0,-1.0,1.0,-1.0
chip-5,48,,8.0,-1.0,1.0,-1.0
chip-5,49,,8.0,-1.0,1.0,-1.0
chip-5,50,,8.0,-1.0,1.0,-1.0
chip-5,51,,8.0,-1.0,1.0,-1.0
chip-5,52,,8.0,-1.0,1.0,-1.0
chip-5,53,,8.0,-1.0,1.0,-1.0
chip-5,54,,8.0,-1.0,1.0,-1.0
chip-5,55,,8.0,-1.0,1.0,-1.0
chip-5,56,,8.0,-1.0,1.0,-1.0
chip-5,57,,8.0,-1.0,1.0,-1.0
chip-5,58,,8.0,-1.0,1.0,-1.0
chip-5,59,,8.0,-1.0,1.0,-1.0
chip-5,60,,8.0,-1.0,1.0,-1.0
chip-8,1,,4.0,-1.0,0.2,-1.0
chip-8,3,,4.0,-1.0,0.2,-1.0
chip-8,4,,4.0,-1.0,0.2,-1.0
chip-8,6,,4.0,-1.0,0.2,-1.0
chip-8,7,,4.0,-1.0,0.2,-1.0
chip-8,9,,4.0,-1.0,0.2,-1.0
chip-8,10,,4.0,-1.0,0.2,-1.0
chip-8,12,,4.0,-1.0,0.2,-1.0
chip-8,13,,4.0,-1.0,0.2,-1.0
chip-8,15,,4.0,-1.0,0.2,-1.0
chip-8,16,,4.0,-1.0,0.2,-1.0
chip-8,17,,4.0,-1.0,0.2,-1.0
chip-8,18,,4.0,-1.0,0.2,-1.0
chip-8,19,,4.0,-1.0,0.2,-1.0
chip-8,20,,4.0,-1.0,0.2,-1.0
chip-8,21,,4.0,-1.0,0.2,-1.0
chip-8,22,,4.0,-1.0,0.2,-1.0
chip-8,23,,4.0,-1.0,0.2,-1.0
chip-8,24,,4.0,-1.0,0.2,-1.0
chip-8,25,,4.0,-1.0,0.2,-1.0
chip-8,26,,4.0,-1.0,0.2,-1.0
chip-8,27,,4.0,-1.0,0.2,-1.0
chip-8,28,,4.0,-1.0,0.2,-1.0
chip-8,29,,4.0,-1.0,0.2,-1.0
chip-8,30,,4.0,-1.0,0.2,-1.0
chip-8,31,,4.0,-1.0,0.2,-1.0
chip-8,32,,4.0,-1.0,0.2,-1.0
chip-8,33,,4.0,-1.0,0.2,-1.0
chip-8,34,,4.0,-1.0,0.2,-1.0
chip-8,35,,4.0,-1.0,0.2,-1.0
chip-8,36,,4.0,-1.0,0.2,-1.0
chip-8,37,,4.0,-1.0,0.2,-1.0
chip-8,38,,4.0,-1.0,0.2,-1.0
chip-8,39,,4.0,-1.0,0.2,-1.0
chip-8,40,,4.0,-1.0,0.2,-1.0
chip-8,41,,4.0,-1.0,0.2,-1.0
chip-8,42,,4.0,-1.0,0.2,-1.0
chip-8,43,,4.0,-1.0,0.2,-1.0
chip-8,44,,4.0,-1.0,0.2,-1.0
chip-8,45,,4.0,-1.0,0.2,-1.0
chip-8,46,,4.0,-1.0,0.2,-1.0
chip-8,47,,4.0,-1.0,0.2,-1.0
chip-8,48,,4.0,-1.0,0.2,-1.0
chip-8,49,,4.0,-1.0,0.2,-1.0
chip-8,50,,4.0,-1.0,0.2,-1.0
chip-8,51,,4.0,-1.0,0.2,-1.0
chip-8,52,,4.0,-1.0,0.2,-1.0
chip-8,53,,4.0,-1.0,0.2,-1.0
chip-8,54,,4.0,-1.0,0.2,-1.0
chip-8,55,,4.0,-1.0,0.2,-1.0
chip-8,56,,4.0,-1.0,0.2,-1.0
chip-8,57,,4.0,-1.0,0.2,-1.0
chip-8,58,,4.0,-1.0,0.2,-1.0
chip-8,59,,4.0,-1.0,0.2,-1.0
chip-8,60,,4.0,-1.0,0.2,-1.0
chip-10-1,11,,8.0,4.1,2.75,-1.0
chip-10-1,12,,8.0,4.1,2.75,-1.0
chip-10-1,13,,8.0,4.1,2.75,-1.0
chip-10-1,14,,8.0,4.1,2.75,-1.0
chip-10-1,15,,8.0,4.1,2.75,-1.0
chip-10-1,16,,8.0,4.1,2.75,-1.0
chip-10-1,17,,8.0,4.1,2.75,-1.0
chip-10-1,18,,8.0,4.1,2.75,-1.0
chip-10-1,19,,8.0,4.1,2.75,-1.0
chip-10-1,20,,8.0,4.1,2.75,-1.0
chip-10-1,21,,8.0,4.1,2.75,-1.0
chip-10-1,22,,8.0,4.1,2.75,-1.0
chip-10-1,23,,8.0,4.1,2.75,-1.0
chip-10-1,24,,8.0,4.1,2.75,-1.0
chip-10-1,25,,8.0,4.1,2.75,-1.0
chip-10-1,26,,8.0,4.1,2.75,-1.0
chip-10-1,27,,8.0,4.1,2.75,-1.0
chip-10-1,28,,8.0,4.1,2.75,-1.0
chip-10-1,29,,8.0,4.1,2.75,-1.0
chip-10-1,30,,8.0,4.1,2.75,-1.0
chip-10-1,31,,8.0,4.1,2.75,-1.0
chip-10-1,32,,8.0,4.1,2.75,-1.0
chip-10-1,33,,8.0,4.1,2.75,-1.0
chip-10-1,34,,8.0,4.1,2.75,-1.0
chip-10-1,35,,8.0,4.1,2.75,-1.0
chip-10-1,36,,8.0,4.1,2.75,-1.0
chip-10-1,37,,8.0,4.1,2.75,-1.0
chip-10-1,38,,8.0,4.1,2.75,-1.0
chip-10-1,39,,8.0,4.1,2.75,-1.0
chip-10-1,40,,8.0,4.1,2.75,-1.0
chip-10-1,41,,8.0,4.1,2.75,-1.0
chip-10-1,42,,8.0,4.1,2.75,-1.0
chip-10-1,43,,8.0,4.1,2.75,-1.0
chip-10-1,44,,8.0,4.1,2.75,-1.0
chip-10-1,45,,8.0,4.1,2.75,-1.0
chip-10-1,46,,8.0,4.1,2.75,-1.0
chip-10-1,47,,8.0,4.1,2.75,-1.0
chip-10-1,48,,8.0,4.1,2.75,-1.0
chip-10-1,49,,8.0,4.1,2.75,-1.0
chip-10-1,50,,8.0,4.1,2.75,-1.0
chip-10-1,51,,8.0,4.1,2.75,-1.0
chip-10-1,52,,8.0,4.1,2.75,-1.0
chip-10-1,53,,8.0,4.1,2.75,-1.0
chip-10-1,54,,8.0,4.1,2.75,-1.0
chip-10-1,55,,8.0,4.1,2.75,-1.0
chip-10-1,56,,8.0,4.1,2.75,-1.0
chip-10-1,57,,8.0,4.1,2.75,-1.0
chip-10-1,58,,8.0,4.1,2.75,-1.0
chip-10-1,59,,8.0,4.1,2.75,-1.0
chip-10-1,60,,8.0,4.1,2.75,-1.0
chip-10-2,11,,8.0,4.105,2.75,-1.0
chip-10-2,12,,8.0,4.105,2.75,-1.0
chip-10-2,13,,8.0,4.105,2.75,-1.0
chip-10-2,14,,8.0,4.105,2.75,-1.0
chip-10-2,15,,8.0,4.105,2.75,-1.0
chip-10-2,16,,8.0,4.105,2.75,-1.0
chip-10-2,17,,8.0,4.105,2.75,-1.0
chip-10-2,18,,8.0,4.105,2.75,-1.0
chip-10-2,19,,8.0,4.105,2.75,-1.0
chip-10-2,20,,8.0,4.105,2.75,-1.0
chip-10-2,21,,8.0,4.105,2.75,-1.0
chip-10-2,22,,8.0,4.105,2.75,-1.0
chip-10-2,23,,8.0,4.105,2.75,-1.0
chip-10-2,24,,8.0,4.105,2.75,-1.0
chip-10-2,25,,8.0,4.105,2.75,-1.0
chip-10-2,26,,8.0,4.105,2.75,-1.0
chip-10-2,27,,8.0,4.105,2.75,-1.0
chip-10-2,28,,8.0,4.105,2.75,-1.0
chip-10-2,29,,8.0,4.105,2.75,-1.0
chip-10-2,30,,8.0,4.105,2.75,-1.0
chip-10-2,31,,8.0,4.105,2.75,-1.0
chip-10-2,32,,8.0,4.105,2.75,-1.0
chip-10-2,33,,8.0,4.105,2.75,-1.0
chip-10-2,34,,8.0,4.105,2.75,-1.0
chip-10-2,35,,8.0,4.105,2.75,-1.0
chip-10-2,36,,8.0,4.105,2.75,-1.0
chip-10-2,37,,8.0,4.105,2.75,-1.0
chip-10-2,38,,8.0,4.105,2.75,-1.0
chip-10-2,39,,8.0,4.105,2.75,-1.0
chip-10-2,40,,8.0,4.105,2.75,-1.0
chip-10-2,41,,8.0,4.105,2.75,-1.0
chip-10-2,42,,8.0,4.105,2.75,-1.0
chip-10-2,43,,8.0,4.105,2.75,-1.0
chip-10-2,44,,8.0,4.105,2.75,-1.0
chip-10-2,45,,8.0,4.105,2.75,-1.0
chip-10-2,46,,8.0,4.105,2.75,-1.0
chip-10-2,47,,8.0,4.105,2.75,-1.0
chip-10-2,48,,8.0,4.105,2.75,-1.0
chip-10-2,49,,8.0,4.105,2.75,-1.0
chip-10-2,50,,8.0,4.105,2.75,-1.0
chip-10-2,51,,8.0,4.105,2.75,-1.0
chip-10-2,52,,8.0,4.105,2.75,-1.0
chip-10-2,53,,8.0,4.105,2.75,-1.0
chip-10-2,54,,8.0,4.105,2.75,-1.0
chip-10-2,55,,8.0,4.105,2.75,-1.0
chip-10-2,56,,8.0,4.105,2.75,-1.0
chip-10-2,57,,8.0,4.105,2.75,-1.0
chip-10-2,58,,8.0,4.105,2.75,-1.0
chip-10-2,59,,8.0,4.105,2.75,-1.0
chip-10-2,60,,8.0,4.105,2.75,-1.0
chip-10-3,11,,1.26,4.1,2.75,0.8
chip-10-3,12,,1.26,4.1,2.75,0.8
chip-10-3,13,,1.26,4.1,2.75,0.8
chip-10-3,14,,1.26,4.1,2.75,0.8
chip-10-3,15,,1.26,4.1,2.75,0.8
chip-10-3,16,,1.26,4.1,2.75,0.8
chip-10-3,17,,1.26,4.1,2.75,0.8
chip-10-3,18,,1.26,4.1,2.75,0.8
chip-10-3,19,,1.26,4.1,2.75,0.8
chip-10-3,20,,1.26,4.1,2.75,0.8
chip-10-3,21,,1.26,4.1,2.75,0.8
chip-10-3,22,,1.26,4.1,2.75,0.8
chip-10-3,23,,1.26,4.1,2.75,0.8
chip-10-3,24,,1.26,4.1,2.75,0.8
chip-10-3,25,,1.26,4.1,2.75,0.8
chip-10-3,26,,1.26,4.1,2.75,0.8
chip-10-3,27,,1.26,4.1,2.75,0.8
chip-10-3,28,,1.26,4.1,2.75,0.8
chip-10-3,29,,1.26,4.1,2.75,0.8
chip-10-3,30,,1.26,4.1,2.75,0.8
chip-10-3,31,,1.26,4.1,2.75,0.8
chip-10-3,32,,1.26,4.1,2.75,0.8
chip-10-3,33,,1.26,4.1,2.75,0.8
chip-10-3,34,,1.26,4.1,2.75,0.8
chip-10-3,35,,1.26,4.1,2.75,0.8
chip-10-3,36,,1.26,4.1,2.75,0.8
chip-10-3,37,,1.26,4.1,2.75,0.8
chip-10-3,38,,1.26,4.1,2.75,0.8
chip-10-3,39,,1.26,4.1,2.75,0.8
chip-10-3,40,,1.26,4.1,2.75,0.8
chip-10-3,41,,1.26,4.1,2.75,0.8
chip-10-3,42,,1.26,4.1,2.75,0.8
chip-10-3,43,,1.26,4.1,2.75,0.8
chip-10-3,44,,1.26,4.1,2.75,0.8
chip-10-3,45,,1.26,4.1,2.75,0.8
chip-10-3,46,,1.26,4.1,2.75,0.8
chip-10-3,47,,1.26,4.1,2.75,0.8
chip-10-3,48,,1.26,4.1,2.75,0.8
chip-10-3,49,,1.26,4.1,2.75,0.8
chip-10-3,50,,1.26,4.1,2.75,0.8
chip-10-3,51,,1.26,4.1,2.75,0.8
chip-10-3,52,,1.26,4.1,2.75,0.8
chip-10-3,53,,1.26,4.1,2.75,0.8
chip-10-3,54,,1.26,4.1,2.75,0.8
chip-10-3,55,,1.26,4.1,2.75,0.8
chip-10-3,56,,1.26,4.1,2.75,0.8
chip-10-3,57,,1.26,4.1,2.75,0.8
chip-10-3,58,,1.26,4.1,2.75,0.8
chip-10-3,59,,1.26,4.1,2.75,0.8
chip-10-3,60,,1.26,4.1,2.75,0.8
chip-10-4,11,,1.26,4.105,2.75,0.8
chip-10-4,12,,1.26,4.105,2.75,0.8
chip-10-4,13,,1.26,4.105,2.75,0.8
chip-10-4,14,,1.26,4.105,2.75,0.8
chip-10-4,15,,1.26,4.105,2.75,0.8
chip-10-4,16,,1.26,4.105,2.75,0.8
chip-10-4,17,,1.26,4.105,2.75,0.8
chip-10-4,18,,1.26,4.105,2.75,0.8
chip-10-4,19,,1.26,4.105,2.75,0.8
chip-10-4,20,,1.26,4.105,2.75,0.8
chip-10-4,21,,1.26,4.105,2.75,0.8
chip-10-4,22,,1.26,4.105,2.75,0.8
chip-10-4,23,,1.26,4.105,2.75,0.8
chip-10-4,24,,1.26,4.105,2.75,0.8
chip-10-4,25,,1.26,4.105,2.75,0.8
chip-10-4,26,,1.26,4.105,2.75,0.8
chip-10-4,27,,1.26,4.105,2.75,0.8
chip-10-4,28,,1.26,4.105,2.75,0.8
chip-10-4,29,,1.26,4.105,2.75,0.8
chip-10-4,30,,1.26,4.105,2.75,0.8
chip-10-4,31,,1.26,4.105,2.75,0.8
chip-10-4,32,,1.26,4.105,2.75,0.8
chip-10-4,33,,1.26,4.105,2.75,0.8
chip-10-4,34,,1.26,4.105,2.75,0.8
chip-10-4,35,,1.26,4.105,2.75,0.8
chip-10-4,36,,1.26,4.105,2.75,0.8
chip-10-4,37,,1.26,4.105,2.75,0.8
chip-10-4,38,,1.26,4.105,2.75,0.8
chip-10-4,39,,1.26,4.105,2.75,0.8
chip-10-4,40,,1.26,4.105,2.75,0.8
chip-10-4,41,,1.26,4.105,2.75,0.8
chip-10-4,42,,1.26,4.105,2.75,0.8
chip-10-4,43,,1.26,4.105,2.75,0.8
chip-10-4,44,,1.26,4.105,2.75,0.8
chip-10-4,45,,1.26,4.105,2.75,0.8
chip-10-4,46,,1.26,4.105,2.75,0.8
chip-10-4,47,,1.26,4.105,2.75,0.8
chip-10-4,48,,1.26,4.105,2.75,0.8
chip-10-4,49,,1.26,4.105,2.75,0.8
chip-10-4,50,,1.26,4.105,2.75,0.8
chip-10-4,51,,1.26,4.105,2.75,0.8
chip-10-4,52,,1.26,4.105,2.75,0.8
chip-10-4,53,,1.26,4.105,2.75,0.8
chip-10-4,54,,1.26,4.105,2.75,0.8
chip-10-4,55,,1.26,4.105,2.75,0.8
chip-10-4,56,,1.26,4.105,2.75,0.8
chip-10-4,57,,1.26,4.105,2.75,0.8
chip-10-4,58,,1.26,4.105,2.75,0.8
chip-10-4,59,,1.26,4.105,2.75,0.8
chip-10-4,60,,1.26,4.105,2.75,0.8
chip-17-1,1,,10.0,-1.0,0.1,-1.0
chip-17-1,3,,10.0,-1.0,0.1,-1.0
chip-17-1,5,,10.0,-1.0,0.1,-1.0
chip-17-1,7,,10.0,-1.0,0.1,-1.0
chip-17-1,9,,10.0,-1.0,0.1,-1.0
chip-17-1,10,,10.0,-1.0,0.1,-1.0
chip-17-1,11,,10.0,-1.0,0.1,-1.0
chip-17-1,13,,10.0,-1.0,0.1,-1.0
chip-17-1,15,,10.0,-1.0,0.1,-1.0
chip-17-1,16,,10.0,-1.0,0.1,-1.0
chip-17-1,17,,10.0,-1.0,0.1,-1.0
chip-17-1,18,,10.0,-1.0,0.1,-1.0
chip-17-1,19,,10.0,-1.0,0.1,-1.0
chip-17-1,20,,10.0,-1.0,0.1,-1.0
chip-17-1,21,,10.0,-1.0,0.1,-1.0
chip-17-1,22,,10.0,-1.0,0.1,-1.0
chip-17-1,23,,10.0,-1.0,0.1,-1.0
chip-17-1,24,,10.0,-1.0,0.1,-1.0
chip-17-1,25,,10.0,-1.0,0.1,-1.0
chip-17-1,26,,10.0,-1.0,0.1,-1.0
chip-17-1,27,,10.0,-1.0,0.1,-1.0
chip-17-1,28,,10.0,-1.0,0.1,-1.0
chip-17-1,29,,10.0,-1.0,0.1,-1.0
chip-17-1,30,,10.0,-1.0,0.1,-1.0
chip-17-1,31,,10.0,-1.0,0.1,-1.0
chip-17-1,32,,10.0,-1.0,0.1,-1.0
chip-17-1,33,,10.0,-1.0,0.1,-1.0
chip-17-1,34,,10.0,-1.0,0.1,-1.0
chip-17-1,35,,10.0,-1.0,0.1,-1.0
chip-17-1,36,,10.0,-1.0,0.1,-1.0
chip-17-1,37,,10.0,-1.0,0.1,-1.0
chip-17-1,38,,10.0,-1.0,0.1,-1.0
chip-17-1,39,,10.0,-1.0,0.1,-1.0
chip-17-1,40,,10.0,-1.0,0.1,-1.0
chip-17-1,41,,10.0,-1.0,0.1,-1.0
chip-17-1,42,,10.0,-1.0,0.1,-1.0
chip-17-1,43,,10.0,-1.0,0.1,-1.0
chip-17-1,44,,10.0,-1.0,0.1,-1.0
chip-17-1,45,,10.0,-1.0,0.1,-1.0
chip-17-1,46,,10.0,-1.0,0.1,-1.0
chip-17-1,47,,10.0,-1.0,0.1,-1.0
chip-17-1,48,,10.0,-1.0,0.1,-1.0
chip-17-1,49,,10.0,-1.0,0.1,-1.0
chip-17-1,50,,10.0,-1.0,0.1,-1.0
chip-17-1,51,,10.0,-1.0,0.1,-1.0
chip-17-1,52,,10.0,-1.0,0.1,-1.0
chip-17-1,53,,10.0,-1.0,0.1,-1.0
chip-17-1,54,,10.0,-1.0,0.1,-1.0
chip-17-1,55,,10.0,-1.0,0.1,-1.0
chip-17-1,56,,10.0,-1.0,0.1,-1.0
chip-17-1,57,,10.0,-1.0,0.1,-1.0
chip-17-1,58,,10.0,-1.0,0.1,-1.0
chip-17-1,59,,10.0,-1.0,0.1,-1.0
chip-17-1,60,,10.0,-1.0,0.1,-1.0
chip-17-2,1,,10.0,1.0,0.1,-1.0
chip-17-2,3,,10.0,1.0,0.1,-1.0
chip-17-2,5,,10.0,1.0,0.1,-1.0
chip-17-2,7,,10.0,1.0,0.1,-1.0
chip-17-2,9,,10.0,1.0,0.1,-1.0
chip-17-2,10,,10.0,1.0,0.1,-1.0
chip-17-2,11,,10.0,1.0,0.1,-1.0
chip-17-2,13,,10.0,1.0,0.1,-1.0
chip-17-2,15,,10.0,1.0,0.1,-1.0
chip-17-2,16,,10.0,1.0,0.1,-1.0
chip-17-2,17,,10.0,1.0,0.1,-1.0
chip-17-2,18,,10.0,1.0,0.1,-1.0
chip-17-2,19,,10.0,1.0,0.1,-1.0
chip-17-2,20,,10.0,1.0,0.1,-1.0
chip-17-2,21,,10.0,1.0,0.1,-1.0
chip-17-2,22,,10.0,1.0,0.1,-1.0
chip-17-2,23,,10.0,1.0,0.1,-1.0
chip-17-2,24,,10.0,1.0,0.1,-1.0
chip-17-2,25,,10.0,1.0,0.1,-1.0
chip-17-2,26,,10.0,1.0,0.1,-1.0
chip-17-2,27,,10.0,1.0,0.1,-1.0
chip-17-2,28,,10.0,1.0,0.1,-1.0
chip-17-2,29,,10.0,1.0,0.1,-1.0
chip-17-2,30,,10.0,1.0,0.1,-1.0
chip-17-2,31,,10.0,1.0,0.1,-1.0
chip-17-2,32,,10.0,1.0,0.1,-1.0
chip-17-2,33,,10.0,1.0,0.1,-1.0
chip-17-2,34,,10.0,1.0,0.1,-1.0
chip-17-2,35,,10.0,1.0,0.1,-1.0
chip-17-2,36,,10.0,1.0,0.1,-1.0
chip-17-2,37,,10.0,1.0,0.1,-1.0
chip-17-2,38,,10.0,1.0,0.1,-1.0
chip-17-2,39,,10.0,1.0,0.1,-1.0
chip-17-2,40,,10.0,1.0,0.1,-1.0
chip-17-2,41,,10.0,1.0,0.1,-1.0
chip-17-2,42,,10.0,1.0,0.1,-1.0
chip-17-2,43,,10.0,1.0,0.1,-1.0
chip-17-2,44,,10.0,1.0,0.1,-1.0
chip-17-2,45,,10.0,1.0,0.1,-1.0
chip-17-2,46,,10.0,1.0,0.1,-1.0
chip-17-2,47,,10.0,1.0,0.1,-1.0
chip-17-2,48,,10.0,1.0,0.1,-1.0
chip-17-2,49,,10.0,1.0,0.1,-1.0
chip-17-2,50,,10.0,1.0,0.1,-1.0
chip-17-2,51,,10.0,1.0,0.1,-1.0
chip-17-2,52,,10.0,1.0,0.1,-1.0
chip-17-2,53,,10.0,1.0,0.1,-1.0
chip-17-2,54,,10.0,1.0,0.1,-1.0
chip-17-2,55,,10.0,1.0,0.1,-1.0
chip-17-2,56,,10.0,1.0,0.1,-1.0
chip-17-2,57,,10.0,1.0,0.1,-1.0
chip-17-2,58,,10.0,1.0,0.1,-1.0
chip-17-2,59,,10.0,1.0,0.1,-1.0
chip-17-2,60,,10.0,1.0,0.1,-1.0
