Feature,Day,Albumin,Cell,Cell Seeding,Co-Cell Seeding,Co-Cell Seeding-2,Scaffold,Scaffold-1-Con,Scaffold-2-Con,Scaffold-3-Con,Modification,Modi-1-Con,Modi-2-Con,Cross-linking,Pore Size,Thick,Diameter,Porosity,Water uptake ratio,Young,Flow Rate,Design,Desi-para1,Desi-para2,Desi-para3
1-PLGA,2,7.641,8,10,-1,-1,12,8,-1,-1,-1,-1,-1,,27.5,3,6,95.9,,,0,1,0.5,20,13.4
1-PLGA,7,2.413,8,10,-1,-1,12,8,-1,-1,-1,-1,-1,,27.5,3,6,95.9,,,0,1,0.5,20,13.4
1-PLGA,11,4.021,8,10,-1,-1,12,8,-1,-1,-1,-1,-1,,27.5,3,6,95.9,,,0,1,0.5,20,13.4
1-PLGA,14,3.217,8,10,-1,-1,12,8,-1,-1,-1,-1,-1,,27.5,3,6,95.9,,,0,1,0.5,20,13.4
1-PLGA-Chigh,2,24.665,8,10,-1,-1,12,8,-1,-1,1,0.008,-1,,26.7,3,6,95.9,,,0,1,0.5,20,13.4
1-PLGA-Chigh,7,24.665,8,10,-1,-1,12,8,-1,-1,1,0.008,-1,,26.7,3,6,95.9,,,0,1,0.5,20,13.4
1-PLGA-Chigh,11,26.273,8,10,-1,-1,12,8,-1,-1,1,0.008,-1,,26.7,3,6,95.9,,,0,1,0.5,20,13.4
1-PLGA-Chigh,14,34.987,8,10,-1,-1,12,8,-1,-1,1,0.008,-1,,26.7,3,6,95.9,,,0,1,0.5,20,13.4
1-PLGA-Clow,2,11.394,8,10,-1,-1,12,8,-1,-1,1,0.004,-1,,29.1,3,6,94,,,0,1,0.5,20,13.4
1-PLGA-Clow,7,6.032,8,10,-1,-1,12,8,-1,-1,1,0.004,-1,,29.1,3,6,94,,,0,1,0.5,20,13.4
1-PLGA-Clow,11,13.673,8,10,-1,-1,12,8,-1,-1,1,0.004,-1,,29.1,3,6,94,,,0,1,0.5,20,13.4
1-PLGA-Clow,14,16.086,8,10,-1,-1,12,8,-1,-1,1,0.004,-1,,29.1,3,6,94,,,0,1,0.5,20,13.4
1-PLGA-Fhigh,2,12.735,8,10,-1,-1,12,8,-1,-1,2,0.004,-1,,30,3,6,95.6,,,0,1,0.5,20,13.4
1-PLGA-Fhigh,7,7.373,8,10,-1,-1,12,8,-1,-1,2,0.004,-1,,30,3,6,95.6,,,0,1,0.5,20,13.4
1-PLGA-Fhigh,11,4.826,8,10,-1,-1,12,8,-1,-1,2,0.004,-1,,30,3,6,95.6,,,0,1,0.5,20,13.4
1-PLGA-Fhigh,14,14.745,8,10,-1,-1,12,8,-1,-1,2,0.004,-1,,30,3,6,95.6,,,0,1,0.5,20,13.4
1-PLGA-Flow,2,11.126,8,10,-1,-1,12,8,-1,-1,2,0.002,-1,,28.4,3,6,96,,,0,1,0.5,20,13.4
1-PLGA-Flow,7,11.796,8,10,-1,-1,12,8,-1,-1,2,0.002,-1,,28.4,3,6,96,,,0,1,0.5,20,13.4
1-PLGA-Flow,11,15.684,8,10,-1,-1,12,8,-1,-1,2,0.002,-1,,28.4,3,6,96,,,0,1,0.5,20,13.4
1-PLGA-Flow,14,16.22,8,10,-1,-1,12,8,-1,-1,2,0.002,-1,,28.4,3,6,96,,,0,1,0.5,20,13.4
2-perfused,1,58.065,8,40,-1,-1,3,,-1,-1,1,,-1,,3,0.2,0.3,,,,25,8,187,6,25
2-perfused,2,37.097,8,40,-1,-1,3,,-1,-1,1,,-1,,3,0.2,0.3,,,,25,8,187,6,25
2-perfused,3,48.387,8,40,-1,-1,3,,-1,-1,1,,-1,,3,0.2,0.3,,,,25,8,187,6,25
2-perfused,4,68.548,8,40,-1,-1,3,,-1,-1,1,,-1,,3,0.2,0.3,,,,25,8,187,6,25
2-static,1,106.349,8,40,-1,-1,3,,-1,-1,1,,-1,,3,0.2,0.3,,,,0,8,187,6,25
2-static,2,84.127,8,40,-1,-1,3,,-1,-1,1,,-1,,3,0.2,0.3,,,,0,8,187,6,25
2-static,3,69.841,8,40,-1,-1,3,,-1,-1,1,,-1,,3,0.2,0.3,,,,0,8,187,6,25
2-static,4,253.175,8,40,-1,-1,3,,-1,-1,1,,-1,,3,0.2,0.3,,,,0,8,187,6,25
3-PLLA Scaffold,1,0.535,1,50,-1,-1,1,,-1,-1,4.1,64.8,0.05,,,0.5,8,,,,0,3.2,,0.05,80
3-PLLA Scaffold,3,2.569,1,50,-1,-1,1,,-1,-1,4.1,64.8,0.05,,,0.5,8,,,,0,3.2,,0.05,80
3-PLLA Scaffold,7,3.104,1,50,-1,-1,1,,-1,-1,4.1,64.8,0.05,,,0.5,8,,,,0,3.2,,0.05,80
3-PLLA Scaffold,14,2.141,1,50,-1,-1,1,,-1,-1,4.1,64.8,0.05,,,0.5,8,,,,0,3.2,,0.05,80
3-dECM Scaffold,1,0.474,1,50,-1,-1,2,-1,-1,-1,-1,-1,-1,,,0.5,8,,,,0,6,1,235,1.2
3-dECM Scaffold,3,2.844,1,50,-1,-1,2,-1,-1,-1,-1,-1,-1,,,0.5,8,,,,0,6,1,235,1.2
3-dECM Scaffold,7,3.639,1,50,-1,-1,2,-1,-1,-1,-1,-1,-1,,,0.5,8,,,,0,6,1,235,1.2
3-dECM Scaffold,14,2.248,1,50,-1,-1,2,-1,-1,-1,-1,-1,-1,,,0.5,8,,,,0,6,1,235,1.2
4-static,4,33.962,2,2.4,-1,-1,12,3,-1,-1,1,0.83,-1,,250,3,10,85,,,0,2,0.83,20,2
4-static,8,61.132,2,2.4,-1,-1,12,3,-1,-1,1,0.83,-1,,250,3,10,85,,,0,2,0.83,20,2
4-static,12,153.962,2,2.4,-1,-1,12,3,-1,-1,1,0.83,-1,,250,3,10,85,,,0,2,0.83,20,2
4-static,16,328.302,2,2.4,-1,-1,12,3,-1,-1,1,0.83,-1,,250,3,10,85,,,0,2,0.83,20,2
4-static,22,364.528,2,2.4,-1,-1,12,3,-1,-1,1,0.83,-1,,250,3,10,85,,,0,2,0.83,20,2
4-dynamic,4,43.019,2,2.4,-1,-1,12,3,-1,-1,1,0.83,-1,,250,3,10,85,,,200,2,0.83,20,2
4-dynamic,8,88.302,2,2.4,-1,-1,12,3,-1,-1,1,0.83,-1,,250,3,10,85,,,200,2,0.83,20,2
4-dynamic,12,230.943,2,2.4,-1,-1,12,3,-1,-1,1,0.83,-1,,250,3,10,85,,,200,2,0.83,20,2
4-dynamic,16,432.453,2,2.4,-1,-1,12,3,-1,-1,1,0.83,-1,,250,3,10,85,,,200,2,0.83,20,2
4-dynamic,22,509.434,2,2.4,-1,-1,12,3,-1,-1,1,0.83,-1,,250,3,10,85,,,200,2,0.83,20,2
5-PET,3,0.298,3,0.052,-1,-1,4,,-1,-1,-1,-1,-1,,,0.36,0.0115,81.8,314.56,849206,0,,,,
5-PET,6,0.339,3,0.052,-1,-1,4,,-1,-1,-1,-1,-1,,,0.36,0.0115,81.8,314.56,849206,0,,,,
5-PET,9,0.364,3,0.052,-1,-1,4,,-1,-1,-1,-1,-1,,,0.36,0.0115,81.8,314.56,849206,0,,,,
5-PET,12,0.323,3,0.052,-1,-1,4,,-1,-1,-1,-1,-1,,,0.36,0.0115,81.8,314.56,849206,0,,,,
5-PET,15,0.295,3,0.052,-1,-1,4,,-1,-1,-1,-1,-1,,,0.36,0.0115,81.8,314.56,849206,0,,,,
5-PET-AAc,3,0.306,3,0.052,-1,-1,4,,-1,-1,9,,-1,,,0.36,0.0115,84.1,500.97,583333,0,,,,
5-PET-AAc,6,0.345,3,0.052,-1,-1,4,,-1,-1,9,,-1,,,0.36,0.0115,84.1,500.97,583333,0,,,,
5-PET-AAc,9,0.386,3,0.052,-1,-1,4,,-1,-1,9,,-1,,,0.36,0.0115,84.1,500.97,583333,0,,,,
5-PET-AAc,12,0.336,3,0.052,-1,-1,4,,-1,-1,9,,-1,,,0.36,0.0115,84.1,500.97,583333,0,,,,
5-PET-AAc,15,0.295,3,0.052,-1,-1,4,,-1,-1,9,,-1,,,0.36,0.0115,84.1,500.97,583333,0,,,,
5-PET-Gal,3,0.399,3,0.052,-1,-1,4,,-1,-1,9.11,,,,,0.36,0.0115,82.3,499.51,1634920,0,,,,
5-PET-Gal,6,0.613,3,0.052,-1,-1,4,,-1,-1,9.11,,,,,0.36,0.0115,82.3,499.51,1634920,0,,,,
5-PET-Gal,9,0.867,3,0.052,-1,-1,4,,-1,-1,9.11,,,,,0.36,0.0115,82.3,499.51,1634920,0,,,,
5-PET-Gal,12,0.848,3,0.052,-1,-1,4,,-1,-1,9.11,,,,,0.36,0.0115,82.3,499.51,1634920,0,,,,
5-PET-Gal,15,0.864,3,0.052,-1,-1,4,,-1,-1,9.11,,,,,0.36,0.0115,82.3,499.51,1634920,0,,,,
5-PET-Gel,3,0.397,3,0.052,-1,-1,4,,-1,-1,9.5,,1.459,,,0.36,0.0115,81.6,483.49,1662698,0,,,,
5-PET-Gel,6,0.588,3,0.052,-1,-1,4,,-1,-1,9.5,,1.459,,,0.36,0.0115,81.6,483.49,1662698,0,,,,
5-PET-Gel,9,0.594,3,0.052,-1,-1,4,,-1,-1,9.5,,1.459,,,0.36,0.0115,81.6,483.49,1662698,0,,,,
5-PET-Gel,12,0.55,3,0.052,-1,-1,4,,-1,-1,9.5,,1.459,,,0.36,0.0115,81.6,483.49,1662698,0,,,,
5-PET-Gel,15,0.471,3,0.052,-1,-1,4,,-1,-1,9.5,,1.459,,,0.36,0.0115,81.6,483.49,1662698,0,,,,
6-MePS,1,2.348,8,0.7,-1,-1,14,,-1,-1,1,0.008,-1,,0.142,1.3,6.9,16,,310,164,8,1,1,750
6-MePS,3,5.655,8,0.7,-1,-1,14,,-1,-1,1,0.008,-1,,0.142,1.3,6.9,16,,310,164,8,1,1,750
6-MePS,5,13.917,8,0.7,-1,-1,14,,-1,-1,1,0.008,-1,,0.142,1.3,6.9,16,,310,164,8,1,1,750
6-MePS,7,16.727,8,0.7,-1,-1,14,,-1,-1,1,0.008,-1,,0.142,1.3,6.9,16,,310,164,8,1,1,750
6-MePS,9,21.199,8,0.7,-1,-1,14,,-1,-1,1,0.008,-1,,0.142,1.3,6.9,16,,310,164,8,1,1,750
6-MePS,11,21.24,8,0.7,-1,-1,14,,-1,-1,1,0.008,-1,,0.142,1.3,6.9,16,,310,164,8,1,1,750
6-MePS,13,22.501,8,0.7,-1,-1,14,,-1,-1,1,0.008,-1,,0.142,1.3,6.9,16,,310,164,8,1,1,750
6-MePS,15,22.649,8,0.7,-1,-1,14,,-1,-1,1,0.008,-1,,0.142,1.3,6.9,16,,310,164,8,1,1,750
6-MePS,17,24.537,8,0.7,-1,-1,14,,-1,-1,1,0.008,-1,,0.142,1.3,6.9,16,,310,164,8,1,1,750
6-MePS,19,23.181,8,0.7,-1,-1,14,,-1,-1,1,0.008,-1,,0.142,1.3,6.9,16,,310,164,8,1,1,750
6-MePS,21,22.62,8,0.7,-1,-1,14,,-1,-1,1,0.008,-1,,0.142,1.3,6.9,16,,310,164,8,1,1,750
7-CF00,7,3.474,8.14,2.5,0.25,-1,12,8,-1,-1,-1,-1,-1,,,5,6,,,,0,1,0.5,18,25
7-CF10,7,8.632,8.14,2.5,0.25,-1,12,8,-1,-1,1,0.008,-1,,,5,6,,,,0,1,0.5,18,25
7-CF01,7,5.056,8.14,2.5,0.25,-1,12,8,-1,-1,2,0.004,-1,,,5,6,,,,0,1,0.5,18,25
7-CF31,7,10.971,8.14,2.5,0.25,-1,12,8,-1,-1,1.2,0.006,0.002,,,5,6,,,,0,1,0.5,18,25
8-PVA,2,11.02,5,7.5,-1,-1,6,13,-1,-1,-1,-1,-1,,,2,6,78,,54,0,4,1,400,
8-PVA,4,17.347,5,7.5,-1,-1,6,13,-1,-1,-1,-1,-1,,,2,6,78,,54,0,4,1,400,
8-PVA,7,39.592,5,7.5,-1,-1,6,13,-1,-1,-1,-1,-1,,,2,6,78,,54,0,4,1,400,
8-PVA,11,51.429,5,7.5,-1,-1,6,13,-1,-1,-1,-1,-1,,,2,6,78,,54,0,4,1,400,
8-PVA,14,46.327,5,7.5,-1,-1,6,13,-1,-1,-1,-1,-1,,,2,6,78,,54,0,4,1,400,
8-PVA,18,44.49,5,7.5,-1,-1,6,13,-1,-1,-1,-1,-1,,,2,6,78,,54,0,4,1,400,
8-PVA,21,43.878,5,7.5,-1,-1,6,13,-1,-1,-1,-1,-1,,,2,6,78,,54,0,4,1,400,
9-hexagonal,2,9.119,6,12.5,-1,-1,7,4,-1,-1,6,0.71,-1,,,,0.13,66.3,,51.3,0,3,,,
9-hexagonal,6,38.298,6,12.5,-1,-1,7,4,-1,-1,6,0.71,-1,,,,0.13,66.3,,51.3,0,3,,,
9-hexagonal,9,41.216,6,12.5,-1,-1,7,4,-1,-1,6,0.71,-1,,,,0.13,66.3,,51.3,0,3,,,
9-hexagonal,15,42.31,6,12.5,-1,-1,7,4,-1,-1,6,0.71,-1,,,,0.13,66.3,,51.3,0,3,,,
9-squared,2,4.742,6,12.5,-1,-1,7,4,-1,-1,6,0.71,-1,,,,0.13,66.6,,77.2,0,3,,,
9-squared,6,30.456,6,12.5,-1,-1,7,4,-1,-1,6,0.71,-1,,,,0.13,66.6,,77.2,0,3,,,
9-squared,9,36.474,6,12.5,-1,-1,7,4,-1,-1,6,0.71,-1,,,,0.13,66.6,,77.2,0,3,,,
9-squared,15,39.574,6,12.5,-1,-1,7,4,-1,-1,6,0.71,-1,,,,0.13,66.6,,77.2,0,3,,,
10-Hep,1,55.442,1,0.2,-1,-1,10.11,7.5,7.5,-1,-1,-1,-1,,20.5,,15,,,,0,1,0.6,20,
10-Hep,3,46.151,1,0.2,-1,-1,10.11,7.5,7.5,-1,-1,-1,-1,,20.5,,15,,,,0,1,0.6,20,
10-Hep,5,34.763,1,0.2,-1,-1,10.11,7.5,7.5,-1,-1,-1,-1,,20.5,,15,,,,0,1,0.6,20,
10-Hep,7,27.271,1,0.2,-1,-1,10.11,7.5,7.5,-1,-1,-1,-1,,20.5,,15,,,,0,1,0.6,20,
10-Hep,10,12.886,1,0.2,-1,-1,10.11,7.5,7.5,-1,-1,-1,-1,,20.5,,15,,,,0,1,0.6,20,
10-Hep,15,5.394,1,0.2,-1,-1,10.11,7.5,7.5,-1,-1,-1,-1,,20.5,,15,,,,0,1,0.6,20,
10-Hep-Fib,1,63.833,1.13,0.2,0.3,-1,10.11,7.5,7.5,-1,-1,-1,-1,,20.5,,15,,,,0,1,0.6,20,
10-Hep-Fib,3,61.136,1.13,0.2,0.3,-1,10.11,7.5,7.5,-1,-1,-1,-1,,20.5,,15,,,,0,1,0.6,20,
10-Hep-Fib,5,53.344,1.13,0.2,0.3,-1,10.11,7.5,7.5,-1,-1,-1,-1,,20.5,,15,,,,0,1,0.6,20,
10-Hep-Fib,7,50.347,1.13,0.2,0.3,-1,10.11,7.5,7.5,-1,-1,-1,-1,,20.5,,15,,,,0,1,0.6,20,
10-Hep-Fib,10,45.252,1.13,0.2,0.3,-1,10.11,7.5,7.5,-1,-1,-1,-1,,20.5,,15,,,,0,1,0.6,20,
10-Hep-Fib,15,39.558,1.13,0.2,0.3,-1,10.11,7.5,7.5,-1,-1,-1,-1,,20.5,,15,,,,0,1,0.6,20,
10-Hep-EC,1,62.334,1.7,0.2,0.15,-1,10.11,7.5,7.5,-1,-1,-1,-1,,20.5,,15,,,,0,1,0.6,20,
10-Hep-EC,3,57.24,1.7,0.2,0.15,-1,10.11,7.5,7.5,-1,-1,-1,-1,,20.5,,15,,,,0,1,0.6,20,
10-Hep-EC,5,48.549,1.7,0.2,0.15,-1,10.11,7.5,7.5,-1,-1,-1,-1,,20.5,,15,,,,0,1,0.6,20,
10-Hep-EC,7,45.552,1.7,0.2,0.15,-1,10.11,7.5,7.5,-1,-1,-1,-1,,20.5,,15,,,,0,1,0.6,20,
10-Hep-EC,10,42.256,1.7,0.2,0.15,-1,10.11,7.5,7.5,-1,-1,-1,-1,,20.5,,15,,,,0,1,0.6,20,
10-Hep-EC,15,36.262,1.7,0.2,0.15,-1,10.11,7.5,7.5,-1,-1,-1,-1,,20.5,,15,,,,0,1,0.6,20,
10-Hep-Fib-EC,1,77.918,1.1307,0.2,0.3,0.15,10.11,7.5,7.5,-1,-1,-1,-1,,20.5,,15,,,,0,1,0.6,20,
10-Hep-Fib-EC,3,76.42,1.1307,0.2,0.3,0.15,10.11,7.5,7.5,-1,-1,-1,-1,,20.5,,15,,,,0,1,0.6,20,
10-Hep-Fib-EC,5,68.927,1.1307,0.2,0.3,0.15,10.11,7.5,7.5,-1,-1,-1,-1,,20.5,,15,,,,0,1,0.6,20,
10-Hep-Fib-EC,7,63.233,1.1307,0.2,0.3,0.15,10.11,7.5,7.5,-1,-1,-1,-1,,20.5,,15,,,,0,1,0.6,20,
10-Hep-Fib-EC,10,56.94,1.1307,0.2,0.3,0.15,10.11,7.5,7.5,-1,-1,-1,-1,,20.5,,15,,,,0,1,0.6,20,
10-Hep-Fib-EC,15,50.647,1.1307,0.2,0.3,0.15,10.11,7.5,7.5,-1,-1,-1,-1,,20.5,,15,,,,0,1,0.6,20,
11-PELA,1,47.028,8,4,-1,-1,10,,-1,-1,-1,-1,-1,,11.7,,15,,,,0,1,0.6,20,
11-PELA,3,30.104,8,4,-1,-1,10,,-1,-1,-1,-1,-1,,11.7,,15,,,,0,1,0.6,20,
11-PELA,5,19.171,8,4,-1,-1,10,,-1,-1,-1,-1,-1,,11.7,,15,,,,0,1,0.6,20,
11-PELA,7,12.581,8,4,-1,-1,10,,-1,-1,-1,-1,-1,,11.7,,15,,,,0,1,0.6,20,
11-F1/9,1,49.574,8,4,-1,-1,10.11,1,9,-1,-1,-1,-1,,11.7,,15,,,,0,1,0.6,20,
11-F1/9,3,36.993,8,4,-1,-1,10.11,1,9,-1,-1,-1,-1,,11.7,,15,,,,0,1,0.6,20,
11-F1/9,5,28.456,8,4,-1,-1,10.11,1,9,-1,-1,-1,-1,,11.7,,15,,,,0,1,0.6,20,
11-F1/9,7,24.712,8,4,-1,-1,10.11,1,9,-1,-1,-1,-1,,11.7,,15,,,,0,1,0.6,20,
11-F3/7,1,54.816,8,4,-1,-1,10.11,3,7,-1,-1,-1,-1,,11.7,,15,,,,0,1,0.6,20,
11-F3/7,3,44.781,8,4,-1,-1,10.11,3,7,-1,-1,-1,-1,,11.7,,15,,,,0,1,0.6,20,
11-F3/7,5,35.346,8,4,-1,-1,10.11,3,7,-1,-1,-1,-1,,11.7,,15,,,,0,1,0.6,20,
11-F3/7,7,28.007,8,4,-1,-1,10.11,3,7,-1,-1,-1,-1,,11.7,,15,,,,0,1,0.6,20,
11-F5/5,1,54.816,8,4,-1,-1,10.11,5,5,-1,-1,-1,-1,,11.7,,15,,,,0,1,0.6,20,
11-F5/5,3,51.671,8,4,-1,-1,10.11,5,5,-1,-1,-1,-1,,11.7,,15,,,,0,1,0.6,20,
11-F5/5,5,46.878,8,4,-1,-1,10.11,5,5,-1,-1,-1,-1,,11.7,,15,,,,0,1,0.6,20,
11-F5/5,7,42.085,8,4,-1,-1,10.11,5,5,-1,-1,-1,-1,,11.7,,15,,,,0,1,0.6,20,
11-F7/3,1,56.313,8,4,-1,-1,10.11,7,3,-1,-1,-1,-1,,11.7,,15,,,,0,1,0.6,20,
11-F7/3,3,49.574,8,4,-1,-1,10.11,7,3,-1,-1,-1,-1,,11.7,,15,,,,0,1,0.6,20,
11-F7/3,5,46.578,8,4,-1,-1,10.11,7,3,-1,-1,-1,-1,,11.7,,15,,,,0,1,0.6,20,
11-F7/3,7,38.341,8,4,-1,-1,10.11,7,3,-1,-1,-1,-1,,11.7,,15,,,,0,1,0.6,20,
11-F9/1,1,57.811,8,4,-1,-1,10.11,9,1,-1,-1,-1,-1,,11.7,,15,,,,0,1,0.6,20,
11-F9/1,3,47.028,8,4,-1,-1,10.11,9,1,-1,-1,-1,-1,,11.7,,15,,,,0,1,0.6,20,
11-F9/1,5,44.781,8,4,-1,-1,10.11,9,1,-1,-1,-1,-1,,11.7,,15,,,,0,1,0.6,20,
11-F9/1,7,36.843,8,4,-1,-1,10.11,9,1,-1,-1,-1,-1,,11.7,,15,,,,0,1,0.6,20,
11-Direct,1,0.049,8.13,0.1,0.3,-1,10.11,5,5,-1,-1,-1,-1,,11.7,,15,,,,0,1,0.6,20,
11-Direct,3,0.034,8.13,0.1,0.3,-1,10.11,5,5,-1,-1,-1,-1,,11.7,,15,,,,0,1,0.6,20,
11-Direct,5,0.023,8.13,0.1,0.3,-1,10.11,5,5,-1,-1,-1,-1,,11.7,,15,,,,0,1,0.6,20,
11-Direct,7,0.016,8.13,0.1,0.3,-1,10.11,5,5,-1,-1,-1,-1,,11.7,,15,,,,0,1,0.6,20,
11-Pattern C Culture,1,0.054,8,4,-1,-1,10.11,5,5,-1,-1,-1,-1,,11.7,,15,,,,0,1,0.6,20,
11-Pattern C Culture,3,0.048,8,4,-1,-1,10.11,5,5,-1,-1,-1,-1,,11.7,,15,,,,0,1,0.6,20,
11-Pattern C Culture,5,0.04,8,4,-1,-1,10.11,5,5,-1,-1,-1,-1,,11.7,,15,,,,0,1,0.6,20,
11-Pattern C Culture,7,0.035,8,4,-1,-1,10.11,5,5,-1,-1,-1,-1,,11.7,,15,,,,0,1,0.6,20,
11-Pattern A,1,0.062,8.13,0.1,0.3,-1,10.11,5,5,-1,-1,-1,-1,,11.7,,15,,,,0,1,0.6,20,
11-Pattern A,3,0.054,8.13,0.1,0.3,-1,10.11,5,5,-1,-1,-1,-1,,11.7,,15,,,,0,1,0.6,20,
11-Pattern A,5,0.053,8.13,0.1,0.3,-1,10.11,5,5,-1,-1,-1,-1,,11.7,,15,,,,0,1,0.6,20,
11-Pattern A,7,0.048,8.13,0.1,0.3,-1,10.11,5,5,-1,-1,-1,-1,,11.7,,15,,,,0,1,0.6,20,
11-Pattern B,1,0.061,8.13,0.1,0.3,-1,10.11,5,5,-1,-1,-1,-1,,11.7,,15,,,,0,1,0.6,20,
11-Pattern B,3,0.054,8.13,0.1,0.3,-1,10.11,5,5,-1,-1,-1,-1,,11.7,,15,,,,0,1,0.6,20,
11-Pattern B,5,0.053,8.13,0.1,0.3,-1,10.11,5,5,-1,-1,-1,-1,,11.7,,15,,,,0,1,0.6,20,
11-Pattern B,7,0.048,8.13,0.1,0.3,-1,10.11,5,5,-1,-1,-1,-1,,11.7,,15,,,,0,1,0.6,20,
11-Pattern C,1,0.059,8.13,0.1,0.3,-1,10.11,5,5,-1,-1,-1,-1,,11.7,,15,,,,0,1,0.6,20,
11-Pattern C,3,0.056,8.13,0.1,0.3,-1,10.11,5,5,-1,-1,-1,-1,,11.7,,15,,,,0,1,0.6,20,
11-Pattern C,5,0.055,8.13,0.1,0.3,-1,10.11,5,5,-1,-1,-1,-1,,11.7,,15,,,,0,1,0.6,20,
11-Pattern C,7,0.051,8.13,0.1,0.3,-1,10.11,5,5,-1,-1,-1,-1,,11.7,,15,,,,0,1,0.6,20,
11-Pattern D,1,0.056,8.13,0.1,0.3,-1,10.11,5,5,-1,-1,-1,-1,,11.7,,15,,,,0,1,0.6,20,
11-Pattern D,3,0.053,8.13,0.1,0.3,-1,10.11,5,5,-1,-1,-1,-1,,11.7,,15,,,,0,1,0.6,20,
11-Pattern D,5,0.053,8.13,0.1,0.3,-1,10.11,5,5,-1,-1,-1,-1,,11.7,,15,,,,0,1,0.6,20,
11-Pattern D,7,0.047,8.13,0.1,0.3,-1,10.11,5,5,-1,-1,-1,-1,,11.7,,15,,,,0,1,0.6,20,
12-2D+DLS,21,7.887,9,1,-1,-1,18,-1,-1,-1,-1,-1,-1,,,3,8,,,,0,6,2,11.25,1.3
12-3D+DLS,21,16.127,9,1,-1,-1,18,-1,-1,-1,-1,-1,-1,,,3.1,8,,,,0,6,2,11.25,1.3
13-Monoculture,5,4.895,10,0.8,-1,-1,13,5.9,-1,-1,10.1,,0.08,,462,2.5,5,,,,0,5,1,4,1
13-Monoculture,9,3.132,10,0.8,-1,-1,13,5.9,-1,-1,10.1,,0.08,,462,2.5,5,,,,0,5,1,4,1
13-Monoculture,12,2.105,10,0.8,-1,-1,13,5.9,-1,-1,10.1,,0.08,,462,2.5,5,,,,0,5,1,4,1
13-Monoculture,15,1.026,10,0.8,-1,-1,13,5.9,-1,-1,10.1,,0.08,,462,2.5,5,,,,0,5,1,4,1
13-Coculture,5,5.184,10.11,0.8,0.1,-1,13,5.9,-1,-1,10.1,,0.08,,462,2.5,5,,,,0,5,1,4,1
13-Coculture,9,4.895,10.11,0.8,0.1,-1,13,5.9,-1,-1,10.1,,0.08,,462,2.5,5,,,,0,5,1,4,1
13-Coculture,12,6.132,10.11,0.8,0.1,-1,13,5.9,-1,-1,10.1,,0.08,,462,2.5,5,,,,0,5,1,4,1
13-Coculture,15,5.763,10.11,0.8,0.1,-1,13,5.9,-1,-1,10.1,,0.08,,462,2.5,5,,,,0,5,1,4,1
14-Hep,1,45.455,10,0.2,-1,-1,10.11,15,-1,-1,-1,-1,-1,,25.6,0.4,15,,,,0,1,0.6,20,
14-Hep,3,28.571,10,0.2,-1,-1,10.11,15,-1,-1,-1,-1,-1,,25.6,0.4,15,,,,0,1,0.6,20,
14-Hep,5,18.615,10,0.2,-1,-1,10.11,15,-1,-1,-1,-1,-1,,25.6,0.4,15,,,,0,1,0.6,20,
14-Hep,7,10.39,10,0.2,-1,-1,10.11,15,-1,-1,-1,-1,-1,,25.6,0.4,15,,,,0,1,0.6,20,
14-Hep,10,5.844,10,0.2,-1,-1,10.11,15,-1,-1,-1,-1,-1,,25.6,0.4,15,,,,0,1,0.6,20,
14-Hep,15,2.165,10,0.2,-1,-1,10.11,15,-1,-1,-1,-1,-1,,25.6,0.4,15,,,,0,1,0.6,20,
14-Hep-Fib,1,58.442,10.13,0.2,0.3,-1,10.11,15,-1,-1,-1,-1,-1,,25.6,0.4,15,,,,0,1,0.6,20,
14-Hep-Fib,3,55.628,10.13,0.2,0.3,-1,10.11,15,-1,-1,-1,-1,-1,,25.6,0.4,15,,,,0,1,0.6,20,
14-Hep-Fib,5,48.918,10.13,0.2,0.3,-1,10.11,15,-1,-1,-1,-1,-1,,25.6,0.4,15,,,,0,1,0.6,20,
14-Hep-Fib,7,45.455,10.13,0.2,0.3,-1,10.11,15,-1,-1,-1,-1,-1,,25.6,0.4,15,,,,0,1,0.6,20,
14-Hep-Fib,10,41.126,10.13,0.2,0.3,-1,10.11,15,-1,-1,-1,-1,-1,,25.6,0.4,15,,,,0,1,0.6,20,
14-Hep-Fib,15,36.364,10.13,0.2,0.3,-1,10.11,15,-1,-1,-1,-1,-1,,25.6,0.4,15,,,,0,1,0.6,20,
14-Hep-Fib-EC,1,70.996,10.1307,0.2,0.3,0.15,10.11,15,-1,-1,-1,-1,-1,,25.6,0.4,15,,,,0,1,0.6,20,
14-Hep-Fib-EC,3,68.831,10.1307,0.2,0.3,0.15,10.11,15,-1,-1,-1,-1,-1,,25.6,0.4,15,,,,0,1,0.6,20,
14-Hep-Fib-EC,5,65.584,10.1307,0.2,0.3,0.15,10.11,15,-1,-1,-1,-1,-1,,25.6,0.4,15,,,,0,1,0.6,20,
14-Hep-Fib-EC,7,62.554,10.1307,0.2,0.3,0.15,10.11,15,-1,-1,-1,-1,-1,,25.6,0.4,15,,,,0,1,0.6,20,
14-Hep-Fib-EC,10,58.442,10.1307,0.2,0.3,0.15,10.11,15,-1,-1,-1,-1,-1,,25.6,0.4,15,,,,0,1,0.6,20,
14-Hep-Fib-EC,15,55.628,10.1307,0.2,0.3,0.15,10.11,15,-1,-1,-1,-1,-1,,25.6,0.4,15,,,,0,1,0.6,20,
15-GEVAC,14,0.097,15,0.052,-1,-1,9.33,0.715,0.285,-1,-1,-1,-1,,90.2,2,10,75.7,,,0,2,,80,48
15-GEVAC,28,0.255,15,0.052,-1,-1,9.33,0.715,0.285,-1,-1,-1,-1,,90.2,2,10,75.7,,,0,2,,80,48
15-CH1,14,0.059,15,0.052,-1,-1,14.34,1.9,3.96,-1,-1,-1,-1,,187,2,10,,,,0,2,,80,48
15-CH1,28,0.173,15,0.052,-1,-1,14.34,1.9,3.96,-1,-1,-1,-1,,187,2,10,,,,0,2,,80,48
15-DG1,14,0.055,15,0.052,-1,-1,9.35,,,-1,-1,-1,-1,,150,2,10,,,,0,2,,80,48
15-DG1,28,0.152,15,0.052,-1,-1,9.35,,,-1,-1,-1,-1,,150,2,10,,,,0,2,,80,48
16-static,1,1.667,8.23,3,10,-1,19,,,,-1,-1,-1,,140,0.42,6,,,,0,,,,
16-static,3,2,8.23,3,10,-1,19,,,,-1,-1,-1,,140,0.42,6,,,,0,,,,
16-static,7,1.356,8.23,3,10,-1,19,,,,-1,-1,-1,,140,0.42,6,,,,0,,,,
16-static,14,1.044,8.23,3,10,-1,19,,,,-1,-1,-1,,140,0.42,6,,,,0,,,,
16-fluidic,1,3.422,8.23,3,10,-1,19,,,,-1,-1,-1,,140,0.42,6,,,,650,,,,
16-fluidic,3,4.356,8.23,3,10,-1,19,,,,-1,-1,-1,,140,0.42,6,,,,650,,,,
16-fluidic,7,7.067,8.23,3,10,-1,19,,,,-1,-1,-1,,140,0.42,6,,,,650,,,,
16-fluidic,14,3,8.23,3,10,-1,19,,,,-1,-1,-1,,140,0.42,6,,,,650,,,,
c13-PELA,1,47.123,10,50,-1,-1,10.11,4,4,-1,-1,-1,-1,,5.9,0.1,0.436,,,,0,1,1,20,
c13-PELA,5,31.089,10,50,-1,-1,10.11,4,4,-1,-1,-1,-1,,5.9,0.1,0.436,,,,0,1,1,20,
c13-PELA,10,19.553,10,50,-1,-1,10.11,4,4,-1,-1,-1,-1,,5.9,0.1,0.436,,,,0,1,1,20,
c13-PELA,15,13.296,10,50,-1,-1,10.11,4,4,-1,-1,-1,-1,,5.9,0.1,0.436,,,,0,1,1,20,
17-HepG2,1,0.866,4,2,-1,-1,15.709,0.88,1.5,2.2,-1,-1,-1,,,2,8,91.85,94,,7000,13,12,16,
17-HepG2,4,1.205,4,2,-1,-1,15.709,0.88,1.5,2.2,-1,-1,-1,,,2,8,91.85,94,,7000,13,12,16,
17-HepG2,7,1.247,4,2,-1,-1,15.709,0.88,1.5,2.2,-1,-1,-1,,,2,8,91.85,94,,7000,13,12,16,
17-HepG2,10,1.316,4,2,-1,-1,15.709,0.88,1.5,2.2,-1,-1,-1,,,2,8,91.85,94,,7000,13,12,16,
17-HepG2,13,1.074,4,2,-1,-1,15.709,0.88,1.5,2.2,-1,-1,-1,,,2,8,91.85,94,,7000,13,12,16,
17-HepG2-PNIPAAm,1,0.734,4,2,-1,-1,15.709,0.88,1.5,2.2,31,0.05,-1,,,2,8,91.85,94,,7000,13,12,16,
17-HepG2-PNIPAAm,4,1.261,4,2,-1,-1,15.709,0.88,1.5,2.2,31,0.05,-1,,,2,8,91.85,94,,7000,13,12,16,
17-HepG2-PNIPAAm,7,1.337,4,2,-1,-1,15.709,0.88,1.5,2.2,31,0.05,-1,,,2,8,91.85,94,,7000,13,12,16,
17-HepG2-PNIPAAm,10,1.392,4,2,-1,-1,15.709,0.88,1.5,2.2,31,0.05,-1,,,2,8,91.85,94,,7000,13,12,16,
17-HepG2-PNIPAAm,13,1.254,4,2,-1,-1,15.709,0.88,1.5,2.2,31,0.05,-1,,,2,8,91.85,94,,7000,13,12,16,
17-Huh7,1,0.911,16,2,-1,-1,15.709,0.88,1.5,2.2,-1,-1,-1,,,2,8,91.85,94,,7000,13,12,16,
17-Huh7,4,1.324,16,2,-1,-1,15.709,0.88,1.5,2.2,-1,-1,-1,,,2,8,91.85,94,,7000,13,12,16,
17-Huh7,7,1.557,16,2,-1,-1,15.709,0.88,1.5,2.2,-1,-1,-1,,,2,8,91.85,94,,7000,13,12,16,
17-Huh7,10,1.631,16,2,-1,-1,15.709,0.88,1.5,2.2,-1,-1,-1,,,2,8,91.85,94,,7000,13,12,16,
17-Huh7,13,1.303,16,2,-1,-1,15.709,0.88,1.5,2.2,-1,-1,-1,,,2,8,91.85,94,,7000,13,12,16,
17-Huh7-PNIPAAm,1,0.911,16,2,-1,-1,15.709,0.88,1.5,2.2,31,0.05,-1,,,2,8,91.85,94,,7000,13,12,16,
17-Huh7-PNIPAAm,4,1.504,16,2,-1,-1,15.709,0.88,1.5,2.2,31,0.05,-1,,,2,8,91.85,94,,7000,13,12,16,
17-Huh7-PNIPAAm,7,1.663,16,2,-1,-1,15.709,0.88,1.5,2.2,31,0.05,-1,,,2,8,91.85,94,,7000,13,12,16,
17-Huh7-PNIPAAm,10,1.917,16,2,-1,-1,15.709,0.88,1.5,2.2,31,0.05,-1,,,2,8,91.85,94,,7000,13,12,16,
17-Huh7-PNIPAAm,13,1.483,16,2,-1,-1,15.709,0.88,1.5,2.2,31,0.05,-1,,,2,8,91.85,94,,7000,13,12,16,
18-Agarose,3,29.661,4,1,-1,-1,16,0.99,-1,-1,-1,-1,-1,,,,,,,,0,11,121,20,
18-Agarose,7,35.593,4,1,-1,-1,16,0.99,-1,-1,-1,-1,-1,,,,,,,,0,11,121,20,
18-Agarose,9,56.356,4,1,-1,-1,16,0.99,-1,-1,-1,-1,-1,,,,,,,,0,11,121,20,
18-Alginate,3,56.356,4,1,-1,-1,7,0.57,-1,-1,-1,-1,-1,,,,,,,,0,12,60,,
18-Alginate,7,136.441,4,1,-1,-1,7,0.57,-1,-1,-1,-1,-1,,,,,,,,0,12,60,,
18-Alginate,9,144.35,4,1,-1,-1,7,0.57,-1,-1,-1,-1,-1,,,,,,,,0,12,60,,
18-HA-PEG,3,16.808,4,1,-1,-1,34.15,1.587,-1,-1,12,-1,-1,,,,,,,,0,9,1.2,,
18-HA-PEG,7,110.734,4,1,-1,-1,34.15,1.587,-1,-1,12,-1,-1,,,,,,,,0,9,1.2,,
18-HA-PEG,9,32.627,4,1,-1,-1,34.15,1.587,-1,-1,12,-1,-1,,,,,,,,0,9,1.2,,
19-Alg,2,30.689,10,8,-1,-1,7,1,-1,-1,-1,-1,-1,,70,,0.1,,,,0,10,1,187.5,
19-Alg,4,24,10,8,-1,-1,7,1,-1,-1,-1,-1,-1,,70,,0.1,,,,0,10,1,187.5,
19-Alg,6,34.623,10,8,-1,-1,7,1,-1,-1,-1,-1,-1,,70,,0.1,,,,0,10,1,187.5,
19-Alg,8,61.377,10,8,-1,-1,7,1,-1,-1,-1,-1,-1,,70,,0.1,,,,0,10,1,187.5,
19-Alg,10,50.361,10,8,-1,-1,7,1,-1,-1,-1,-1,-1,,70,,0.1,,,,0,10,1,187.5,
19-Alg,12,38.951,10,8,-1,-1,7,1,-1,-1,-1,-1,-1,,70,,0.1,,,,0,10,1,187.5,
19-Alg,14,35.41,10,8,-1,-1,7,1,-1,-1,-1,-1,-1,,70,,0.1,,,,0,10,1,187.5,
19-Alg,16,25.967,10,8,-1,-1,7,1,-1,-1,-1,-1,-1,,70,,0.1,,,,0,10,1,187.5,
19-Alg,18,24.787,10,8,-1,-1,7,1,-1,-1,-1,-1,-1,,70,,0.1,,,,0,10,1,187.5,
19-Alg,20,15.344,10,8,-1,-1,7,1,-1,-1,-1,-1,-1,,70,,0.1,,,,0,10,1,187.5,
19-Alg,22,18.098,10,8,-1,-1,7,1,-1,-1,-1,-1,-1,,70,,0.1,,,,0,10,1,187.5,
19-Alg,24,13.377,10,8,-1,-1,7,1,-1,-1,-1,-1,-1,,70,,0.1,,,,0,10,1,187.5,
19-Alg-col,2,21.246,10,8,-1,-1,7.5,0.8,0.02,-1,-1,-1,-1,,70,,0.1,,,,0,10,1,187.5,
19-Alg-col,4,47.607,10,8,-1,-1,7.5,0.8,0.02,-1,-1,-1,-1,,70,,0.1,,,,0,10,1,187.5,
19-Alg-col,6,58.23,10,8,-1,-1,7.5,0.8,0.02,-1,-1,-1,-1,,70,,0.1,,,,0,10,1,187.5,
19-Alg-col,8,60.984,10,8,-1,-1,7.5,0.8,0.02,-1,-1,-1,-1,,70,,0.1,,,,0,10,1,187.5,
19-Alg-col,10,77.902,10,8,-1,-1,7.5,0.8,0.02,-1,-1,-1,-1,,70,,0.1,,,,0,10,1,187.5,
19-Alg-col,12,90.492,10,8,-1,-1,7.5,0.8,0.02,-1,-1,-1,-1,,70,,0.1,,,,0,10,1,187.5,
19-Alg-col,14,70.426,10,8,-1,-1,7.5,0.8,0.02,-1,-1,-1,-1,,70,,0.1,,,,0,10,1,187.5,
19-Alg-col,16,73.967,10,8,-1,-1,7.5,0.8,0.02,-1,-1,-1,-1,,70,,0.1,,,,0,10,1,187.5,
19-Alg-col,18,85.77,10,8,-1,-1,7.5,0.8,0.02,-1,-1,-1,-1,,70,,0.1,,,,0,10,1,187.5,
19-Alg-col,20,54.689,10,8,-1,-1,7.5,0.8,0.02,-1,-1,-1,-1,,70,,0.1,,,,0,10,1,187.5,
19-Alg-col,22,59.016,10,8,-1,-1,7.5,0.8,0.02,-1,-1,-1,-1,,70,,0.1,,,,0,10,1,187.5,
19-Alg-col,24,52.328,10,8,-1,-1,7.5,0.8,0.02,-1,-1,-1,-1,,70,,0.1,,,,0,10,1,187.5,
20-Hep,1,15.039,10,30,-1,-1,17.5,0.7,0.023,-1,13,20,-1,,,,0.08,,,,0,9,1,0.72,
20-Hep,3,15.039,10,30,-1,-1,17.5,0.7,0.023,-1,13,20,-1,,,,0.08,,,,0,9,1,0.72,
20-Hep,5,32.298,10,30,-1,-1,17.5,0.7,0.023,-1,13,20,-1,,,,0.08,,,,0,9,1,0.72,
20-Hep,7,24.901,10,30,-1,-1,17.5,0.7,0.023,-1,13,20,-1,,,,0.08,,,,0,9,1,0.72,
20-Hep+3T3,1,8.136,10.17,30,10,-1,17.5,0.7,0.023,-1,13,20,-1,,,,0.08,,,,0,9,1,0.72,
20-Hep+3T3,3,12.821,10.17,30,10,-1,17.5,0.7,0.023,-1,13,20,-1,,,,0.08,,,,0,9,1,0.72,
20-Hep+3T3,5,46.105,10.17,30,10,-1,17.5,0.7,0.023,-1,13,20,-1,,,,0.08,,,,0,9,1,0.72,
20-Hep+3T3,7,40.927,10.17,30,10,-1,17.5,0.7,0.023,-1,13,20,-1,,,,0.08,,,,0,9,1,0.72,
20-Hep(High O2),1,20.217,10,30,-1,-1,17.5,0.7,0.023,-1,13,35,-1,,,,0.08,,,,0,9,1,0.72,
20-Hep(High O2),3,16.519,10,30,-1,-1,17.5,0.7,0.023,-1,13,35,-1,,,,0.08,,,,0,9,1,0.72,
20-Hep(High O2),5,36.982,10,30,-1,-1,17.5,0.7,0.023,-1,13,35,-1,,,,0.08,,,,0,9,1,0.72,
20-Hep(High O2),7,32.298,10,30,-1,-1,17.5,0.7,0.023,-1,13,35,-1,,,,0.08,,,,0,9,1,0.72,
20-Hep+3T3(High O2),1,13.807,10.17,30,10,-1,17.5,0.7,0.023,-1,13,35,-1,,,,0.08,,,,0,9,1,0.72,
20-Hep+3T3(High O2),3,21.45,10.17,30,10,-1,17.5,0.7,0.023,-1,13,35,-1,,,,0.08,,,,0,9,1,0.72,
20-Hep+3T3(High O2),5,67.308,10.17,30,10,-1,17.5,0.7,0.023,-1,13,35,-1,,,,0.08,,,,0,9,1,0.72,
20-Hep+3T3(High O2),7,77.416,10.17,30,10,-1,17.5,0.7,0.023,-1,13,35,-1,,,,0.08,,,,0,9,1,0.72,
20-Fiber(+O2),2,30.713,10,30,-1,-1,17.5,0.7,0.023,-1,13,35,-1,,,,0.08,,,,0,9,1,0.72,
20-Fiber(+O2),5,38.084,10,30,-1,-1,17.5,0.7,0.023,-1,13,35,-1,,,,0.08,,,,0,9,1,0.72,
20-Fiber(+O2),7,36.036,10,30,-1,-1,17.5,0.7,0.023,-1,13,35,-1,,,,0.08,,,,0,9,1,0.72,
20-Fiber(+O2),10,23.342,10,30,-1,-1,17.5,0.7,0.023,-1,13,35,-1,,,,0.08,,,,0,9,1,0.72,
20-Fiber(+O2),12,14.742,10,30,-1,-1,17.5,0.7,0.023,-1,13,35,-1,,,,0.08,,,,0,9,1,0.72,
20-Fiber(+O2),15,10.238,10,30,-1,-1,17.5,0.7,0.023,-1,13,35,-1,,,,0.08,,,,0,9,1,0.72,
20-Fiber(+O2),17,8.19,10,30,-1,-1,17.5,0.7,0.023,-1,13,35,-1,,,,0.08,,,,0,9,1,0.72,
20-Fiber(+O2),20,6.143,10,30,-1,-1,17.5,0.7,0.023,-1,13,35,-1,,,,0.08,,,,0,9,1,0.72,
20-Fiber(+O2),24,4.095,10,30,-1,-1,17.5,0.7,0.023,-1,13,35,-1,,,,0.08,,,,0,9,1,0.72,
20-Fiber(+O2),28,2.867,10,30,-1,-1,17.5,0.7,0.023,-1,13,35,-1,,,,0.08,,,,0,9,1,0.72,
"20-Fiber(+3T3,O2)",2,36.855,10.17,30,10,-1,17.5,0.7,0.023,-1,13,35,-1,,,,0.08,,,,0,9,1,0.72,
"20-Fiber(+3T3,O2)",5,35.217,10.17,30,10,-1,17.5,0.7,0.023,-1,13,35,-1,,,,0.08,,,,0,9,1,0.72,
"20-Fiber(+3T3,O2)",7,72.482,10.17,30,10,-1,17.5,0.7,0.023,-1,13,35,-1,,,,0.08,,,,0,9,1,0.72,
"20-Fiber(+3T3,O2)",10,69.615,10.17,30,10,-1,17.5,0.7,0.023,-1,13,35,-1,,,,0.08,,,,0,9,1,0.72,
"20-Fiber(+3T3,O2)",12,132.269,10.17,30,10,-1,17.5,0.7,0.023,-1,13,35,-1,,,,0.08,,,,0,9,1,0.72,
"20-Fiber(+3T3,O2)",15,113.432,10.17,30,10,-1,17.5,0.7,0.023,-1,13,35,-1,,,,0.08,,,,0,9,1,0.72,
"20-Fiber(+3T3,O2)",17,135.135,10.17,30,10,-1,17.5,0.7,0.023,-1,13,35,-1,,,,0.08,,,,0,9,1,0.72,
"20-Fiber(+3T3,O2)",20,95.823,10.17,30,10,-1,17.5,0.7,0.023,-1,13,35,-1,,,,0.08,,,,0,9,1,0.72,
"20-Fiber(+3T3,O2)",24,100.737,10.17,30,10,-1,17.5,0.7,0.023,-1,13,35,-1,,,,0.08,,,,0,9,1,0.72,
"20-Fiber(+3T3,O2)",28,99.918,10.17,30,10,-1,17.5,0.7,0.023,-1,13,35,-1,,,,0.08,,,,0,9,1,0.72,
21-H+E,3,422.951,10,0.75,-1,-1,18,-1,-1,-1,-1,-1,-1,,,,,,,,0,6.14,2,7.5,37
21-H+E,4,302.951,10,0.75,-1,-1,18,-1,-1,-1,-1,-1,-1,,,,,,,,0,6.14,2,7.5,37
21-H+E,6,228.197,10,0.75,-1,-1,18,-1,-1,-1,-1,-1,-1,,,,,,,,0,6.14,2,7.5,37
21-H+E,8,161.311,10,0.75,-1,-1,18,-1,-1,-1,-1,-1,-1,,,,,,,,0,6.14,2,7.5,37
21-H+E,14,120,10,0.75,-1,-1,18,-1,-1,-1,-1,-1,-1,,,,,,,,0,6.14,2,7.5,37
21-H+E,20,66.885,10,0.75,-1,-1,18,-1,-1,-1,-1,-1,-1,,,,,,,,0,6.14,2,7.5,37
21-H+M+E,3,509.508,10.15,0.75,0.15,-1,18,-1,-1,-1,-1,-1,-1,,,,,,,,0,6.14,2,7.5,37
21-H+M+E,4,464.262,10.15,0.75,0.15,-1,18,-1,-1,-1,-1,-1,-1,,,,,,,,0,6.14,2,7.5,37
21-H+M+E,6,381.639,10.15,0.75,0.15,-1,18,-1,-1,-1,-1,-1,-1,,,,,,,,0,6.14,2,7.5,37
21-H+M+E,8,330.492,10.15,0.75,0.15,-1,18,-1,-1,-1,-1,-1,-1,,,,,,,,0,6.14,2,7.5,37
21-H+M+E,14,192.787,10.15,0.75,0.15,-1,18,-1,-1,-1,-1,-1,-1,,,,,,,,0,6.14,2,7.5,37
21-H+M+E,20,118.033,10.15,0.75,0.15,-1,18,-1,-1,-1,-1,-1,-1,,,,,,,,0,6.14,2,7.5,37
22-3D,2,24.277,10,0.5,-1,-1,5,0.165,-1,-1,-1,-1,-1,,,,,,,,0,14,7.4,37,
22-3D,3,29.364,10,0.5,-1,-1,5,0.165,-1,-1,-1,-1,-1,,,,,,,,0,14,7.4,37,
22-3D,5,35.838,10,0.5,-1,-1,5,0.165,-1,-1,-1,-1,-1,,,,,,,,0,14,7.4,37,
22-3D,7,51.098,10,0.5,-1,-1,5,0.165,-1,-1,-1,-1,-1,,,,,,,,0,14,7.4,37,
22-3D,9,43.006,10,0.5,-1,-1,5,0.165,-1,-1,-1,-1,-1,,,,,,,,0,14,7.4,37,
22-3D,11,40.462,10,0.5,-1,-1,5,0.165,-1,-1,-1,-1,-1,,,,,,,,0,14,7.4,37,
22-3D,13,33.526,10,0.5,-1,-1,5,0.165,-1,-1,-1,-1,-1,,,,,,,,0,14,7.4,37,
22-3D,15,18.497,10,0.5,-1,-1,5,0.165,-1,-1,-1,-1,-1,,,,,,,,0,14,7.4,37,
23-T-SDS,1,11.127,10,1,-1,-1,18,-1,-1,-1,-1,-1,-1,,,,,,,,20000,6,2,27.5,1.3
23-T-SDS,2,51.972,10,1,-1,-1,18,-1,-1,-1,-1,-1,-1,,,,,,,,20000,6,2,27.5,1.3
23-T-SDS,3,41.408,10,1,-1,-1,18,-1,-1,-1,-1,-1,-1,,,,,,,,20000,6,2,27.5,1.3
23-T-SDS,4,46.761,10,1,-1,-1,18,-1,-1,-1,-1,-1,-1,,,,,,,,20000,6,2,27.5,1.3
23-T-SDS,5,49.296,10,1,-1,-1,18,-1,-1,-1,-1,-1,-1,,,,,,,,20000,6,2,27.5,1.3
23-T-SDS,6,47.606,10,1,-1,-1,18,-1,-1,-1,-1,-1,-1,,,,,,,,20000,6,2,27.5,1.3
23-T-SDS,7,41.549,10,1,-1,-1,18,-1,-1,-1,-1,-1,-1,,,,,,,,20000,6,2,27.5,1.3
23-S-SDS,1,10.986,10,1,-1,-1,18,-1,-1,-1,-1,-1,-1,,,,,,,,20000,6,2,27.5,4.3
23-S-SDS,2,32.535,10,1,-1,-1,18,-1,-1,-1,-1,-1,-1,,,,,,,,20000,6,2,27.5,4.3
23-S-SDS,3,35.07,10,1,-1,-1,18,-1,-1,-1,-1,-1,-1,,,,,,,,20000,6,2,27.5,4.3
23-S-SDS,4,44.085,10,1,-1,-1,18,-1,-1,-1,-1,-1,-1,,,,,,,,20000,6,2,27.5,4.3
23-S-SDS,5,39.577,10,1,-1,-1,18,-1,-1,-1,-1,-1,-1,,,,,,,,20000,6,2,27.5,4.3
23-S-SDS,6,37.606,10,1,-1,-1,18,-1,-1,-1,-1,-1,-1,,,,,,,,20000,6,2,27.5,4.3
23-S-SDS,7,33.239,10,1,-1,-1,18,-1,-1,-1,-1,-1,-1,,,,,,,,20000,6,2,27.5,4.3
23-SDS,1,8.028,10,1,-1,-1,18,-1,-1,-1,-1,-1,-1,,,,,,,,20000,6,2,27.5,3
23-SDS,2,23.38,10,1,-1,-1,18,-1,-1,-1,-1,-1,-1,,,,,,,,20000,6,2,27.5,3
23-SDS,3,21.127,10,1,-1,-1,18,-1,-1,-1,-1,-1,-1,,,,,,,,20000,6,2,27.5,3
23-SDS,4,23.803,10,1,-1,-1,18,-1,-1,-1,-1,-1,-1,,,,,,,,20000,6,2,27.5,3
23-SDS,5,24.366,10,1,-1,-1,18,-1,-1,-1,-1,-1,-1,,,,,,,,20000,6,2,27.5,3
23-SDS,6,26.338,10,1,-1,-1,18,-1,-1,-1,-1,-1,-1,,,,,,,,20000,6,2,27.5,3
23-SDS,7,21.408,10,1,-1,-1,18,-1,-1,-1,-1,-1,-1,,,,,,,,20000,6,2,27.5,3
24-PuraMatrix,10,127.208,10,0.25,-1,-1,36,,-1,-1,34,,-1,,52.5,,,,,,0,,,,
24-PuraMatrix,30,101.258,10,0.25,-1,-1,36,,-1,-1,34,,-1,,52.5,,,,,,0,,,,
24-PuraMatrix,60,108.382,10,0.25,-1,-1,36,,-1,-1,34,,-1,,52.5,,,,,,0,,,,
24-PuraMatrix,90,113.47,10,0.25,-1,-1,36,,-1,-1,34,,-1,,52.5,,,,,,0,,,,
25-iMPH,6,63.114,1,0.8,-1,-1,21,,-1,-1,-1,-1,-1,,,,,,,,0,,,,
25-iMPH,8,72.415,1,0.8,-1,-1,,,-1,-1,-1,-1,-1,,,,,,,,0,,,,
25-iMPH,10,72.415,1,0.8,-1,-1,,,-1,-1,-1,-1,-1,,,,,,,,0,,,,
25-iMPH,12,48.498,1,0.8,-1,-1,,,-1,-1,-1,-1,-1,,,,,,,,0,,,,
25-iMPH,14,49.827,1,0.8,-1,-1,,,-1,-1,-1,-1,-1,,,,,,,,0,,,,
25-iMPH,16,35.875,1,0.8,-1,-1,,,-1,-1,-1,-1,-1,,,,,,,,0,,,,
25-iMPH,18,26.574,1,0.8,-1,-1,,,-1,-1,-1,-1,-1,,,,,,,,0,,,,
25-iMPH,20,27.903,1,0.8,-1,-1,,,-1,-1,-1,-1,-1,,,,,,,,0,,,,
25-iMPH,22,19.931,1,0.8,-1,-1,,,-1,-1,-1,-1,-1,,,,,,,,0,,,,
25-iMPH,24,26.574,1,0.8,-1,-1,,,-1,-1,-1,-1,-1,,,,,,,,0,,,,
25-iMPH,26,29.232,1,0.8,-1,-1,,,-1,-1,-1,-1,-1,,,,,,,,0,,,,
25-iMPH,28,31.889,1,0.8,-1,-1,,,-1,-1,-1,-1,-1,,,,,,,,0,,,,
25-iMPCC,6,144.83,1.21,0.8,0.4,-1,,,-1,-1,-1,-1,-1,,,,,,,,0,,,,
25-iMPCC,8,150.81,1.21,0.8,0.4,-1,,,-1,-1,-1,-1,-1,,,,,,,,0,,,,
25-iMPCC,10,164.761,1.21,0.8,0.4,-1,,,-1,-1,-1,-1,-1,,,,,,,,0,,,,
25-iMPCC,12,158.118,1.21,0.8,0.4,-1,,,-1,-1,-1,-1,-1,,,,,,,,0,,,,
25-iMPCC,14,156.125,1.21,0.8,0.4,-1,,,-1,-1,-1,-1,-1,,,,,,,,0,,,,
25-iMPCC,16,156.125,1.21,0.8,0.4,-1,,,-1,-1,-1,-1,-1,,,,,,,,0,,,,
25-iMPCC,18,178.713,1.21,0.8,0.4,-1,,,-1,-1,-1,-1,-1,,,,,,,,0,,,,
25-iMPCC,20,144.83,1.21,0.8,0.4,-1,,,-1,-1,-1,-1,-1,,,,,,,,0,,,,
25-iMPCC,22,144.166,1.21,0.8,0.4,-1,,,-1,-1,-1,-1,-1,,,,,,,,0,,,,
25-iMPCC,24,167.419,1.21,0.8,0.4,-1,,,-1,-1,-1,-1,-1,,,,,,,,0,,,,
25-iMPCC,26,158.782,1.21,0.8,0.4,-1,,,-1,-1,-1,-1,-1,,,,,,,,0,,,,
25-iMPCC,28,164.761,1.21,0.8,0.4,-1,,,-1,-1,-1,-1,-1,,,,,,,,0,,,,
1-PLGA,1,,8,10,-1,-1,12,8,-1,-1,-1,-1,-1,,27.5,3,6,95.9,,,0,1,0.5,20,13.4
1-PLGA,3,,8,10,-1,-1,12,8,-1,-1,-1,-1,-1,,27.5,3,6,95.9,,,0,1,0.5,20,13.4
1-PLGA,4,,8,10,-1,-1,12,8,-1,-1,-1,-1,-1,,27.5,3,6,95.9,,,0,1,0.5,20,13.4
1-PLGA,5,,8,10,-1,-1,12,8,-1,-1,-1,-1,-1,,27.5,3,6,95.9,,,0,1,0.5,20,13.4
1-PLGA,6,,8,10,-1,-1,12,8,-1,-1,-1,-1,-1,,27.5,3,6,95.9,,,0,1,0.5,20,13.4
1-PLGA,8,,8,10,-1,-1,12,8,-1,-1,-1,-1,-1,,27.5,3,6,95.9,,,0,1,0.5,20,13.4
1-PLGA,9,,8,10,-1,-1,12,8,-1,-1,-1,-1,-1,,27.5,3,6,95.9,,,0,1,0.5,20,13.4
1-PLGA,10,,8,10,-1,-1,12,8,-1,-1,-1,-1,-1,,27.5,3,6,95.9,,,0,1,0.5,20,13.4
1-PLGA,12,,8,10,-1,-1,12,8,-1,-1,-1,-1,-1,,27.5,3,6,95.9,,,0,1,0.5,20,13.4
1-PLGA,13,,8,10,-1,-1,12,8,-1,-1,-1,-1,-1,,27.5,3,6,95.9,,,0,1,0.5,20,13.4
1-PLGA-Chigh,1,,8,10,-1,-1,12,8,-1,-1,1,0.008,-1,,26.7,3,6,95.9,,,0,1,0.5,20,13.4
1-PLGA-Chigh,3,,8,10,-1,-1,12,8,-1,-1,1,0.008,-1,,26.7,3,6,95.9,,,0,1,0.5,20,13.4
1-PLGA-Chigh,4,,8,10,-1,-1,12,8,-1,-1,1,0.008,-1,,26.7,3,6,95.9,,,0,1,0.5,20,13.4
1-PLGA-Chigh,5,,8,10,-1,-1,12,8,-1,-1,1,0.008,-1,,26.7,3,6,95.9,,,0,1,0.5,20,13.4
1-PLGA-Chigh,6,,8,10,-1,-1,12,8,-1,-1,1,0.008,-1,,26.7,3,6,95.9,,,0,1,0.5,20,13.4
1-PLGA-Chigh,8,,8,10,-1,-1,12,8,-1,-1,1,0.008,-1,,26.7,3,6,95.9,,,0,1,0.5,20,13.4
1-PLGA-Chigh,9,,8,10,-1,-1,12,8,-1,-1,1,0.008,-1,,26.7,3,6,95.9,,,0,1,0.5,20,13.4
1-PLGA-Chigh,10,,8,10,-1,-1,12,8,-1,-1,1,0.008,-1,,26.7,3,6,95.9,,,0,1,0.5,20,13.4
1-PLGA-Chigh,12,,8,10,-1,-1,12,8,-1,-1,1,0.008,-1,,26.7,3,6,95.9,,,0,1,0.5,20,13.4
1-PLGA-Chigh,13,,8,10,-1,-1,12,8,-1,-1,1,0.008,-1,,26.7,3,6,95.9,,,0,1,0.5,20,13.4
1-PLGA-Clow,1,,8,10,-1,-1,12,8,-1,-1,1,0.004,-1,,29.1,3,6,94,,,0,1,0.5,20,13.4
1-PLGA-Clow,3,,8,10,-1,-1,12,8,-1,-1,1,0.004,-1,,29.1,3,6,94,,,0,1,0.5,20,13.4
1-PLGA-Clow,4,,8,10,-1,-1,12,8,-1,-1,1,0.004,-1,,29.1,3,6,94,,,0,1,0.5,20,13.4
1-PLGA-Clow,5,,8,10,-1,-1,12,8,-1,-1,1,0.004,-1,,29.1,3,6,94,,,0,1,0.5,20,13.4
1-PLGA-Clow,6,,8,10,-1,-1,12,8,-1,-1,1,0.004,-1,,29.1,3,6,94,,,0,1,0.5,20,13.4
1-PLGA-Clow,8,,8,10,-1,-1,12,8,-1,-1,1,0.004,-1,,29.1,3,6,94,,,0,1,0.5,20,13.4
1-PLGA-Clow,9,,8,10,-1,-1,12,8,-1,-1,1,0.004,-1,,29.1,3,6,94,,,0,1,0.5,20,13.4
1-PLGA-Clow,10,,8,10,-1,-1,12,8,-1,-1,1,0.004,-1,,29.1,3,6,94,,,0,1,0.5,20,13.4
1-PLGA-Clow,12,,8,10,-1,-1,12,8,-1,-1,1,0.004,-1,,29.1,3,6,94,,,0,1,0.5,20,13.4
1-PLGA-Clow,13,,8,10,-1,-1,12,8,-1,-1,1,0.004,-1,,29.1,3,6,94,,,0,1,0.5,20,13.4
1-PLGA-Fhigh,1,,8,10,-1,-1,12,8,-1,-1,2,0.004,-1,,30,3,6,95.6,,,0,1,0.5,20,13.4
1-PLGA-Fhigh,3,,8,10,-1,-1,12,8,-1,-1,2,0.004,-1,,30,3,6,95.6,,,0,1,0.5,20,13.4
1-PLGA-Fhigh,4,,8,10,-1,-1,12,8,-1,-1,2,0.004,-1,,30,3,6,95.6,,,0,1,0.5,20,13.4
1-PLGA-Fhigh,5,,8,10,-1,-1,12,8,-1,-1,2,0.004,-1,,30,3,6,95.6,,,0,1,0.5,20,13.4
1-PLGA-Fhigh,6,,8,10,-1,-1,12,8,-1,-1,2,0.004,-1,,30,3,6,95.6,,,0,1,0.5,20,13.4
1-PLGA-Fhigh,8,,8,10,-1,-1,12,8,-1,-1,2,0.004,-1,,30,3,6,95.6,,,0,1,0.5,20,13.4
1-PLGA-Fhigh,9,,8,10,-1,-1,12,8,-1,-1,2,0.004,-1,,30,3,6,95.6,,,0,1,0.5,20,13.4
1-PLGA-Fhigh,10,,8,10,-1,-1,12,8,-1,-1,2,0.004,-1,,30,3,6,95.6,,,0,1,0.5,20,13.4
1-PLGA-Fhigh,12,,8,10,-1,-1,12,8,-1,-1,2,0.004,-1,,30,3,6,95.6,,,0,1,0.5,20,13.4
1-PLGA-Fhigh,13,,8,10,-1,-1,12,8,-1,-1,2,0.004,-1,,30,3,6,95.6,,,0,1,0.5,20,13.4
1-PLGA-Flow,1,,8,10,-1,-1,12,8,-1,-1,2,0.002,-1,,28.4,3,6,96,,,0,1,0.5,20,13.4
1-PLGA-Flow,3,,8,10,-1,-1,12,8,-1,-1,2,0.002,-1,,28.4,3,6,96,,,0,1,0.5,20,13.4
1-PLGA-Flow,4,,8,10,-1,-1,12,8,-1,-1,2,0.002,-1,,28.4,3,6,96,,,0,1,0.5,20,13.4
1-PLGA-Flow,5,,8,10,-1,-1,12,8,-1,-1,2,0.002,-1,,28.4,3,6,96,,,0,1,0.5,20,13.4
1-PLGA-Flow,6,,8,10,-1,-1,12,8,-1,-1,2,0.002,-1,,28.4,3,6,96,,,0,1,0.5,20,13.4
1-PLGA-Flow,8,,8,10,-1,-1,12,8,-1,-1,2,0.002,-1,,28.4,3,6,96,,,0,1,0.5,20,13.4
1-PLGA-Flow,9,,8,10,-1,-1,12,8,-1,-1,2,0.002,-1,,28.4,3,6,96,,,0,1,0.5,20,13.4
1-PLGA-Flow,10,,8,10,-1,-1,12,8,-1,-1,2,0.002,-1,,28.4,3,6,96,,,0,1,0.5,20,13.4
1-PLGA-Flow,12,,8,10,-1,-1,12,8,-1,-1,2,0.002,-1,,28.4,3,6,96,,,0,1,0.5,20,13.4
1-PLGA-Flow,13,,8,10,-1,-1,12,8,-1,-1,2,0.002,-1,,28.4,3,6,96,,,0,1,0.5,20,13.4
3-PLLA Scaffold,2,,1,50,-1,-1,1,,-1,-1,4.1,64.8,0.05,,,0.5,8,,,,0,3.2,,0.05,80
3-PLLA Scaffold,4,,1,50,-1,-1,1,,-1,-1,4.1,64.8,0.05,,,0.5,8,,,,0,3.2,,0.05,80
3-PLLA Scaffold,5,,1,50,-1,-1,1,,-1,-1,4.1,64.8,0.05,,,0.5,8,,,,0,3.2,,0.05,80
3-PLLA Scaffold,6,,1,50,-1,-1,1,,-1,-1,4.1,64.8,0.05,,,0.5,8,,,,0,3.2,,0.05,80
3-PLLA Scaffold,8,,1,50,-1,-1,1,,-1,-1,4.1,64.8,0.05,,,0.5,8,,,,0,3.2,,0.05,80
3-PLLA Scaffold,9,,1,50,-1,-1,1,,-1,-1,4.1,64.8,0.05,,,0.5,8,,,,0,3.2,,0.05,80
3-PLLA Scaffold,10,,1,50,-1,-1,1,,-1,-1,4.1,64.8,0.05,,,0.5,8,,,,0,3.2,,0.05,80
3-PLLA Scaffold,11,,1,50,-1,-1,1,,-1,-1,4.1,64.8,0.05,,,0.5,8,,,,0,3.2,,0.05,80
3-PLLA Scaffold,12,,1,50,-1,-1,1,,-1,-1,4.1,64.8,0.05,,,0.5,8,,,,0,3.2,,0.05,80
3-PLLA Scaffold,13,,1,50,-1,-1,1,,-1,-1,4.1,64.8,0.05,,,0.5,8,,,,0,3.2,,0.05,80
3-dECM Scaffold,2,,1,50,-1,-1,2,-1,-1,-1,-1,-1,-1,,,0.5,8,,,,0,6,1,235,1.2
3-dECM Scaffold,4,,1,50,-1,-1,2,-1,-1,-1,-1,-1,-1,,,0.5,8,,,,0,6,1,235,1.2
3-dECM Scaffold,5,,1,50,-1,-1,2,-1,-1,-1,-1,-1,-1,,,0.5,8,,,,0,6,1,235,1.2
3-dECM Scaffold,6,,1,50,-1,-1,2,-1,-1,-1,-1,-1,-1,,,0.5,8,,,,0,6,1,235,1.2
3-dECM Scaffold,8,,1,50,-1,-1,2,-1,-1,-1,-1,-1,-1,,,0.5,8,,,,0,6,1,235,1.2
3-dECM Scaffold,9,,1,50,-1,-1,2,-1,-1,-1,-1,-1,-1,,,0.5,8,,,,0,6,1,235,1.2
3-dECM Scaffold,10,,1,50,-1,-1,2,-1,-1,-1,-1,-1,-1,,,0.5,8,,,,0,6,1,235,1.2
3-dECM Scaffold,11,,1,50,-1,-1,2,-1,-1,-1,-1,-1,-1,,,0.5,8,,,,0,6,1,235,1.2
3-dECM Scaffold,12,,1,50,-1,-1,2,-1,-1,-1,-1,-1,-1,,,0.5,8,,,,0,6,1,235,1.2
3-dECM Scaffold,13,,1,50,-1,-1,2,-1,-1,-1,-1,-1,-1,,,0.5,8,,,,0,6,1,235,1.2
4-static,1,,2,2.4,-1,-1,12,3,-1,-1,1,0.83,-1,,250,3,10,85,,,0,2,0.83,20,2
4-static,2,,2,2.4,-1,-1,12,3,-1,-1,1,0.83,-1,,250,3,10,85,,,0,2,0.83,20,2
4-static,3,,2,2.4,-1,-1,12,3,-1,-1,1,0.83,-1,,250,3,10,85,,,0,2,0.83,20,2
4-static,5,,2,2.4,-1,-1,12,3,-1,-1,1,0.83,-1,,250,3,10,85,,,0,2,0.83,20,2
4-static,6,,2,2.4,-1,-1,12,3,-1,-1,1,0.83,-1,,250,3,10,85,,,0,2,0.83,20,2
4-static,7,,2,2.4,-1,-1,12,3,-1,-1,1,0.83,-1,,250,3,10,85,,,0,2,0.83,20,2
4-static,9,,2,2.4,-1,-1,12,3,-1,-1,1,0.83,-1,,250,3,10,85,,,0,2,0.83,20,2
4-static,10,,2,2.4,-1,-1,12,3,-1,-1,1,0.83,-1,,250,3,10,85,,,0,2,0.83,20,2
4-static,11,,2,2.4,-1,-1,12,3,-1,-1,1,0.83,-1,,250,3,10,85,,,0,2,0.83,20,2
4-static,13,,2,2.4,-1,-1,12,3,-1,-1,1,0.83,-1,,250,3,10,85,,,0,2,0.83,20,2
4-static,14,,2,2.4,-1,-1,12,3,-1,-1,1,0.83,-1,,250,3,10,85,,,0,2,0.83,20,2
4-static,15,,2,2.4,-1,-1,12,3,-1,-1,1,0.83,-1,,250,3,10,85,,,0,2,0.83,20,2
4-static,17,,2,2.4,-1,-1,12,3,-1,-1,1,0.83,-1,,250,3,10,85,,,0,2,0.83,20,2
4-static,18,,2,2.4,-1,-1,12,3,-1,-1,1,0.83,-1,,250,3,10,85,,,0,2,0.83,20,2
4-static,19,,2,2.4,-1,-1,12,3,-1,-1,1,0.83,-1,,250,3,10,85,,,0,2,0.83,20,2
4-static,20,,2,2.4,-1,-1,12,3,-1,-1,1,0.83,-1,,250,3,10,85,,,0,2,0.83,20,2
4-static,21,,2,2.4,-1,-1,12,3,-1,-1,1,0.83,-1,,250,3,10,85,,,0,2,0.83,20,2
4-dynamic,1,,2,2.4,-1,-1,12,3,-1,-1,1,0.83,-1,,250,3,10,85,,,200,2,0.83,20,2
4-dynamic,2,,2,2.4,-1,-1,12,3,-1,-1,1,0.83,-1,,250,3,10,85,,,200,2,0.83,20,2
4-dynamic,3,,2,2.4,-1,-1,12,3,-1,-1,1,0.83,-1,,250,3,10,85,,,200,2,0.83,20,2
4-dynamic,5,,2,2.4,-1,-1,12,3,-1,-1,1,0.83,-1,,250,3,10,85,,,200,2,0.83,20,2
4-dynamic,6,,2,2.4,-1,-1,12,3,-1,-1,1,0.83,-1,,250,3,10,85,,,200,2,0.83,20,2
4-dynamic,7,,2,2.4,-1,-1,12,3,-1,-1,1,0.83,-1,,250,3,10,85,,,200,2,0.83,20,2
4-dynamic,9,,2,2.4,-1,-1,12,3,-1,-1,1,0.83,-1,,250,3,10,85,,,200,2,0.83,20,2
4-dynamic,10,,2,2.4,-1,-1,12,3,-1,-1,1,0.83,-1,,250,3,10,85,,,200,2,0.83,20,2
4-dynamic,11,,2,2.4,-1,-1,12,3,-1,-1,1,0.83,-1,,250,3,10,85,,,200,2,0.83,20,2
4-dynamic,13,,2,2.4,-1,-1,12,3,-1,-1,1,0.83,-1,,250,3,10,85,,,200,2,0.83,20,2
4-dynamic,14,,2,2.4,-1,-1,12,3,-1,-1,1,0.83,-1,,250,3,10,85,,,200,2,0.83,20,2
4-dynamic,15,,2,2.4,-1,-1,12,3,-1,-1,1,0.83,-1,,250,3,10,85,,,200,2,0.83,20,2
4-dynamic,17,,2,2.4,-1,-1,12,3,-1,-1,1,0.83,-1,,250,3,10,85,,,200,2,0.83,20,2
4-dynamic,18,,2,2.4,-1,-1,12,3,-1,-1,1,0.83,-1,,250,3,10,85,,,200,2,0.83,20,2
4-dynamic,19,,2,2.4,-1,-1,12,3,-1,-1,1,0.83,-1,,250,3,10,85,,,200,2,0.83,20,2
4-dynamic,20,,2,2.4,-1,-1,12,3,-1,-1,1,0.83,-1,,250,3,10,85,,,200,2,0.83,20,2
4-dynamic,21,,2,2.4,-1,-1,12,3,-1,-1,1,0.83,-1,,250,3,10,85,,,200,2,0.83,20,2
5-PET,1,,3,0.052,-1,-1,4,,-1,-1,-1,-1,-1,,,0.36,0.0115,81.8,314.56,849206,0,,,,
5-PET,2,,3,0.052,-1,-1,4,,-1,-1,-1,-1,-1,,,0.36,0.0115,81.8,314.56,849206,0,,,,
5-PET,4,,3,0.052,-1,-1,4,,-1,-1,-1,-1,-1,,,0.36,0.0115,81.8,314.56,849206,0,,,,
5-PET,5,,3,0.052,-1,-1,4,,-1,-1,-1,-1,-1,,,0.36,0.0115,81.8,314.56,849206,0,,,,
5-PET,7,,3,0.052,-1,-1,4,,-1,-1,-1,-1,-1,,,0.36,0.0115,81.8,314.56,849206,0,,,,
5-PET,8,,3,0.052,-1,-1,4,,-1,-1,-1,-1,-1,,,0.36,0.0115,81.8,314.56,849206,0,,,,
5-PET,10,,3,0.052,-1,-1,4,,-1,-1,-1,-1,-1,,,0.36,0.0115,81.8,314.56,849206,0,,,,
5-PET,11,,3,0.052,-1,-1,4,,-1,-1,-1,-1,-1,,,0.36,0.0115,81.8,314.56,849206,0,,,,
5-PET,13,,3,0.052,-1,-1,4,,-1,-1,-1,-1,-1,,,0.36,0.0115,81.8,314.56,849206,0,,,,
5-PET,14,,3,0.052,-1,-1,4,,-1,-1,-1,-1,-1,,,0.36,0.0115,81.8,314.56,849206,0,,,,
5-PET-AAc,1,,3,0.052,-1,-1,4,,-1,-1,9,,-1,,,0.36,0.0115,84.1,500.97,583333,0,,,,
5-PET-AAc,2,,3,0.052,-1,-1,4,,-1,-1,9,,-1,,,0.36,0.0115,84.1,500.97,583333,0,,,,
5-PET-AAc,4,,3,0.052,-1,-1,4,,-1,-1,9,,-1,,,0.36,0.0115,84.1,500.97,583333,0,,,,
5-PET-AAc,5,,3,0.052,-1,-1,4,,-1,-1,9,,-1,,,0.36,0.0115,84.1,500.97,583333,0,,,,
5-PET-AAc,7,,3,0.052,-1,-1,4,,-1,-1,9,,-1,,,0.36,0.0115,84.1,500.97,583333,0,,,,
5-PET-AAc,8,,3,0.052,-1,-1,4,,-1,-1,9,,-1,,,0.36,0.0115,84.1,500.97,583333,0,,,,
5-PET-AAc,10,,3,0.052,-1,-1,4,,-1,-1,9,,-1,,,0.36,0.0115,84.1,500.97,583333,0,,,,
5-PET-AAc,11,,3,0.052,-1,-1,4,,-1,-1,9,,-1,,,0.36,0.0115,84.1,500.97,583333,0,,,,
5-PET-AAc,13,,3,0.052,-1,-1,4,,-1,-1,9,,-1,,,0.36,0.0115,84.1,500.97,583333,0,,,,
5-PET-AAc,14,,3,0.052,-1,-1,4,,-1,-1,9,,-1,,,0.36,0.0115,84.1,500.97,583333,0,,,,
5-PET-Gal,1,,3,0.052,-1,-1,4,,-1,-1,9.11,,,,,0.36,0.0115,82.3,499.51,1634920,0,,,,
5-PET-Gal,2,,3,0.052,-1,-1,4,,-1,-1,9.11,,,,,0.36,0.0115,82.3,499.51,1634920,0,,,,
5-PET-Gal,4,,3,0.052,-1,-1,4,,-1,-1,9.11,,,,,0.36,0.0115,82.3,499.51,1634920,0,,,,
5-PET-Gal,5,,3,0.052,-1,-1,4,,-1,-1,9.11,,,,,0.36,0.0115,82.3,499.51,1634920,0,,,,
5-PET-Gal,7,,3,0.052,-1,-1,4,,-1,-1,9.11,,,,,0.36,0.0115,82.3,499.51,1634920,0,,,,
5-PET-Gal,8,,3,0.052,-1,-1,4,,-1,-1,9.11,,,,,0.36,0.0115,82.3,499.51,1634920,0,,,,
5-PET-Gal,10,,3,0.052,-1,-1,4,,-1,-1,9.11,,,,,0.36,0.0115,82.3,499.51,1634920,0,,,,
5-PET-Gal,11,,3,0.052,-1,-1,4,,-1,-1,9.11,,,,,0.36,0.0115,82.3,499.51,1634920,0,,,,
5-PET-Gal,13,,3,0.052,-1,-1,4,,-1,-1,9.11,,,,,0.36,0.0115,82.3,499.51,1634920,0,,,,
5-PET-Gal,14,,3,0.052,-1,-1,4,,-1,-1,9.11,,,,,0.36,0.0115,82.3,499.51,1634920,0,,,,
5-PET-Gel,1,,3,0.052,-1,-1,4,,-1,-1,9.5,,1.459,,,0.36,0.0115,81.6,483.49,1662698,0,,,,
5-PET-Gel,2,,3,0.052,-1,-1,4,,-1,-1,9.5,,1.459,,,0.36,0.0115,81.6,483.49,1662698,0,,,,
5-PET-Gel,4,,3,0.052,-1,-1,4,,-1,-1,9.5,,1.459,,,0.36,0.0115,81.6,483.49,1662698,0,,,,
5-PET-Gel,5,,3,0.052,-1,-1,4,,-1,-1,9.5,,1.459,,,0.36,0.0115,81.6,483.49,1662698,0,,,,
5-PET-Gel,7,,3,0.052,-1,-1,4,,-1,-1,9.5,,1.459,,,0.36,0.0115,81.6,483.49,1662698,0,,,,
5-PET-Gel,8,,3,0.052,-1,-1,4,,-1,-1,9.5,,1.459,,,0.36,0.0115,81.6,483.49,1662698,0,,,,
5-PET-Gel,10,,3,0.052,-1,-1,4,,-1,-1,9.5,,1.459,,,0.36,0.0115,81.6,483.49,1662698,0,,,,
5-PET-Gel,11,,3,0.052,-1,-1,4,,-1,-1,9.5,,1.459,,,0.36,0.0115,81.6,483.49,1662698,0,,,,
5-PET-Gel,13,,3,0.052,-1,-1,4,,-1,-1,9.5,,1.459,,,0.36,0.0115,81.6,483.49,1662698,0,,,,
5-PET-Gel,14,,3,0.052,-1,-1,4,,-1,-1,9.5,,1.459,,,0.36,0.0115,81.6,483.49,1662698,0,,,,
6-MePS,2,,8,0.7,-1,-1,14,,-1,-1,1,0.008,-1,,0.142,1.3,6.9,16,,310,164,8,1,1,750
6-MePS,4,,8,0.7,-1,-1,14,,-1,-1,1,0.008,-1,,0.142,1.3,6.9,16,,310,164,8,1,1,750
6-MePS,6,,8,0.7,-1,-1,14,,-1,-1,1,0.008,-1,,0.142,1.3,6.9,16,,310,164,8,1,1,750
6-MePS,8,,8,0.7,-1,-1,14,,-1,-1,1,0.008,-1,,0.142,1.3,6.9,16,,310,164,8,1,1,750
6-MePS,10,,8,0.7,-1,-1,14,,-1,-1,1,0.008,-1,,0.142,1.3,6.9,16,,310,164,8,1,1,750
6-MePS,12,,8,0.7,-1,-1,14,,-1,-1,1,0.008,-1,,0.142,1.3,6.9,16,,310,164,8,1,1,750
6-MePS,14,,8,0.7,-1,-1,14,,-1,-1,1,0.008,-1,,0.142,1.3,6.9,16,,310,164,8,1,1,750
6-MePS,16,,8,0.7,-1,-1,14,,-1,-1,1,0.008,-1,,0.142,1.3,6.9,16,,310,164,8,1,1,750
6-MePS,18,,8,0.7,-1,-1,14,,-1,-1,1,0.008,-1,,0.142,1.3,6.9,16,,310,164,8,1,1,750
6-MePS,20,,8,0.7,-1,-1,14,,-1,-1,1,0.008,-1,,0.142,1.3,6.9,16,,310,164,8,1,1,750
7-CF00,1,,8.14,2.5,0.25,-1,12,8,-1,-1,-1,-1,-1,,,5,6,,,,0,1,0.5,18,25
7-CF00,2,,8.14,2.5,0.25,-1,12,8,-1,-1,-1,-1,-1,,,5,6,,,,0,1,0.5,18,25
7-CF00,3,,8.14,2.5,0.25,-1,12,8,-1,-1,-1,-1,-1,,,5,6,,,,0,1,0.5,18,25
7-CF00,4,,8.14,2.5,0.25,-1,12,8,-1,-1,-1,-1,-1,,,5,6,,,,0,1,0.5,18,25
7-CF00,5,,8.14,2.5,0.25,-1,12,8,-1,-1,-1,-1,-1,,,5,6,,,,0,1,0.5,18,25
7-CF00,6,,8.14,2.5,0.25,-1,12,8,-1,-1,-1,-1,-1,,,5,6,,,,0,1,0.5,18,25
7-CF10,1,,8.14,2.5,0.25,-1,12,8,-1,-1,1,0.008,-1,,,5,6,,,,0,1,0.5,18,25
7-CF10,2,,8.14,2.5,0.25,-1,12,8,-1,-1,1,0.008,-1,,,5,6,,,,0,1,0.5,18,25
7-CF10,3,,8.14,2.5,0.25,-1,12,8,-1,-1,1,0.008,-1,,,5,6,,,,0,1,0.5,18,25
7-CF10,4,,8.14,2.5,0.25,-1,12,8,-1,-1,1,0.008,-1,,,5,6,,,,0,1,0.5,18,25
7-CF10,5,,8.14,2.5,0.25,-1,12,8,-1,-1,1,0.008,-1,,,5,6,,,,0,1,0.5,18,25
7-CF10,6,,8.14,2.5,0.25,-1,12,8,-1,-1,1,0.008,-1,,,5,6,,,,0,1,0.5,18,25
7-CF01,1,,8.14,2.5,0.25,-1,12,8,-1,-1,2,0.004,-1,,,5,6,,,,0,1,0.5,18,25
7-CF01,2,,8.14,2.5,0.25,-1,12,8,-1,-1,2,0.004,-1,,,5,6,,,,0,1,0.5,18,25
7-CF01,3,,8.14,2.5,0.25,-1,12,8,-1,-1,2,0.004,-1,,,5,6,,,,0,1,0.5,18,25
7-CF01,4,,8.14,2.5,0.25,-1,12,8,-1,-1,2,0.004,-1,,,5,6,,,,0,1,0.5,18,25
7-CF01,5,,8.14,2.5,0.25,-1,12,8,-1,-1,2,0.004,-1,,,5,6,,,,0,1,0.5,18,25
7-CF01,6,,8.14,2.5,0.25,-1,12,8,-1,-1,2,0.004,-1,,,5,6,,,,0,1,0.5,18,25
7-CF31,1,,8.14,2.5,0.25,-1,12,8,-1,-1,1.2,0.006,0.002,,,5,6,,,,0,1,0.5,18,25
7-CF31,2,,8.14,2.5,0.25,-1,12,8,-1,-1,1.2,0.006,0.002,,,5,6,,,,0,1,0.5,18,25
7-CF31,3,,8.14,2.5,0.25,-1,12,8,-1,-1,1.2,0.006,0.002,,,5,6,,,,0,1,0.5,18,25
7-CF31,4,,8.14,2.5,0.25,-1,12,8,-1,-1,1.2,0.006,0.002,,,5,6,,,,0,1,0.5,18,25
7-CF31,5,,8.14,2.5,0.25,-1,12,8,-1,-1,1.2,0.006,0.002,,,5,6,,,,0,1,0.5,18,25
7-CF31,6,,8.14,2.5,0.25,-1,12,8,-1,-1,1.2,0.006,0.002,,,5,6,,,,0,1,0.5,18,25
8-PVA,1,,5,7.5,-1,-1,6,13,-1,-1,-1,-1,-1,,,2,6,78,,54,0,4,1,400,
8-PVA,3,,5,7.5,-1,-1,6,13,-1,-1,-1,-1,-1,,,2,6,78,,54,0,4,1,400,
8-PVA,5,,5,7.5,-1,-1,6,13,-1,-1,-1,-1,-1,,,2,6,78,,54,0,4,1,400,
8-PVA,6,,5,7.5,-1,-1,6,13,-1,-1,-1,-1,-1,,,2,6,78,,54,0,4,1,400,
8-PVA,8,,5,7.5,-1,-1,6,13,-1,-1,-1,-1,-1,,,2,6,78,,54,0,4,1,400,
8-PVA,9,,5,7.5,-1,-1,6,13,-1,-1,-1,-1,-1,,,2,6,78,,54,0,4,1,400,
8-PVA,10,,5,7.5,-1,-1,6,13,-1,-1,-1,-1,-1,,,2,6,78,,54,0,4,1,400,
8-PVA,12,,5,7.5,-1,-1,6,13,-1,-1,-1,-1,-1,,,2,6,78,,54,0,4,1,400,
8-PVA,13,,5,7.5,-1,-1,6,13,-1,-1,-1,-1,-1,,,2,6,78,,54,0,4,1,400,
8-PVA,15,,5,7.5,-1,-1,6,13,-1,-1,-1,-1,-1,,,2,6,78,,54,0,4,1,400,
8-PVA,16,,5,7.5,-1,-1,6,13,-1,-1,-1,-1,-1,,,2,6,78,,54,0,4,1,400,
8-PVA,17,,5,7.5,-1,-1,6,13,-1,-1,-1,-1,-1,,,2,6,78,,54,0,4,1,400,
8-PVA,19,,5,7.5,-1,-1,6,13,-1,-1,-1,-1,-1,,,2,6,78,,54,0,4,1,400,
8-PVA,20,,5,7.5,-1,-1,6,13,-1,-1,-1,-1,-1,,,2,6,78,,54,0,4,1,400,
9-hexagonal,1,,6,12.5,-1,-1,7,4,-1,-1,6,0.71,-1,,,,0.13,66.3,,51.3,0,3,,,
9-hexagonal,3,,6,12.5,-1,-1,7,4,-1,-1,6,0.71,-1,,,,0.13,66.3,,51.3,0,3,,,
9-hexagonal,4,,6,12.5,-1,-1,7,4,-1,-1,6,0.71,-1,,,,0.13,66.3,,51.3,0,3,,,
9-hexagonal,5,,6,12.5,-1,-1,7,4,-1,-1,6,0.71,-1,,,,0.13,66.3,,51.3,0,3,,,
9-hexagonal,7,,6,12.5,-1,-1,7,4,-1,-1,6,0.71,-1,,,,0.13,66.3,,51.3,0,3,,,
9-hexagonal,8,,6,12.5,-1,-1,7,4,-1,-1,6,0.71,-1,,,,0.13,66.3,,51.3,0,3,,,
9-hexagonal,10,,6,12.5,-1,-1,7,4,-1,-1,6,0.71,-1,,,,0.13,66.3,,51.3,0,3,,,
9-hexagonal,11,,6,12.5,-1,-1,7,4,-1,-1,6,0.71,-1,,,,0.13,66.3,,51.3,0,3,,,
9-hexagonal,12,,6,12.5,-1,-1,7,4,-1,-1,6,0.71,-1,,,,0.13,66.3,,51.3,0,3,,,
9-hexagonal,13,,6,12.5,-1,-1,7,4,-1,-1,6,0.71,-1,,,,0.13,66.3,,51.3,0,3,,,
9-hexagonal,14,,6,12.5,-1,-1,7,4,-1,-1,6,0.71,-1,,,,0.13,66.3,,51.3,0,3,,,
9-squared,1,,6,12.5,-1,-1,7,4,-1,-1,6,0.71,-1,,,,0.13,66.6,,77.2,0,3,,,
9-squared,3,,6,12.5,-1,-1,7,4,-1,-1,6,0.71,-1,,,,0.13,66.6,,77.2,0,3,,,
9-squared,4,,6,12.5,-1,-1,7,4,-1,-1,6,0.71,-1,,,,0.13,66.6,,77.2,0,3,,,
9-squared,5,,6,12.5,-1,-1,7,4,-1,-1,6,0.71,-1,,,,0.13,66.6,,77.2,0,3,,,
9-squared,7,,6,12.5,-1,-1,7,4,-1,-1,6,0.71,-1,,,,0.13,66.6,,77.2,0,3,,,
9-squared,8,,6,12.5,-1,-1,7,4,-1,-1,6,0.71,-1,,,,0.13,66.6,,77.2,0,3,,,
9-squared,10,,6,12.5,-1,-1,7,4,-1,-1,6,0.71,-1,,,,0.13,66.6,,77.2,0,3,,,
9-squared,11,,6,12.5,-1,-1,7,4,-1,-1,6,0.71,-1,,,,0.13,66.6,,77.2,0,3,,,
9-squared,12,,6,12.5,-1,-1,7,4,-1,-1,6,0.71,-1,,,,0.13,66.6,,77.2,0,3,,,
9-squared,13,,6,12.5,-1,-1,7,4,-1,-1,6,0.71,-1,,,,0.13,66.6,,77.2,0,3,,,
9-squared,14,,6,12.5,-1,-1,7,4,-1,-1,6,0.71,-1,,,,0.13,66.6,,77.2,0,3,,,
10-Hep,2,,1,0.2,-1,-1,10.11,7.5,7.5,-1,-1,-1,-1,,20.5,,15,,,,0,1,0.6,20,
10-Hep,4,,1,0.2,-1,-1,10.11,7.5,7.5,-1,-1,-1,-1,,20.5,,15,,,,0,1,0.6,20,
10-Hep,6,,1,0.2,-1,-1,10.11,7.5,7.5,-1,-1,-1,-1,,20.5,,15,,,,0,1,0.6,20,
10-Hep,8,,1,0.2,-1,-1,10.11,7.5,7.5,-1,-1,-1,-1,,20.5,,15,,,,0,1,0.6,20,
10-Hep,9,,1,0.2,-1,-1,10.11,7.5,7.5,-1,-1,-1,-1,,20.5,,15,,,,0,1,0.6,20,
10-Hep,11,,1,0.2,-1,-1,10.11,7.5,7.5,-1,-1,-1,-1,,20.5,,15,,,,0,1,0.6,20,
10-Hep,12,,1,0.2,-1,-1,10.11,7.5,7.5,-1,-1,-1,-1,,20.5,,15,,,,0,1,0.6,20,
10-Hep,13,,1,0.2,-1,-1,10.11,7.5,7.5,-1,-1,-1,-1,,20.5,,15,,,,0,1,0.6,20,
10-Hep,14,,1,0.2,-1,-1,10.11,7.5,7.5,-1,-1,-1,-1,,20.5,,15,,,,0,1,0.6,20,
10-Hep-Fib,2,,1.13,0.2,0.3,-1,10.11,7.5,7.5,-1,-1,-1,-1,,20.5,,15,,,,0,1,0.6,20,
10-Hep-Fib,4,,1.13,0.2,0.3,-1,10.11,7.5,7.5,-1,-1,-1,-1,,20.5,,15,,,,0,1,0.6,20,
10-Hep-Fib,6,,1.13,0.2,0.3,-1,10.11,7.5,7.5,-1,-1,-1,-1,,20.5,,15,,,,0,1,0.6,20,
10-Hep-Fib,8,,1.13,0.2,0.3,-1,10.11,7.5,7.5,-1,-1,-1,-1,,20.5,,15,,,,0,1,0.6,20,
10-Hep-Fib,9,,1.13,0.2,0.3,-1,10.11,7.5,7.5,-1,-1,-1,-1,,20.5,,15,,,,0,1,0.6,20,
10-Hep-Fib,11,,1.13,0.2,0.3,-1,10.11,7.5,7.5,-1,-1,-1,-1,,20.5,,15,,,,0,1,0.6,20,
10-Hep-Fib,12,,1.13,0.2,0.3,-1,10.11,7.5,7.5,-1,-1,-1,-1,,20.5,,15,,,,0,1,0.6,20,
10-Hep-Fib,13,,1.13,0.2,0.3,-1,10.11,7.5,7.5,-1,-1,-1,-1,,20.5,,15,,,,0,1,0.6,20,
10-Hep-Fib,14,,1.13,0.2,0.3,-1,10.11,7.5,7.5,-1,-1,-1,-1,,20.5,,15,,,,0,1,0.6,20,
10-Hep-EC,2,,1.7,0.2,0.15,-1,10.11,7.5,7.5,-1,-1,-1,-1,,20.5,,15,,,,0,1,0.6,20,
10-Hep-EC,4,,1.7,0.2,0.15,-1,10.11,7.5,7.5,-1,-1,-1,-1,,20.5,,15,,,,0,1,0.6,20,
10-Hep-EC,6,,1.7,0.2,0.15,-1,10.11,7.5,7.5,-1,-1,-1,-1,,20.5,,15,,,,0,1,0.6,20,
10-Hep-EC,8,,1.7,0.2,0.15,-1,10.11,7.5,7.5,-1,-1,-1,-1,,20.5,,15,,,,0,1,0.6,20,
10-Hep-EC,9,,1.7,0.2,0.15,-1,10.11,7.5,7.5,-1,-1,-1,-1,,20.5,,15,,,,0,1,0.6,20,
10-Hep-EC,11,,1.7,0.2,0.15,-1,10.11,7.5,7.5,-1,-1,-1,-1,,20.5,,15,,,,0,1,0.6,20,
10-Hep-EC,12,,1.7,0.2,0.15,-1,10.11,7.5,7.5,-1,-1,-1,-1,,20.5,,15,,,,0,1,0.6,20,
10-Hep-EC,13,,1.7,0.2,0.15,-1,10.11,7.5,7.5,-1,-1,-1,-1,,20.5,,15,,,,0,1,0.6,20,
10-Hep-EC,14,,1.7,0.2,0.15,-1,10.11,7.5,7.5,-1,-1,-1,-1,,20.5,,15,,,,0,1,0.6,20,
10-Hep-Fib-EC,2,,1.1307,0.2,0.3,0.15,10.11,7.5,7.5,-1,-1,-1,-1,,20.5,,15,,,,0,1,0.6,20,
10-Hep-Fib-EC,4,,1.1307,0.2,0.3,0.15,10.11,7.5,7.5,-1,-1,-1,-1,,20.5,,15,,,,0,1,0.6,20,
10-Hep-Fib-EC,6,,1.1307,0.2,0.3,0.15,10.11,7.5,7.5,-1,-1,-1,-1,,20.5,,15,,,,0,1,0.6,20,
10-Hep-Fib-EC,8,,1.1307,0.2,0.3,0.15,10.11,7.5,7.5,-1,-1,-1,-1,,20.5,,15,,,,0,1,0.6,20,
10-Hep-Fib-EC,9,,1.1307,0.2,0.3,0.15,10.11,7.5,7.5,-1,-1,-1,-1,,20.5,,15,,,,0,1,0.6,20,
10-Hep-Fib-EC,11,,1.1307,0.2,0.3,0.15,10.11,7.5,7.5,-1,-1,-1,-1,,20.5,,15,,,,0,1,0.6,20,
10-Hep-Fib-EC,12,,1.1307,0.2,0.3,0.15,10.11,7.5,7.5,-1,-1,-1,-1,,20.5,,15,,,,0,1,0.6,20,
10-Hep-Fib-EC,13,,1.1307,0.2,0.3,0.15,10.11,7.5,7.5,-1,-1,-1,-1,,20.5,,15,,,,0,1,0.6,20,
10-Hep-Fib-EC,14,,1.1307,0.2,0.3,0.15,10.11,7.5,7.5,-1,-1,-1,-1,,20.5,,15,,,,0,1,0.6,20,
11-PELA,2,,8,4,-1,-1,10,,-1,-1,-1,-1,-1,,11.7,,15,,,,0,1,0.6,20,
11-PELA,4,,8,4,-1,-1,10,,-1,-1,-1,-1,-1,,11.7,,15,,,,0,1,0.6,20,
11-PELA,6,,8,4,-1,-1,10,,-1,-1,-1,-1,-1,,11.7,,15,,,,0,1,0.6,20,
11-F1/9,2,,8,4,-1,-1,10.11,1,9,-1,-1,-1,-1,,11.7,,15,,,,0,1,0.6,20,
11-F1/9,4,,8,4,-1,-1,10.11,1,9,-1,-1,-1,-1,,11.7,,15,,,,0,1,0.6,20,
11-F1/9,6,,8,4,-1,-1,10.11,1,9,-1,-1,-1,-1,,11.7,,15,,,,0,1,0.6,20,
11-F3/7,2,,8,4,-1,-1,10.11,3,7,-1,-1,-1,-1,,11.7,,15,,,,0,1,0.6,20,
11-F3/7,4,,8,4,-1,-1,10.11,3,7,-1,-1,-1,-1,,11.7,,15,,,,0,1,0.6,20,
11-F3/7,6,,8,4,-1,-1,10.11,3,7,-1,-1,-1,-1,,11.7,,15,,,,0,1,0.6,20,
11-F5/5,2,,8,4,-1,-1,10.11,5,5,-1,-1,-1,-1,,11.7,,15,,,,0,1,0.6,20,
11-F5/5,4,,8,4,-1,-1,10.11,5,5,-1,-1,-1,-1,,11.7,,15,,,,0,1,0.6,20,
11-F5/5,6,,8,4,-1,-1,10.11,5,5,-1,-1,-1,-1,,11.7,,15,,,,0,1,0.6,20,
11-F7/3,2,,8,4,-1,-1,10.11,7,3,-1,-1,-1,-1,,11.7,,15,,,,0,1,0.6,20,
11-F7/3,4,,8,4,-1,-1,10.11,7,3,-1,-1,-1,-1,,11.7,,15,,,,0,1,0.6,20,
11-F7/3,6,,8,4,-1,-1,10.11,7,3,-1,-1,-1,-1,,11.7,,15,,,,0,1,0.6,20,
11-F9/1,2,,8,4,-1,-1,10.11,9,1,-1,-1,-1,-1,,11.7,,15,,,,0,1,0.6,20,
11-F9/1,4,,8,4,-1,-1,10.11,9,1,-1,-1,-1,-1,,11.7,,15,,,,0,1,0.6,20,
11-F9/1,6,,8,4,-1,-1,10.11,9,1,-1,-1,-1,-1,,11.7,,15,,,,0,1,0.6,20,
11-Direct,2,,8.13,0.1,0.3,-1,10.11,5,5,-1,-1,-1,-1,,11.7,,15,,,,0,1,0.6,20,
11-Direct,4,,8.13,0.1,0.3,-1,10.11,5,5,-1,-1,-1,-1,,11.7,,15,,,,0,1,0.6,20,
11-Direct,6,,8.13,0.1,0.3,-1,10.11,5,5,-1,-1,-1,-1,,11.7,,15,,,,0,1,0.6,20,
11-Pattern C Culture,2,,8,4,-1,-1,10.11,5,5,-1,-1,-1,-1,,11.7,,15,,,,0,1,0.6,20,
11-Pattern C Culture,4,,8,4,-1,-1,10.11,5,5,-1,-1,-1,-1,,11.7,,15,,,,0,1,0.6,20,
11-Pattern C Culture,6,,8,4,-1,-1,10.11,5,5,-1,-1,-1,-1,,11.7,,15,,,,0,1,0.6,20,
11-Pattern A,2,,8.13,0.1,0.3,-1,10.11,5,5,-1,-1,-1,-1,,11.7,,15,,,,0,1,0.6,20,
11-Pattern A,4,,8.13,0.1,0.3,-1,10.11,5,5,-1,-1,-1,-1,,11.7,,15,,,,0,1,0.6,20,
11-Pattern A,6,,8.13,0.1,0.3,-1,10.11,5,5,-1,-1,-1,-1,,11.7,,15,,,,0,1,0.6,20,
11-Pattern B,2,,8.13,0.1,0.3,-1,10.11,5,5,-1,-1,-1,-1,,11.7,,15,,,,0,1,0.6,20,
11-Pattern B,4,,8.13,0.1,0.3,-1,10.11,5,5,-1,-1,-1,-1,,11.7,,15,,,,0,1,0.6,20,
11-Pattern B,6,,8.13,0.1,0.3,-1,10.11,5,5,-1,-1,-1,-1,,11.7,,15,,,,0,1,0.6,20,
11-Pattern C,2,,8.13,0.1,0.3,-1,10.11,5,5,-1,-1,-1,-1,,11.7,,15,,,,0,1,0.6,20,
11-Pattern C,4,,8.13,0.1,0.3,-1,10.11,5,5,-1,-1,-1,-1,,11.7,,15,,,,0,1,0.6,20,
11-Pattern C,6,,8.13,0.1,0.3,-1,10.11,5,5,-1,-1,-1,-1,,11.7,,15,,,,0,1,0.6,20,
11-Pattern D,2,,8.13,0.1,0.3,-1,10.11,5,5,-1,-1,-1,-1,,11.7,,15,,,,0,1,0.6,20,
11-Pattern D,4,,8.13,0.1,0.3,-1,10.11,5,5,-1,-1,-1,-1,,11.7,,15,,,,0,1,0.6,20,
11-Pattern D,6,,8.13,0.1,0.3,-1,10.11,5,5,-1,-1,-1,-1,,11.7,,15,,,,0,1,0.6,20,
12-2D+DLS,1,,9,1,-1,-1,18,-1,-1,-1,-1,-1,-1,,,3,8,,,,0,6,2,11.25,1.3
12-2D+DLS,2,,9,1,-1,-1,18,-1,-1,-1,-1,-1,-1,,,3,8,,,,0,6,2,11.25,1.3
12-2D+DLS,3,,9,1,-1,-1,18,-1,-1,-1,-1,-1,-1,,,3,8,,,,0,6,2,11.25,1.3
12-2D+DLS,4,,9,1,-1,-1,18,-1,-1,-1,-1,-1,-1,,,3,8,,,,0,6,2,11.25,1.3
12-2D+DLS,5,,9,1,-1,-1,18,-1,-1,-1,-1,-1,-1,,,3,8,,,,0,6,2,11.25,1.3
12-2D+DLS,6,,9,1,-1,-1,18,-1,-1,-1,-1,-1,-1,,,3,8,,,,0,6,2,11.25,1.3
12-2D+DLS,7,,9,1,-1,-1,18,-1,-1,-1,-1,-1,-1,,,3,8,,,,0,6,2,11.25,1.3
12-2D+DLS,8,,9,1,-1,-1,18,-1,-1,-1,-1,-1,-1,,,3,8,,,,0,6,2,11.25,1.3
12-2D+DLS,9,,9,1,-1,-1,18,-1,-1,-1,-1,-1,-1,,,3,8,,,,0,6,2,11.25,1.3
12-2D+DLS,10,,9,1,-1,-1,18,-1,-1,-1,-1,-1,-1,,,3,8,,,,0,6,2,11.25,1.3
12-2D+DLS,11,,9,1,-1,-1,18,-1,-1,-1,-1,-1,-1,,,3,8,,,,0,6,2,11.25,1.3
12-2D+DLS,12,,9,1,-1,-1,18,-1,-1,-1,-1,-1,-1,,,3,8,,,,0,6,2,11.25,1.3
12-2D+DLS,13,,9,1,-1,-1,18,-1,-1,-1,-1,-1,-1,,,3,8,,,,0,6,2,11.25,1.3
12-2D+DLS,14,,9,1,-1,-1,18,-1,-1,-1,-1,-1,-1,,,3,8,,,,0,6,2,11.25,1.3
12-2D+DLS,15,,9,1,-1,-1,18,-1,-1,-1,-1,-1,-1,,,3,8,,,,0,6,2,11.25,1.3
12-2D+DLS,16,,9,1,-1,-1,18,-1,-1,-1,-1,-1,-1,,,3,8,,,,0,6,2,11.25,1.3
12-2D+DLS,17,,9,1,-1,-1,18,-1,-1,-1,-1,-1,-1,,,3,8,,,,0,6,2,11.25,1.3
12-2D+DLS,18,,9,1,-1,-1,18,-1,-1,-1,-1,-1,-1,,,3,8,,,,0,6,2,11.25,1.3
12-2D+DLS,19,,9,1,-1,-1,18,-1,-1,-1,-1,-1,-1,,,3,8,,,,0,6,2,11.25,1.3
12-2D+DLS,20,,9,1,-1,-1,18,-1,-1,-1,-1,-1,-1,,,3,8,,,,0,6,2,11.25,1.3
12-3D+DLS,1,,9,1,-1,-1,18,-1,-1,-1,-1,-1,-1,,,3.1,8,,,,0,6,2,11.25,1.3
12-3D+DLS,2,,9,1,-1,-1,18,-1,-1,-1,-1,-1,-1,,,3.1,8,,,,0,6,2,11.25,1.3
12-3D+DLS,3,,9,1,-1,-1,18,-1,-1,-1,-1,-1,-1,,,3.1,8,,,,0,6,2,11.25,1.3
12-3D+DLS,4,,9,1,-1,-1,18,-1,-1,-1,-1,-1,-1,,,3.1,8,,,,0,6,2,11.25,1.3
12-3D+DLS,5,,9,1,-1,-1,18,-1,-1,-1,-1,-1,-1,,,3.1,8,,,,0,6,2,11.25,1.3
12-3D+DLS,6,,9,1,-1,-1,18,-1,-1,-1,-1,-1,-1,,,3.1,8,,,,0,6,2,11.25,1.3
12-3D+DLS,7,,9,1,-1,-1,18,-1,-1,-1,-1,-1,-1,,,3.1,8,,,,0,6,2,11.25,1.3
12-3D+DLS,8,,9,1,-1,-1,18,-1,-1,-1,-1,-1,-1,,,3.1,8,,,,0,6,2,11.25,1.3
12-3D+DLS,9,,9,1,-1,-1,18,-1,-1,-1,-1,-1,-1,,,3.1,8,,,,0,6,2,11.25,1.3
12-3D+DLS,10,,9,1,-1,-1,18,-1,-1,-1,-1,-1,-1,,,3.1,8,,,,0,6,2,11.25,1.3
12-3D+DLS,11,,9,1,-1,-1,18,-1,-1,-1,-1,-1,-1,,,3.1,8,,,,0,6,2,11.25,1.3
12-3D+DLS,12,,9,1,-1,-1,18,-1,-1,-1,-1,-1,-1,,,3.1,8,,,,0,6,2,11.25,1.3
12-3D+DLS,13,,9,1,-1,-1,18,-1,-1,-1,-1,-1,-1,,,3.1,8,,,,0,6,2,11.25,1.3
12-3D+DLS,14,,9,1,-1,-1,18,-1,-1,-1,-1,-1,-1,,,3.1,8,,,,0,6,2,11.25,1.3
12-3D+DLS,15,,9,1,-1,-1,18,-1,-1,-1,-1,-1,-1,,,3.1,8,,,,0,6,2,11.25,1.3
12-3D+DLS,16,,9,1,-1,-1,18,-1,-1,-1,-1,-1,-1,,,3.1,8,,,,0,6,2,11.25,1.3
12-3D+DLS,17,,9,1,-1,-1,18,-1,-1,-1,-1,-1,-1,,,3.1,8,,,,0,6,2,11.25,1.3
12-3D+DLS,18,,9,1,-1,-1,18,-1,-1,-1,-1,-1,-1,,,3.1,8,,,,0,6,2,11.25,1.3
12-3D+DLS,19,,9,1,-1,-1,18,-1,-1,-1,-1,-1,-1,,,3.1,8,,,,0,6,2,11.25,1.3
12-3D+DLS,20,,9,1,-1,-1,18,-1,-1,-1,-1,-1,-1,,,3.1,8,,,,0,6,2,11.25,1.3
13-Monoculture,1,,10,0.8,-1,-1,13,5.9,-1,-1,10.1,,0.08,,462,2.5,5,,,,0,5,1,4,1
13-Monoculture,2,,10,0.8,-1,-1,13,5.9,-1,-1,10.1,,0.08,,462,2.5,5,,,,0,5,1,4,1
13-Monoculture,3,,10,0.8,-1,-1,13,5.9,-1,-1,10.1,,0.08,,462,2.5,5,,,,0,5,1,4,1
13-Monoculture,4,,10,0.8,-1,-1,13,5.9,-1,-1,10.1,,0.08,,462,2.5,5,,,,0,5,1,4,1
13-Monoculture,6,,10,0.8,-1,-1,13,5.9,-1,-1,10.1,,0.08,,462,2.5,5,,,,0,5,1,4,1
13-Monoculture,7,,10,0.8,-1,-1,13,5.9,-1,-1,10.1,,0.08,,462,2.5,5,,,,0,5,1,4,1
13-Monoculture,8,,10,0.8,-1,-1,13,5.9,-1,-1,10.1,,0.08,,462,2.5,5,,,,0,5,1,4,1
13-Monoculture,10,,10,0.8,-1,-1,13,5.9,-1,-1,10.1,,0.08,,462,2.5,5,,,,0,5,1,4,1
13-Monoculture,11,,10,0.8,-1,-1,13,5.9,-1,-1,10.1,,0.08,,462,2.5,5,,,,0,5,1,4,1
13-Monoculture,13,,10,0.8,-1,-1,13,5.9,-1,-1,10.1,,0.08,,462,2.5,5,,,,0,5,1,4,1
13-Monoculture,14,,10,0.8,-1,-1,13,5.9,-1,-1,10.1,,0.08,,462,2.5,5,,,,0,5,1,4,1
13-Coculture,1,,10.11,0.8,0.1,-1,13,5.9,-1,-1,10.1,,0.08,,462,2.5,5,,,,0,5,1,4,1
13-Coculture,2,,10.11,0.8,0.1,-1,13,5.9,-1,-1,10.1,,0.08,,462,2.5,5,,,,0,5,1,4,1
13-Coculture,3,,10.11,0.8,0.1,-1,13,5.9,-1,-1,10.1,,0.08,,462,2.5,5,,,,0,5,1,4,1
13-Coculture,4,,10.11,0.8,0.1,-1,13,5.9,-1,-1,10.1,,0.08,,462,2.5,5,,,,0,5,1,4,1
13-Coculture,6,,10.11,0.8,0.1,-1,13,5.9,-1,-1,10.1,,0.08,,462,2.5,5,,,,0,5,1,4,1
13-Coculture,7,,10.11,0.8,0.1,-1,13,5.9,-1,-1,10.1,,0.08,,462,2.5,5,,,,0,5,1,4,1
13-Coculture,8,,10.11,0.8,0.1,-1,13,5.9,-1,-1,10.1,,0.08,,462,2.5,5,,,,0,5,1,4,1
13-Coculture,10,,10.11,0.8,0.1,-1,13,5.9,-1,-1,10.1,,0.08,,462,2.5,5,,,,0,5,1,4,1
13-Coculture,11,,10.11,0.8,0.1,-1,13,5.9,-1,-1,10.1,,0.08,,462,2.5,5,,,,0,5,1,4,1
13-Coculture,13,,10.11,0.8,0.1,-1,13,5.9,-1,-1,10.1,,0.08,,462,2.5,5,,,,0,5,1,4,1
13-Coculture,14,,10.11,0.8,0.1,-1,13,5.9,-1,-1,10.1,,0.08,,462,2.5,5,,,,0,5,1,4,1
14-Hep,2,,10,0.2,-1,-1,10.11,15,-1,-1,-1,-1,-1,,25.6,0.4,15,,,,0,1,0.6,20,
14-Hep,4,,10,0.2,-1,-1,10.11,15,-1,-1,-1,-1,-1,,25.6,0.4,15,,,,0,1,0.6,20,
14-Hep,6,,10,0.2,-1,-1,10.11,15,-1,-1,-1,-1,-1,,25.6,0.4,15,,,,0,1,0.6,20,
14-Hep,8,,10,0.2,-1,-1,10.11,15,-1,-1,-1,-1,-1,,25.6,0.4,15,,,,0,1,0.6,20,
14-Hep,9,,10,0.2,-1,-1,10.11,15,-1,-1,-1,-1,-1,,25.6,0.4,15,,,,0,1,0.6,20,
14-Hep,11,,10,0.2,-1,-1,10.11,15,-1,-1,-1,-1,-1,,25.6,0.4,15,,,,0,1,0.6,20,
14-Hep,12,,10,0.2,-1,-1,10.11,15,-1,-1,-1,-1,-1,,25.6,0.4,15,,,,0,1,0.6,20,
14-Hep,13,,10,0.2,-1,-1,10.11,15,-1,-1,-1,-1,-1,,25.6,0.4,15,,,,0,1,0.6,20,
14-Hep,14,,10,0.2,-1,-1,10.11,15,-1,-1,-1,-1,-1,,25.6,0.4,15,,,,0,1,0.6,20,
14-Hep-Fib,2,,10.13,0.2,0.3,-1,10.11,15,-1,-1,-1,-1,-1,,25.6,0.4,15,,,,0,1,0.6,20,
14-Hep-Fib,4,,10.13,0.2,0.3,-1,10.11,15,-1,-1,-1,-1,-1,,25.6,0.4,15,,,,0,1,0.6,20,
14-Hep-Fib,6,,10.13,0.2,0.3,-1,10.11,15,-1,-1,-1,-1,-1,,25.6,0.4,15,,,,0,1,0.6,20,
14-Hep-Fib,8,,10.13,0.2,0.3,-1,10.11,15,-1,-1,-1,-1,-1,,25.6,0.4,15,,,,0,1,0.6,20,
14-Hep-Fib,9,,10.13,0.2,0.3,-1,10.11,15,-1,-1,-1,-1,-1,,25.6,0.4,15,,,,0,1,0.6,20,
14-Hep-Fib,11,,10.13,0.2,0.3,-1,10.11,15,-1,-1,-1,-1,-1,,25.6,0.4,15,,,,0,1,0.6,20,
14-Hep-Fib,12,,10.13,0.2,0.3,-1,10.11,15,-1,-1,-1,-1,-1,,25.6,0.4,15,,,,0,1,0.6,20,
14-Hep-Fib,13,,10.13,0.2,0.3,-1,10.11,15,-1,-1,-1,-1,-1,,25.6,0.4,15,,,,0,1,0.6,20,
14-Hep-Fib,14,,10.13,0.2,0.3,-1,10.11,15,-1,-1,-1,-1,-1,,25.6,0.4,15,,,,0,1,0.6,20,
14-Hep-Fib-EC,2,,10.1307,0.2,0.3,0.15,10.11,15,-1,-1,-1,-1,-1,,25.6,0.4,15,,,,0,1,0.6,20,
14-Hep-Fib-EC,4,,10.1307,0.2,0.3,0.15,10.11,15,-1,-1,-1,-1,-1,,25.6,0.4,15,,,,0,1,0.6,20,
14-Hep-Fib-EC,6,,10.1307,0.2,0.3,0.15,10.11,15,-1,-1,-1,-1,-1,,25.6,0.4,15,,,,0,1,0.6,20,
14-Hep-Fib-EC,8,,10.1307,0.2,0.3,0.15,10.11,15,-1,-1,-1,-1,-1,,25.6,0.4,15,,,,0,1,0.6,20,
14-Hep-Fib-EC,9,,10.1307,0.2,0.3,0.15,10.11,15,-1,-1,-1,-1,-1,,25.6,0.4,15,,,,0,1,0.6,20,
14-Hep-Fib-EC,11,,10.1307,0.2,0.3,0.15,10.11,15,-1,-1,-1,-1,-1,,25.6,0.4,15,,,,0,1,0.6,20,
14-Hep-Fib-EC,12,,10.1307,0.2,0.3,0.15,10.11,15,-1,-1,-1,-1,-1,,25.6,0.4,15,,,,0,1,0.6,20,
14-Hep-Fib-EC,13,,10.1307,0.2,0.3,0.15,10.11,15,-1,-1,-1,-1,-1,,25.6,0.4,15,,,,0,1,0.6,20,
14-Hep-Fib-EC,14,,10.1307,0.2,0.3,0.15,10.11,15,-1,-1,-1,-1,-1,,25.6,0.4,15,,,,0,1,0.6,20,
15-GEVAC,1,,15,0.052,-1,-1,9.33,0.715,0.285,-1,-1,-1,-1,,90.2,2,10,75.7,,,0,2,,80,48
15-GEVAC,2,,15,0.052,-1,-1,9.33,0.715,0.285,-1,-1,-1,-1,,90.2,2,10,75.7,,,0,2,,80,48
15-GEVAC,3,,15,0.052,-1,-1,9.33,0.715,0.285,-1,-1,-1,-1,,90.2,2,10,75.7,,,0,2,,80,48
15-GEVAC,4,,15,0.052,-1,-1,9.33,0.715,0.285,-1,-1,-1,-1,,90.2,2,10,75.7,,,0,2,,80,48
15-GEVAC,5,,15,0.052,-1,-1,9.33,0.715,0.285,-1,-1,-1,-1,,90.2,2,10,75.7,,,0,2,,80,48
15-GEVAC,6,,15,0.052,-1,-1,9.33,0.715,0.285,-1,-1,-1,-1,,90.2,2,10,75.7,,,0,2,,80,48
15-GEVAC,7,,15,0.052,-1,-1,9.33,0.715,0.285,-1,-1,-1,-1,,90.2,2,10,75.7,,,0,2,,80,48
15-GEVAC,8,,15,0.052,-1,-1,9.33,0.715,0.285,-1,-1,-1,-1,,90.2,2,10,75.7,,,0,2,,80,48
15-GEVAC,9,,15,0.052,-1,-1,9.33,0.715,0.285,-1,-1,-1,-1,,90.2,2,10,75.7,,,0,2,,80,48
15-GEVAC,10,,15,0.052,-1,-1,9.33,0.715,0.285,-1,-1,-1,-1,,90.2,2,10,75.7,,,0,2,,80,48
15-GEVAC,11,,15,0.052,-1,-1,9.33,0.715,0.285,-1,-1,-1,-1,,90.2,2,10,75.7,,,0,2,,80,48
15-GEVAC,12,,15,0.052,-1,-1,9.33,0.715,0.285,-1,-1,-1,-1,,90.2,2,10,75.7,,,0,2,,80,48
15-GEVAC,13,,15,0.052,-1,-1,9.33,0.715,0.285,-1,-1,-1,-1,,90.2,2,10,75.7,,,0,2,,80,48
15-GEVAC,15,,15,0.052,-1,-1,9.33,0.715,0.285,-1,-1,-1,-1,,90.2,2,10,75.7,,,0,2,,80,48
15-GEVAC,16,,15,0.052,-1,-1,9.33,0.715,0.285,-1,-1,-1,-1,,90.2,2,10,75.7,,,0,2,,80,48
15-GEVAC,17,,15,0.052,-1,-1,9.33,0.715,0.285,-1,-1,-1,-1,,90.2,2,10,75.7,,,0,2,,80,48
15-GEVAC,18,,15,0.052,-1,-1,9.33,0.715,0.285,-1,-1,-1,-1,,90.2,2,10,75.7,,,0,2,,80,48
15-GEVAC,19,,15,0.052,-1,-1,9.33,0.715,0.285,-1,-1,-1,-1,,90.2,2,10,75.7,,,0,2,,80,48
15-GEVAC,20,,15,0.052,-1,-1,9.33,0.715,0.285,-1,-1,-1,-1,,90.2,2,10,75.7,,,0,2,,80,48
15-GEVAC,21,,15,0.052,-1,-1,9.33,0.715,0.285,-1,-1,-1,-1,,90.2,2,10,75.7,,,0,2,,80,48
15-GEVAC,22,,15,0.052,-1,-1,9.33,0.715,0.285,-1,-1,-1,-1,,90.2,2,10,75.7,,,0,2,,80,48
15-GEVAC,23,,15,0.052,-1,-1,9.33,0.715,0.285,-1,-1,-1,-1,,90.2,2,10,75.7,,,0,2,,80,48
15-GEVAC,24,,15,0.052,-1,-1,9.33,0.715,0.285,-1,-1,-1,-1,,90.2,2,10,75.7,,,0,2,,80,48
15-GEVAC,25,,15,0.052,-1,-1,9.33,0.715,0.285,-1,-1,-1,-1,,90.2,2,10,75.7,,,0,2,,80,48
15-GEVAC,26,,15,0.052,-1,-1,9.33,0.715,0.285,-1,-1,-1,-1,,90.2,2,10,75.7,,,0,2,,80,48
15-GEVAC,27,,15,0.052,-1,-1,9.33,0.715,0.285,-1,-1,-1,-1,,90.2,2,10,75.7,,,0,2,,80,48
15-CH1,1,,15,0.052,-1,-1,14.34,1.9,3.96,-1,-1,-1,-1,,187,2,10,,,,0,2,,80,48
15-CH1,2,,15,0.052,-1,-1,14.34,1.9,3.96,-1,-1,-1,-1,,187,2,10,,,,0,2,,80,48
15-CH1,3,,15,0.052,-1,-1,14.34,1.9,3.96,-1,-1,-1,-1,,187,2,10,,,,0,2,,80,48
15-CH1,4,,15,0.052,-1,-1,14.34,1.9,3.96,-1,-1,-1,-1,,187,2,10,,,,0,2,,80,48
15-CH1,5,,15,0.052,-1,-1,14.34,1.9,3.96,-1,-1,-1,-1,,187,2,10,,,,0,2,,80,48
15-CH1,6,,15,0.052,-1,-1,14.34,1.9,3.96,-1,-1,-1,-1,,187,2,10,,,,0,2,,80,48
15-CH1,7,,15,0.052,-1,-1,14.34,1.9,3.96,-1,-1,-1,-1,,187,2,10,,,,0,2,,80,48
15-CH1,8,,15,0.052,-1,-1,14.34,1.9,3.96,-1,-1,-1,-1,,187,2,10,,,,0,2,,80,48
15-CH1,9,,15,0.052,-1,-1,14.34,1.9,3.96,-1,-1,-1,-1,,187,2,10,,,,0,2,,80,48
15-CH1,10,,15,0.052,-1,-1,14.34,1.9,3.96,-1,-1,-1,-1,,187,2,10,,,,0,2,,80,48
15-CH1,11,,15,0.052,-1,-1,14.34,1.9,3.96,-1,-1,-1,-1,,187,2,10,,,,0,2,,80,48
15-CH1,12,,15,0.052,-1,-1,14.34,1.9,3.96,-1,-1,-1,-1,,187,2,10,,,,0,2,,80,48
15-CH1,13,,15,0.052,-1,-1,14.34,1.9,3.96,-1,-1,-1,-1,,187,2,10,,,,0,2,,80,48
15-CH1,15,,15,0.052,-1,-1,14.34,1.9,3.96,-1,-1,-1,-1,,187,2,10,,,,0,2,,80,48
15-CH1,16,,15,0.052,-1,-1,14.34,1.9,3.96,-1,-1,-1,-1,,187,2,10,,,,0,2,,80,48
15-CH1,17,,15,0.052,-1,-1,14.34,1.9,3.96,-1,-1,-1,-1,,187,2,10,,,,0,2,,80,48
15-CH1,18,,15,0.052,-1,-1,14.34,1.9,3.96,-1,-1,-1,-1,,187,2,10,,,,0,2,,80,48
15-CH1,19,,15,0.052,-1,-1,14.34,1.9,3.96,-1,-1,-1,-1,,187,2,10,,,,0,2,,80,48
15-CH1,20,,15,0.052,-1,-1,14.34,1.9,3.96,-1,-1,-1,-1,,187,2,10,,,,0,2,,80,48
15-CH1,21,,15,0.052,-1,-1,14.34,1.9,3.96,-1,-1,-1,-1,,187,2,10,,,,0,2,,80,48
15-CH1,22,,15,0.052,-1,-1,14.34,1.9,3.96,-1,-1,-1,-1,,187,2,10,,,,0,2,,80,48
15-CH1,23,,15,0.052,-1,-1,14.34,1.9,3.96,-1,-1,-1,-1,,187,2,10,,,,0,2,,80,48
15-CH1,24,,15,0.052,-1,-1,14.34,1.9,3.96,-1,-1,-1,-1,,187,2,10,,,,0,2,,80,48
15-CH1,25,,15,0.052,-1,-1,14.34,1.9,3.96,-1,-1,-1,-1,,187,2,10,,,,0,2,,80,48
15-CH1,26,,15,0.052,-1,-1,14.34,1.9,3.96,-1,-1,-1,-1,,187,2,10,,,,0,2,,80,48
15-CH1,27,,15,0.052,-1,-1,14.34,1.9,3.96,-1,-1,-1,-1,,187,2,10,,,,0,2,,80,48
15-DG1,2,,15,0.052,-1,-1,9.35,,,-1,-1,-1,-1,,150,2,10,,,,0,2,,80,48
15-DG1,3,,15,0.052,-1,-1,9.35,,,-1,-1,-1,-1,,150,2,10,,,,0,2,,80,48
15-DG1,4,,15,0.052,-1,-1,9.35,,,-1,-1,-1,-1,,150,2,10,,,,0,2,,80,48
15-DG1,5,,15,0.052,-1,-1,9.35,,,-1,-1,-1,-1,,150,2,10,,,,0,2,,80,48
15-DG1,6,,15,0.052,-1,-1,9.35,,,-1,-1,-1,-1,,150,2,10,,,,0,2,,80,48
15-DG1,7,,15,0.052,-1,-1,9.35,,,-1,-1,-1,-1,,150,2,10,,,,0,2,,80,48
15-DG1,8,,15,0.052,-1,-1,9.35,,,-1,-1,-1,-1,,150,2,10,,,,0,2,,80,48
15-DG1,9,,15,0.052,-1,-1,9.35,,,-1,-1,-1,-1,,150,2,10,,,,0,2,,80,48
15-DG1,10,,15,0.052,-1,-1,9.35,,,-1,-1,-1,-1,,150,2,10,,,,0,2,,80,48
15-DG1,11,,15,0.052,-1,-1,9.35,,,-1,-1,-1,-1,,150,2,10,,,,0,2,,80,48
15-DG1,12,,15,0.052,-1,-1,9.35,,,-1,-1,-1,-1,,150,2,10,,,,0,2,,80,48
15-DG1,13,,15,0.052,-1,-1,9.35,,,-1,-1,-1,-1,,150,2,10,,,,0,2,,80,48
15-DG1,15,,15,0.052,-1,-1,9.35,,,-1,-1,-1,-1,,150,2,10,,,,0,2,,80,48
15-DG1,16,,15,0.052,-1,-1,9.35,,,-1,-1,-1,-1,,150,2,10,,,,0,2,,80,48
15-DG1,17,,15,0.052,-1,-1,9.35,,,-1,-1,-1,-1,,150,2,10,,,,0,2,,80,48
15-DG1,18,,15,0.052,-1,-1,9.35,,,-1,-1,-1,-1,,150,2,10,,,,0,2,,80,48
15-DG1,19,,15,0.052,-1,-1,9.35,,,-1,-1,-1,-1,,150,2,10,,,,0,2,,80,48
15-DG1,20,,15,0.052,-1,-1,9.35,,,-1,-1,-1,-1,,150,2,10,,,,0,2,,80,48
15-DG1,21,,15,0.052,-1,-1,9.35,,,-1,-1,-1,-1,,150,2,10,,,,0,2,,80,48
15-DG1,22,,15,0.052,-1,-1,9.35,,,-1,-1,-1,-1,,150,2,10,,,,0,2,,80,48
15-DG1,23,,15,0.052,-1,-1,9.35,,,-1,-1,-1,-1,,150,2,10,,,,0,2,,80,48
15-DG1,24,,15,0.052,-1,-1,9.35,,,-1,-1,-1,-1,,150,2,10,,,,0,2,,80,48
15-DG1,25,,15,0.052,-1,-1,9.35,,,-1,-1,-1,-1,,150,2,10,,,,0,2,,80,48
15-DG1,26,,15,0.052,-1,-1,9.35,,,-1,-1,-1,-1,,150,2,10,,,,0,2,,80,48
15-DG1,27,,15,0.052,-1,-1,9.35,,,-1,-1,-1,-1,,150,2,10,,,,0,2,,80,48
16-static,2,,8.23,3,10,-1,19,,,,-1,-1,-1,,140,0.42,6,,,,0,,,,
16-static,4,,8.23,3,10,-1,19,,,,-1,-1,-1,,140,0.42,6,,,,0,,,,
16-static,5,,8.23,3,10,-1,19,,,,-1,-1,-1,,140,0.42,6,,,,0,,,,
16-static,6,,8.23,3,10,-1,19,,,,-1,-1,-1,,140,0.42,6,,,,0,,,,
16-static,8,,8.23,3,10,-1,19,,,,-1,-1,-1,,140,0.42,6,,,,0,,,,
16-static,9,,8.23,3,10,-1,19,,,,-1,-1,-1,,140,0.42,6,,,,0,,,,
16-static,10,,8.23,3,10,-1,19,,,,-1,-1,-1,,140,0.42,6,,,,0,,,,
16-static,11,,8.23,3,10,-1,19,,,,-1,-1,-1,,140,0.42,6,,,,0,,,,
16-static,12,,8.23,3,10,-1,19,,,,-1,-1,-1,,140,0.42,6,,,,0,,,,
16-static,13,,8.23,3,10,-1,19,,,,-1,-1,-1,,140,0.42,6,,,,0,,,,
16-fluidic,2,,8.23,3,10,-1,19,,,,-1,-1,-1,,140,0.42,6,,,,650,,,,
16-fluidic,4,,8.23,3,10,-1,19,,,,-1,-1,-1,,140,0.42,6,,,,650,,,,
16-fluidic,5,,8.23,3,10,-1,19,,,,-1,-1,-1,,140,0.42,6,,,,650,,,,
16-fluidic,6,,8.23,3,10,-1,19,,,,-1,-1,-1,,140,0.42,6,,,,650,,,,
16-fluidic,8,,8.23,3,10,-1,19,,,,-1,-1,-1,,140,0.42,6,,,,650,,,,
16-fluidic,9,,8.23,3,10,-1,19,,,,-1,-1,-1,,140,0.42,6,,,,650,,,,
16-fluidic,10,,8.23,3,10,-1,19,,,,-1,-1,-1,,140,0.42,6,,,,650,,,,
16-fluidic,11,,8.23,3,10,-1,19,,,,-1,-1,-1,,140,0.42,6,,,,650,,,,
16-fluidic,12,,8.23,3,10,-1,19,,,,-1,-1,-1,,140,0.42,6,,,,650,,,,
16-fluidic,13,,8.23,3,10,-1,19,,,,-1,-1,-1,,140,0.42,6,,,,650,,,,
c13-PELA,2,,10,50,-1,-1,10.11,4,4,-1,-1,-1,-1,,5.9,0.1,0.436,,,,0,1,1,20,
c13-PELA,3,,10,50,-1,-1,10.11,4,4,-1,-1,-1,-1,,5.9,0.1,0.436,,,,0,1,1,20,
c13-PELA,4,,10,50,-1,-1,10.11,4,4,-1,-1,-1,-1,,5.9,0.1,0.436,,,,0,1,1,20,
c13-PELA,6,,10,50,-1,-1,10.11,4,4,-1,-1,-1,-1,,5.9,0.1,0.436,,,,0,1,1,20,
c13-PELA,7,,10,50,-1,-1,10.11,4,4,-1,-1,-1,-1,,5.9,0.1,0.436,,,,0,1,1,20,
c13-PELA,8,,10,50,-1,-1,10.11,4,4,-1,-1,-1,-1,,5.9,0.1,0.436,,,,0,1,1,20,
c13-PELA,9,,10,50,-1,-1,10.11,4,4,-1,-1,-1,-1,,5.9,0.1,0.436,,,,0,1,1,20,
c13-PELA,11,,10,50,-1,-1,10.11,4,4,-1,-1,-1,-1,,5.9,0.1,0.436,,,,0,1,1,20,
c13-PELA,12,,10,50,-1,-1,10.11,4,4,-1,-1,-1,-1,,5.9,0.1,0.436,,,,0,1,1,20,
c13-PELA,13,,10,50,-1,-1,10.11,4,4,-1,-1,-1,-1,,5.9,0.1,0.436,,,,0,1,1,20,
c13-PELA,14,,10,50,-1,-1,10.11,4,4,-1,-1,-1,-1,,5.9,0.1,0.436,,,,0,1,1,20,
17-HepG2,2,,4,2,-1,-1,15.709,0.88,1.5,2.2,-1,-1,-1,,,2,8,91.85,94,,7000,13,12,16,
17-HepG2,3,,4,2,-1,-1,15.709,0.88,1.5,2.2,-1,-1,-1,,,2,8,91.85,94,,7000,13,12,16,
17-HepG2,5,,4,2,-1,-1,15.709,0.88,1.5,2.2,-1,-1,-1,,,2,8,91.85,94,,7000,13,12,16,
17-HepG2,6,,4,2,-1,-1,15.709,0.88,1.5,2.2,-1,-1,-1,,,2,8,91.85,94,,7000,13,12,16,
17-HepG2,8,,4,2,-1,-1,15.709,0.88,1.5,2.2,-1,-1,-1,,,2,8,91.85,94,,7000,13,12,16,
17-HepG2,9,,4,2,-1,-1,15.709,0.88,1.5,2.2,-1,-1,-1,,,2,8,91.85,94,,7000,13,12,16,
17-HepG2,11,,4,2,-1,-1,15.709,0.88,1.5,2.2,-1,-1,-1,,,2,8,91.85,94,,7000,13,12,16,
17-HepG2,12,,4,2,-1,-1,15.709,0.88,1.5,2.2,-1,-1,-1,,,2,8,91.85,94,,7000,13,12,16,
17-HepG2-PNIPAAm,2,,4,2,-1,-1,15.709,0.88,1.5,2.2,31,0.05,-1,,,2,8,91.85,94,,7000,13,12,16,
17-HepG2-PNIPAAm,3,,4,2,-1,-1,15.709,0.88,1.5,2.2,31,0.05,-1,,,2,8,91.85,94,,7000,13,12,16,
17-HepG2-PNIPAAm,5,,4,2,-1,-1,15.709,0.88,1.5,2.2,31,0.05,-1,,,2,8,91.85,94,,7000,13,12,16,
17-HepG2-PNIPAAm,6,,4,2,-1,-1,15.709,0.88,1.5,2.2,31,0.05,-1,,,2,8,91.85,94,,7000,13,12,16,
17-HepG2-PNIPAAm,8,,4,2,-1,-1,15.709,0.88,1.5,2.2,31,0.05,-1,,,2,8,91.85,94,,7000,13,12,16,
17-HepG2-PNIPAAm,9,,4,2,-1,-1,15.709,0.88,1.5,2.2,31,0.05,-1,,,2,8,91.85,94,,7000,13,12,16,
17-HepG2-PNIPAAm,11,,4,2,-1,-1,15.709,0.88,1.5,2.2,31,0.05,-1,,,2,8,91.85,94,,7000,13,12,16,
17-HepG2-PNIPAAm,12,,4,2,-1,-1,15.709,0.88,1.5,2.2,31,0.05,-1,,,2,8,91.85,94,,7000,13,12,16,
17-Huh7,2,,16,2,-1,-1,15.709,0.88,1.5,2.2,-1,-1,-1,,,2,8,91.85,94,,7000,13,12,16,
17-Huh7,3,,16,2,-1,-1,15.709,0.88,1.5,2.2,-1,-1,-1,,,2,8,91.85,94,,7000,13,12,16,
17-Huh7,5,,16,2,-1,-1,15.709,0.88,1.5,2.2,-1,-1,-1,,,2,8,91.85,94,,7000,13,12,16,
17-Huh7,6,,16,2,-1,-1,15.709,0.88,1.5,2.2,-1,-1,-1,,,2,8,91.85,94,,7000,13,12,16,
17-Huh7,8,,16,2,-1,-1,15.709,0.88,1.5,2.2,-1,-1,-1,,,2,8,91.85,94,,7000,13,12,16,
17-Huh7,9,,16,2,-1,-1,15.709,0.88,1.5,2.2,-1,-1,-1,,,2,8,91.85,94,,7000,13,12,16,
17-Huh7,11,,16,2,-1,-1,15.709,0.88,1.5,2.2,-1,-1,-1,,,2,8,91.85,94,,7000,13,12,16,
17-Huh7,12,,16,2,-1,-1,15.709,0.88,1.5,2.2,-1,-1,-1,,,2,8,91.85,94,,7000,13,12,16,
17-Huh7-PNIPAAm,2,,16,2,-1,-1,15.709,0.88,1.5,2.2,31,0.05,-1,,,2,8,91.85,94,,7000,13,12,16,
17-Huh7-PNIPAAm,3,,16,2,-1,-1,15.709,0.88,1.5,2.2,31,0.05,-1,,,2,8,91.85,94,,7000,13,12,16,
17-Huh7-PNIPAAm,5,,16,2,-1,-1,15.709,0.88,1.5,2.2,31,0.05,-1,,,2,8,91.85,94,,7000,13,12,16,
17-Huh7-PNIPAAm,6,,16,2,-1,-1,15.709,0.88,1.5,2.2,31,0.05,-1,,,2,8,91.85,94,,7000,13,12,16,
17-Huh7-PNIPAAm,8,,16,2,-1,-1,15.709,0.88,1.5,2.2,31,0.05,-1,,,2,8,91.85,94,,7000,13,12,16,
17-Huh7-PNIPAAm,9,,16,2,-1,-1,15.709,0.88,1.5,2.2,31,0.05,-1,,,2,8,91.85,94,,7000,13,12,16,
17-Huh7-PNIPAAm,11,,16,2,-1,-1,15.709,0.88,1.5,2.2,31,0.05,-1,,,2,8,91.85,94,,7000,13,12,16,
17-Huh7-PNIPAAm,12,,16,2,-1,-1,15.709,0.88,1.5,2.2,31,0.05,-1,,,2,8,91.85,94,,7000,13,12,16,
18-Agarose,1,,4,1,-1,-1,16,0.99,-1,-1,-1,-1,-1,,,,,,,,0,11,121,20,
18-Agarose,2,,4,1,-1,-1,16,0.99,-1,-1,-1,-1,-1,,,,,,,,0,11,121,20,
18-Agarose,4,,4,1,-1,-1,16,0.99,-1,-1,-1,-1,-1,,,,,,,,0,11,121,20,
18-Agarose,5,,4,1,-1,-1,16,0.99,-1,-1,-1,-1,-1,,,,,,,,0,11,121,20,
18-Agarose,6,,4,1,-1,-1,16,0.99,-1,-1,-1,-1,-1,,,,,,,,0,11,121,20,
18-Agarose,8,,4,1,-1,-1,16,0.99,-1,-1,-1,-1,-1,,,,,,,,0,11,121,20,
18-Alginate,1,,4,1,-1,-1,7,0.57,-1,-1,-1,-1,-1,,,,,,,,0,12,60,,
18-Alginate,2,,4,1,-1,-1,7,0.57,-1,-1,-1,-1,-1,,,,,,,,0,12,60,,
18-Alginate,4,,4,1,-1,-1,7,0.57,-1,-1,-1,-1,-1,,,,,,,,0,12,60,,
18-Alginate,5,,4,1,-1,-1,7,0.57,-1,-1,-1,-1,-1,,,,,,,,0,12,60,,
18-Alginate,6,,4,1,-1,-1,7,0.57,-1,-1,-1,-1,-1,,,,,,,,0,12,60,,
18-Alginate,8,,4,1,-1,-1,7,0.57,-1,-1,-1,-1,-1,,,,,,,,0,12,60,,
18-HA-PEG,1,,4,1,-1,-1,34.15,1.587,-1,-1,12,-1,-1,,,,,,,,0,9,1.2,,
18-HA-PEG,2,,4,1,-1,-1,34.15,1.587,-1,-1,12,-1,-1,,,,,,,,0,9,1.2,,
18-HA-PEG,4,,4,1,-1,-1,34.15,1.587,-1,-1,12,-1,-1,,,,,,,,0,9,1.2,,
18-HA-PEG,5,,4,1,-1,-1,34.15,1.587,-1,-1,12,-1,-1,,,,,,,,0,9,1.2,,
18-HA-PEG,6,,4,1,-1,-1,34.15,1.587,-1,-1,12,-1,-1,,,,,,,,0,9,1.2,,
18-HA-PEG,8,,4,1,-1,-1,34.15,1.587,-1,-1,12,-1,-1,,,,,,,,0,9,1.2,,
19-Alg,1,,10,8,-1,-1,7,1,-1,-1,-1,-1,-1,,70,,0.1,,,,0,10,1,187.5,
19-Alg,3,,10,8,-1,-1,7,1,-1,-1,-1,-1,-1,,70,,0.1,,,,0,10,1,187.5,
19-Alg,5,,10,8,-1,-1,7,1,-1,-1,-1,-1,-1,,70,,0.1,,,,0,10,1,187.5,
19-Alg,7,,10,8,-1,-1,7,1,-1,-1,-1,-1,-1,,70,,0.1,,,,0,10,1,187.5,
19-Alg,9,,10,8,-1,-1,7,1,-1,-1,-1,-1,-1,,70,,0.1,,,,0,10,1,187.5,
19-Alg,11,,10,8,-1,-1,7,1,-1,-1,-1,-1,-1,,70,,0.1,,,,0,10,1,187.5,
19-Alg,13,,10,8,-1,-1,7,1,-1,-1,-1,-1,-1,,70,,0.1,,,,0,10,1,187.5,
19-Alg,15,,10,8,-1,-1,7,1,-1,-1,-1,-1,-1,,70,,0.1,,,,0,10,1,187.5,
19-Alg,17,,10,8,-1,-1,7,1,-1,-1,-1,-1,-1,,70,,0.1,,,,0,10,1,187.5,
19-Alg,19,,10,8,-1,-1,7,1,-1,-1,-1,-1,-1,,70,,0.1,,,,0,10,1,187.5,
19-Alg,21,,10,8,-1,-1,7,1,-1,-1,-1,-1,-1,,70,,0.1,,,,0,10,1,187.5,
19-Alg,23,,10,8,-1,-1,7,1,-1,-1,-1,-1,-1,,70,,0.1,,,,0,10,1,187.5,
19-Alg-col,1,,10,8,-1,-1,7.5,0.8,0.02,-1,-1,-1,-1,,70,,0.1,,,,0,10,1,187.5,
19-Alg-col,3,,10,8,-1,-1,7.5,0.8,0.02,-1,-1,-1,-1,,70,,0.1,,,,0,10,1,187.5,
19-Alg-col,5,,10,8,-1,-1,7.5,0.8,0.02,-1,-1,-1,-1,,70,,0.1,,,,0,10,1,187.5,
19-Alg-col,7,,10,8,-1,-1,7.5,0.8,0.02,-1,-1,-1,-1,,70,,0.1,,,,0,10,1,187.5,
19-Alg-col,9,,10,8,-1,-1,7.5,0.8,0.02,-1,-1,-1,-1,,70,,0.1,,,,0,10,1,187.5,
19-Alg-col,11,,10,8,-1,-1,7.5,0.8,0.02,-1,-1,-1,-1,,70,,0.1,,,,0,10,1,187.5,
19-Alg-col,13,,10,8,-1,-1,7.5,0.8,0.02,-1,-1,-1,-1,,70,,0.1,,,,0,10,1,187.5,
19-Alg-col,15,,10,8,-1,-1,7.5,0.8,0.02,-1,-1,-1,-1,,70,,0.1,,,,0,10,1,187.5,
19-Alg-col,17,,10,8,-1,-1,7.5,0.8,0.02,-1,-1,-1,-1,,70,,0.1,,,,0,10,1,187.5,
19-Alg-col,19,,10,8,-1,-1,7.5,0.8,0.02,-1,-1,-1,-1,,70,,0.1,,,,0,10,1,187.5,
19-Alg-col,21,,10,8,-1,-1,7.5,0.8,0.02,-1,-1,-1,-1,,70,,0.1,,,,0,10,1,187.5,
19-Alg-col,23,,10,8,-1,-1,7.5,0.8,0.02,-1,-1,-1,-1,,70,,0.1,,,,0,10,1,187.5,
20-Hep,2,,10,30,-1,-1,17.5,0.7,0.023,-1,13,20,-1,,,,0.08,,,,0,9,1,0.72,
20-Hep,4,,10,30,-1,-1,17.5,0.7,0.023,-1,13,20,-1,,,,0.08,,,,0,9,1,0.72,
20-Hep,6,,10,30,-1,-1,17.5,0.7,0.023,-1,13,20,-1,,,,0.08,,,,0,9,1,0.72,
20-Hep+3T3,2,,10.17,30,10,-1,17.5,0.7,0.023,-1,13,20,-1,,,,0.08,,,,0,9,1,0.72,
20-Hep+3T3,4,,10.17,30,10,-1,17.5,0.7,0.023,-1,13,20,-1,,,,0.08,,,,0,9,1,0.72,
20-Hep+3T3,6,,10.17,30,10,-1,17.5,0.7,0.023,-1,13,20,-1,,,,0.08,,,,0,9,1,0.72,
20-Hep(High O2),2,,10,30,-1,-1,17.5,0.7,0.023,-1,13,35,-1,,,,0.08,,,,0,9,1,0.72,
20-Hep(High O2),4,,10,30,-1,-1,17.5,0.7,0.023,-1,13,35,-1,,,,0.08,,,,0,9,1,0.72,
20-Hep(High O2),6,,10,30,-1,-1,17.5,0.7,0.023,-1,13,35,-1,,,,0.08,,,,0,9,1,0.72,
20-Fiber(+O2),1,,10,30,-1,-1,17.5,0.7,0.023,-1,13,35,-1,,,,0.08,,,,0,9,1,0.72,
20-Fiber(+O2),3,,10,30,-1,-1,17.5,0.7,0.023,-1,13,35,-1,,,,0.08,,,,0,9,1,0.72,
20-Fiber(+O2),4,,10,30,-1,-1,17.5,0.7,0.023,-1,13,35,-1,,,,0.08,,,,0,9,1,0.72,
20-Fiber(+O2),6,,10,30,-1,-1,17.5,0.7,0.023,-1,13,35,-1,,,,0.08,,,,0,9,1,0.72,
20-Fiber(+O2),8,,10,30,-1,-1,17.5,0.7,0.023,-1,13,35,-1,,,,0.08,,,,0,9,1,0.72,
20-Fiber(+O2),9,,10,30,-1,-1,17.5,0.7,0.023,-1,13,35,-1,,,,0.08,,,,0,9,1,0.72,
20-Fiber(+O2),11,,10,30,-1,-1,17.5,0.7,0.023,-1,13,35,-1,,,,0.08,,,,0,9,1,0.72,
20-Fiber(+O2),13,,10,30,-1,-1,17.5,0.7,0.023,-1,13,35,-1,,,,0.08,,,,0,9,1,0.72,
20-Fiber(+O2),14,,10,30,-1,-1,17.5,0.7,0.023,-1,13,35,-1,,,,0.08,,,,0,9,1,0.72,
20-Fiber(+O2),16,,10,30,-1,-1,17.5,0.7,0.023,-1,13,35,-1,,,,0.08,,,,0,9,1,0.72,
20-Fiber(+O2),18,,10,30,-1,-1,17.5,0.7,0.023,-1,13,35,-1,,,,0.08,,,,0,9,1,0.72,
20-Fiber(+O2),19,,10,30,-1,-1,17.5,0.7,0.023,-1,13,35,-1,,,,0.08,,,,0,9,1,0.72,
20-Fiber(+O2),21,,10,30,-1,-1,17.5,0.7,0.023,-1,13,35,-1,,,,0.08,,,,0,9,1,0.72,
20-Fiber(+O2),22,,10,30,-1,-1,17.5,0.7,0.023,-1,13,35,-1,,,,0.08,,,,0,9,1,0.72,
20-Fiber(+O2),23,,10,30,-1,-1,17.5,0.7,0.023,-1,13,35,-1,,,,0.08,,,,0,9,1,0.72,
20-Fiber(+O2),25,,10,30,-1,-1,17.5,0.7,0.023,-1,13,35,-1,,,,0.08,,,,0,9,1,0.72,
20-Fiber(+O2),26,,10,30,-1,-1,17.5,0.7,0.023,-1,13,35,-1,,,,0.08,,,,0,9,1,0.72,
20-Fiber(+O2),27,,10,30,-1,-1,17.5,0.7,0.023,-1,13,35,-1,,,,0.08,,,,0,9,1,0.72,
"20-Fiber(+3T3,O2)",1,,10.17,30,10,-1,17.5,0.7,0.023,-1,13,35,-1,,,,0.08,,,,0,9,1,0.72,
"20-Fiber(+3T3,O2)",3,,10.17,30,10,-1,17.5,0.7,0.023,-1,13,35,-1,,,,0.08,,,,0,9,1,0.72,
"20-Fiber(+3T3,O2)",4,,10.17,30,10,-1,17.5,0.7,0.023,-1,13,35,-1,,,,0.08,,,,0,9,1,0.72,
"20-Fiber(+3T3,O2)",6,,10.17,30,10,-1,17.5,0.7,0.023,-1,13,35,-1,,,,0.08,,,,0,9,1,0.72,
"20-Fiber(+3T3,O2)",8,,10.17,30,10,-1,17.5,0.7,0.023,-1,13,35,-1,,,,0.08,,,,0,9,1,0.72,
"20-Fiber(+3T3,O2)",9,,10.17,30,10,-1,17.5,0.7,0.023,-1,13,35,-1,,,,0.08,,,,0,9,1,0.72,
"20-Fiber(+3T3,O2)",11,,10.17,30,10,-1,17.5,0.7,0.023,-1,13,35,-1,,,,0.08,,,,0,9,1,0.72,
"20-Fiber(+3T3,O2)",13,,10.17,30,10,-1,17.5,0.7,0.023,-1,13,35,-1,,,,0.08,,,,0,9,1,0.72,
"20-Fiber(+3T3,O2)",14,,10.17,30,10,-1,17.5,0.7,0.023,-1,13,35,-1,,,,0.08,,,,0,9,1,0.72,
"20-Fiber(+3T3,O2)",16,,10.17,30,10,-1,17.5,0.7,0.023,-1,13,35,-1,,,,0.08,,,,0,9,1,0.72,
"20-Fiber(+3T3,O2)",18,,10.17,30,10,-1,17.5,0.7,0.023,-1,13,35,-1,,,,0.08,,,,0,9,1,0.72,
"20-Fiber(+3T3,O2)",19,,10.17,30,10,-1,17.5,0.7,0.023,-1,13,35,-1,,,,0.08,,,,0,9,1,0.72,
"20-Fiber(+3T3,O2)",21,,10.17,30,10,-1,17.5,0.7,0.023,-1,13,35,-1,,,,0.08,,,,0,9,1,0.72,
"20-Fiber(+3T3,O2)",22,,10.17,30,10,-1,17.5,0.7,0.023,-1,13,35,-1,,,,0.08,,,,0,9,1,0.72,
"20-Fiber(+3T3,O2)",23,,10.17,30,10,-1,17.5,0.7,0.023,-1,13,35,-1,,,,0.08,,,,0,9,1,0.72,
"20-Fiber(+3T3,O2)",25,,10.17,30,10,-1,17.5,0.7,0.023,-1,13,35,-1,,,,0.08,,,,0,9,1,0.72,
"20-Fiber(+3T3,O2)",26,,10.17,30,10,-1,17.5,0.7,0.023,-1,13,35,-1,,,,0.08,,,,0,9,1,0.72,
"20-Fiber(+3T3,O2)",27,,10.17,30,10,-1,17.5,0.7,0.023,-1,13,35,-1,,,,0.08,,,,0,9,1,0.72,
21-H+E,1,,10,0.75,-1,-1,18,-1,-1,-1,-1,-1,-1,,,,,,,,0,6.14,2,7.5,37
21-H+E,2,,10,0.75,-1,-1,18,-1,-1,-1,-1,-1,-1,,,,,,,,0,6.14,2,7.5,37
21-H+E,5,,10,0.75,-1,-1,18,-1,-1,-1,-1,-1,-1,,,,,,,,0,6.14,2,7.5,37
21-H+E,7,,10,0.75,-1,-1,18,-1,-1,-1,-1,-1,-1,,,,,,,,0,6.14,2,7.5,37
21-H+E,9,,10,0.75,-1,-1,18,-1,-1,-1,-1,-1,-1,,,,,,,,0,6.14,2,7.5,37
21-H+E,10,,10,0.75,-1,-1,18,-1,-1,-1,-1,-1,-1,,,,,,,,0,6.14,2,7.5,37
21-H+E,11,,10,0.75,-1,-1,18,-1,-1,-1,-1,-1,-1,,,,,,,,0,6.14,2,7.5,37
21-H+E,12,,10,0.75,-1,-1,18,-1,-1,-1,-1,-1,-1,,,,,,,,0,6.14,2,7.5,37
21-H+E,13,,10,0.75,-1,-1,18,-1,-1,-1,-1,-1,-1,,,,,,,,0,6.14,2,7.5,37
21-H+E,15,,10,0.75,-1,-1,18,-1,-1,-1,-1,-1,-1,,,,,,,,0,6.14,2,7.5,37
21-H+E,16,,10,0.75,-1,-1,18,-1,-1,-1,-1,-1,-1,,,,,,,,0,6.14,2,7.5,37
21-H+E,17,,10,0.75,-1,-1,18,-1,-1,-1,-1,-1,-1,,,,,,,,0,6.14,2,7.5,37
21-H+E,18,,10,0.75,-1,-1,18,-1,-1,-1,-1,-1,-1,,,,,,,,0,6.14,2,7.5,37
21-H+E,19,,10,0.75,-1,-1,18,-1,-1,-1,-1,-1,-1,,,,,,,,0,6.14,2,7.5,37
21-H+M+E,1,,10.15,0.75,0.15,-1,18,-1,-1,-1,-1,-1,-1,,,,,,,,0,6.14,2,7.5,37
21-H+M+E,2,,10.15,0.75,0.15,-1,18,-1,-1,-1,-1,-1,-1,,,,,,,,0,6.14,2,7.5,37
21-H+M+E,5,,10.15,0.75,0.15,-1,18,-1,-1,-1,-1,-1,-1,,,,,,,,0,6.14,2,7.5,37
21-H+M+E,7,,10.15,0.75,0.15,-1,18,-1,-1,-1,-1,-1,-1,,,,,,,,0,6.14,2,7.5,37
21-H+M+E,9,,10.15,0.75,0.15,-1,18,-1,-1,-1,-1,-1,-1,,,,,,,,0,6.14,2,7.5,37
21-H+M+E,10,,10.15,0.75,0.15,-1,18,-1,-1,-1,-1,-1,-1,,,,,,,,0,6.14,2,7.5,37
21-H+M+E,11,,10.15,0.75,0.15,-1,18,-1,-1,-1,-1,-1,-1,,,,,,,,0,6.14,2,7.5,37
21-H+M+E,12,,10.15,0.75,0.15,-1,18,-1,-1,-1,-1,-1,-1,,,,,,,,0,6.14,2,7.5,37
21-H+M+E,13,,10.15,0.75,0.15,-1,18,-1,-1,-1,-1,-1,-1,,,,,,,,0,6.14,2,7.5,37
21-H+M+E,15,,10.15,0.75,0.15,-1,18,-1,-1,-1,-1,-1,-1,,,,,,,,0,6.14,2,7.5,37
21-H+M+E,16,,10.15,0.75,0.15,-1,18,-1,-1,-1,-1,-1,-1,,,,,,,,0,6.14,2,7.5,37
21-H+M+E,17,,10.15,0.75,0.15,-1,18,-1,-1,-1,-1,-1,-1,,,,,,,,0,6.14,2,7.5,37
21-H+M+E,18,,10.15,0.75,0.15,-1,18,-1,-1,-1,-1,-1,-1,,,,,,,,0,6.14,2,7.5,37
21-H+M+E,19,,10.15,0.75,0.15,-1,18,-1,-1,-1,-1,-1,-1,,,,,,,,0,6.14,2,7.5,37
22-3D,1,,10,0.5,-1,-1,5,0.165,-1,-1,-1,-1,-1,,,,,,,,0,14,7.4,37,
22-3D,4,,10,0.5,-1,-1,5,0.165,-1,-1,-1,-1,-1,,,,,,,,0,14,7.4,37,
22-3D,6,,10,0.5,-1,-1,5,0.165,-1,-1,-1,-1,-1,,,,,,,,0,14,7.4,37,
22-3D,8,,10,0.5,-1,-1,5,0.165,-1,-1,-1,-1,-1,,,,,,,,0,14,7.4,37,
22-3D,10,,10,0.5,-1,-1,5,0.165,-1,-1,-1,-1,-1,,,,,,,,0,14,7.4,37,
22-3D,12,,10,0.5,-1,-1,5,0.165,-1,-1,-1,-1,-1,,,,,,,,0,14,7.4,37,
22-3D,14,,10,0.5,-1,-1,5,0.165,-1,-1,-1,-1,-1,,,,,,,,0,14,7.4,37,
25-iMPH,1,,1,0.8,-1,-1,21,,-1,-1,-1,-1,-1,,,,,,,,0,,,,
25-iMPH,2,,1,0.8,-1,-1,21,,-1,-1,-1,-1,-1,,,,,,,,0,,,,
25-iMPH,3,,1,0.8,-1,-1,21,,-1,-1,-1,-1,-1,,,,,,,,0,,,,
25-iMPH,4,,1,0.8,-1,-1,21,,-1,-1,-1,-1,-1,,,,,,,,0,,,,
25-iMPH,5,,1,0.8,-1,-1,21,,-1,-1,-1,-1,-1,,,,,,,,0,,,,
25-iMPH,7,,1,0.8,-1,-1,21,,-1,-1,-1,-1,-1,,,,,,,,0,,,,
25-iMPH,9,,1,0.8,-1,-1,21,,-1,-1,-1,-1,-1,,,,,,,,0,,,,
25-iMPH,11,,1,0.8,-1,-1,21,,-1,-1,-1,-1,-1,,,,,,,,0,,,,
25-iMPH,13,,1,0.8,-1,-1,21,,-1,-1,-1,-1,-1,,,,,,,,0,,,,
25-iMPH,15,,1,0.8,-1,-1,21,,-1,-1,-1,-1,-1,,,,,,,,0,,,,
25-iMPH,17,,1,0.8,-1,-1,21,,-1,-1,-1,-1,-1,,,,,,,,0,,,,
25-iMPH,19,,1,0.8,-1,-1,21,,-1,-1,-1,-1,-1,,,,,,,,0,,,,
25-iMPH,21,,1,0.8,-1,-1,21,,-1,-1,-1,-1,-1,,,,,,,,0,,,,
25-iMPH,23,,1,0.8,-1,-1,21,,-1,-1,-1,-1,-1,,,,,,,,0,,,,
25-iMPH,25,,1,0.8,-1,-1,21,,-1,-1,-1,-1,-1,,,,,,,,0,,,,
25-iMPH,27,,1,0.8,-1,-1,21,,-1,-1,-1,-1,-1,,,,,,,,0,,,,
25-iMPCC,1,,1.21,0.8,0.4,-1,21,,-1,-1,-1,-1,-1,,,,,,,,0,,,,
25-iMPCC,2,,1.21,0.8,0.4,-1,21,,-1,-1,-1,-1,-1,,,,,,,,0,,,,
25-iMPCC,3,,1.21,0.8,0.4,-1,21,,-1,-1,-1,-1,-1,,,,,,,,0,,,,
25-iMPCC,4,,1.21,0.8,0.4,-1,21,,-1,-1,-1,-1,-1,,,,,,,,0,,,,
25-iMPCC,5,,1.21,0.8,0.4,-1,21,,-1,-1,-1,-1,-1,,,,,,,,0,,,,
25-iMPCC,7,,1.21,0.8,0.4,-1,21,,-1,-1,-1,-1,-1,,,,,,,,0,,,,
25-iMPCC,9,,1.21,0.8,0.4,-1,21,,-1,-1,-1,-1,-1,,,,,,,,0,,,,
25-iMPCC,11,,1.21,0.8,0.4,-1,21,,-1,-1,-1,-1,-1,,,,,,,,0,,,,
25-iMPCC,13,,1.21,0.8,0.4,-1,21,,-1,-1,-1,-1,-1,,,,,,,,0,,,,
25-iMPCC,15,,1.21,0.8,0.4,-1,21,,-1,-1,-1,-1,-1,,,,,,,,0,,,,
25-iMPCC,17,,1.21,0.8,0.4,-1,21,,-1,-1,-1,-1,-1,,,,,,,,0,,,,
25-iMPCC,19,,1.21,0.8,0.4,-1,21,,-1,-1,-1,-1,-1,,,,,,,,0,,,,
25-iMPCC,21,,1.21,0.8,0.4,-1,21,,-1,-1,-1,-1,-1,,,,,,,,0,,,,
25-iMPCC,23,,1.21,0.8,0.4,-1,21,,-1,-1,-1,-1,-1,,,,,,,,0,,,,
25-iMPCC,25,,1.21,0.8,0.4,-1,21,,-1,-1,-1,-1,-1,,,,,,,,0,,,,
25-iMPCC,27,,1.21,0.8,0.4,-1,21,,-1,-1,-1,-1,-1,,,,,,,,0,,,,
