Feature,Day,Albumin,Cell,Cell Seeding,Co-Cell Seeding,Spheroid-Dia,Tethered,Tethered Film,Modification,Flow Rate,Self-assembled
2-spheroid,18,0.003,19.0,0.025,-1.0,109.5,2,-1,-1.0,0,1
2-spheroid,21,0.004,19.0,0.025,-1.0,109.5,2,-1,-1.0,0,1
2-spheroid,24,0.003,19.0,0.025,-1.0,109.5,2,-1,-1.0,0,1
2-spheroid,27,0.003,19.0,0.025,-1.0,109.5,2,-1,-1.0,0,1
2-bioreactor,18,0.012,19.0,80.0,-1.0,109.5,2,-1,6.0,50,1
2-bioreactor,21,0.01,19.0,80.0,-1.0,109.5,2,-1,6.0,50,1
2-bioreactor,22,0.007,19.0,80.0,-1.0,109.5,2,-1,6.0,50,1
2-bioreactor,23,0.007,19.0,80.0,-1.0,109.5,2,-1,6.0,50,1
2-bioreactor,24,0.008,19.0,80.0,-1.0,109.5,2,-1,6.0,50,1
2-bioreactor,25,0.007,19.0,80.0,-1.0,109.5,2,-1,6.0,50,1
2-bioreactor,26,0.008,19.0,80.0,-1.0,109.5,2,-1,6.0,50,1
2-bioreactor,27,0.009,19.0,80.0,-1.0,109.5,2,-1,6.0,50,1
3-MPCC,3,24.727,6.21,0.1,0.3,,2,-1,-1.0,0,1
3-MPCC,15,19.636,6.21,0.1,0.3,,2,-1,-1.0,0,1
3-MPCC,29,25.091,6.21,0.1,0.3,,2,-1,-1.0,0,1
3-MPH,3,2.364,6.0,0.1,-1.0,,2,-1,-1.0,0,1
3-MPH,15,4.727,6.0,0.1,-1.0,,2,-1,-1.0,0,1
3-MPH,29,9.636,6.0,0.1,-1.0,,2,-1,-1.0,0,1
3-CC,3,6.727,6.0,1.0,-1.0,,2,-1,-1.0,0,1
3-CC,15,8.182,6.0,1.0,-1.0,,2,-1,-1.0,0,1
3-CC,29,10.0,6.0,1.0,-1.0,,2,-1,-1.0,0,1
3-RCC,3,5.636,6.21,1.0,3.0,,2,-1,-1.0,0,1
3-RCC,15,20.182,6.21,1.0,3.0,,2,-1,-1.0,0,1
3-RCC,29,24.727,6.21,1.0,3.0,,2,-1,-1.0,0,1
4-spheroid,3,26.435,8.0,0.0667,-1.0,,2,-1,-1.0,0,1
4-spheroid,5,10.783,8.0,0.0667,-1.0,,2,-1,-1.0,0,1
4-spheroid,7,12.522,8.0,0.0667,-1.0,,2,-1,-1.0,0,1
4-spheroid,10,15.826,8.0,0.0667,-1.0,,2,-1,-1.0,0,1
4-spheroid,12,6.435,8.0,0.0667,-1.0,,2,-1,-1.0,0,1
4-spheroid,14,4.522,8.0,0.0667,-1.0,,2,-1,-1.0,0,1
4-spheroid,17,4.522,8.0,0.0667,-1.0,,2,-1,-1.0,0,1
4-spheroid,19,5.739,8.0,0.0667,-1.0,,2,-1,-1.0,0,1
5-SCS,2,25.83,10.0,0.1,-1.0,,1,3,3.0,0,1
5-SCS,4,25.572,10.0,0.1,-1.0,,1,3,3.0,0,1
5-SCS,6,43.911,10.0,0.1,-1.0,,1,3,3.0,0,1
5-SCS,8,43.137,10.0,0.1,-1.0,,1,3,3.0,0,1
5-PCS,2,14.465,10.0,0.1,-1.0,,1,3,3.0,30,1
5-PCS,4,20.406,10.0,0.1,-1.0,,1,3,3.0,30,1
5-PCS,6,26.089,10.0,0.1,-1.0,,1,3,3.0,30,1
5-PCS,8,10.849,10.0,0.1,-1.0,,1,3,3.0,30,1
6-spheroid,2,3.055,8.0,0.18,-1.0,100.0,1,1,2.0,0,1
6-spheroid,3,4.364,8.0,0.18,-1.0,100.0,1,1,2.0,0,1
6-spheroid,5,5.073,8.0,0.18,-1.0,100.0,1,1,2.0,0,1
7-PET,1,281.579,10.0,0.1,-1.0,125.47,1,1,2.0,0,1
7-PET,3,521.053,10.0,0.1,-1.0,125.47,1,1,2.0,0,1
7-PET,5,616.842,10.0,0.1,-1.0,125.47,1,1,2.0,0,1
7-PET,7,712.632,10.0,0.1,-1.0,125.47,1,1,2.0,0,1
7-PS,1,137.895,10.0,0.1,-1.0,125.47,1,2,1.0,0,1
7-PS,3,584.912,10.0,0.1,-1.0,125.47,1,2,1.0,0,1
7-PS,5,616.842,10.0,0.1,-1.0,125.47,1,2,1.0,0,1
7-PS,7,760.526,10.0,0.1,-1.0,125.47,1,2,1.0,0,1
7-TS-PS,1,0.48,8.0,0.5,-1.0,118.36,1,2,1.0,0,1
7-TS-PS,2,0.783,8.0,0.5,-1.0,118.36,1,2,1.0,0,1
7-TS-PS,3,0.979,8.0,0.5,-1.0,118.36,1,2,1.0,0,1
7-TS-PS,4,1.477,8.0,0.5,-1.0,118.36,1,2,1.0,0,1
7-TS-PS,5,1.619,8.0,0.5,-1.0,118.36,1,2,1.0,0,1
7-TS-PS,6,3.06,8.0,0.5,-1.0,118.36,1,2,1.0,0,1
7-TS-PS,7,1.068,8.0,0.5,-1.0,118.36,1,2,1.0,0,1
9-donor B,3,1.542,8.0,0.2,-1.0,81.0,2,-1,-1.0,2500,1
9-donor B,4,4.687,8.0,0.2,-1.0,81.0,2,-1,-1.0,2500,1
9-donor B,6,6.855,8.0,0.2,-1.0,81.0,2,-1,-1.0,2500,1
9-donor B,7,6.422,8.0,0.2,-1.0,81.0,2,-1,-1.0,2500,1
9-donor B,8,7.94,8.0,0.2,-1.0,81.0,2,-1,-1.0,2500,1
9-donor B,10,6.855,8.0,0.2,-1.0,81.0,2,-1,-1.0,2500,1
9-donor B,11,9.892,8.0,0.2,-1.0,81.0,2,-1,-1.0,2500,1
9-donor B,12,9.024,8.0,0.2,-1.0,81.0,2,-1,-1.0,2500,1
9-donor B,13,9.892,8.0,0.2,-1.0,81.0,2,-1,-1.0,2500,1
10-Small,1,5.639,4.0,2.0,-1.0,195.0,2,-1,7.0,0,1
10-Medium,1,3.966,4.0,2.0,-1.0,320.0,2,-1,7.0,0,1
10-Large,1,2.521,4.0,2.0,-1.0,493.0,2,-1,7.0,0,1
10-Extra Large,1,2.315,4.0,4.0,-1.0,548.0,2,-1,7.0,0,1
11-spheroid,21,9.225,22.0,1.0,-1.0,100.0,2,-1,-1.0,0,1
12-spheroid,7,0.049,8.0,0.6,-1.0,200.0,2,-1,8.0,800,1
12-spheroid,8,0.739,8.0,0.6,-1.0,200.0,2,-1,8.0,800,1
12-spheroid,9,0.585,8.0,0.6,-1.0,200.0,2,-1,8.0,800,1
12-spheroid,10,0.772,8.0,0.6,-1.0,200.0,2,-1,8.0,800,1
12-spheroid,12,0.632,8.0,0.6,-1.0,200.0,2,-1,8.0,800,1
12-spheroid,13,1.015,8.0,0.6,-1.0,200.0,2,-1,8.0,800,1
12-spheroid,14,0.735,8.0,0.6,-1.0,200.0,2,-1,8.0,800,1
12-spheroid,15,0.585,8.0,0.6,-1.0,200.0,2,-1,8.0,800,1
12-spheroid,16,0.622,8.0,0.6,-1.0,200.0,2,-1,8.0,800,1
12-spheroid,17,0.604,8.0,0.6,-1.0,200.0,2,-1,8.0,800,1
12-spheroid,18,0.533,8.0,0.6,-1.0,200.0,2,-1,8.0,800,1
12-spheroid,21,0.571,8.0,0.6,-1.0,200.0,2,-1,8.0,800,1
12-spheroid,23,0.505,8.0,0.6,-1.0,200.0,2,-1,8.0,800,1
12-spheroid,25,0.332,8.0,0.6,-1.0,200.0,2,-1,8.0,800,1
13-5C,1,2.84,8.0,0.015,-1.0,,2,-1,4.0,0,1
13-5C,3,3.023,8.0,0.015,-1.0,,2,-1,4.0,0,1
13-5C,9,3.518,8.0,0.015,-1.0,,2,-1,4.0,0,1
13-5C,12,5.42,8.0,0.015,-1.0,,2,-1,4.0,0,1
13-5C,15,4.664,8.0,0.015,-1.0,,2,-1,4.0,0,1
13-5C,18,3.883,8.0,0.015,-1.0,,2,-1,4.0,0,1
13-5C,22,2.814,8.0,0.015,-1.0,,2,-1,4.0,0,1
13-5C,25,3.674,8.0,0.015,-1.0,,2,-1,4.0,0,1
13-5C,29,3.257,8.0,0.015,-1.0,,2,-1,4.0,0,1
13-3D,9,5.524,8.0,0.015,-1.0,,2,-1,-1.0,0,1
13-3D,12,6.932,8.0,0.015,-1.0,,2,-1,-1.0,0,1
13-3D,15,4.456,8.0,0.015,-1.0,,2,-1,-1.0,0,1
13-3D,18,3.857,8.0,0.015,-1.0,,2,-1,-1.0,0,1
13-3D,22,3.883,8.0,0.015,-1.0,,2,-1,-1.0,0,1
13-3D,25,3.205,8.0,0.015,-1.0,,2,-1,-1.0,0,1
13-3D,29,3.205,8.0,0.015,-1.0,,2,-1,-1.0,0,1
c5-static co,3,58.516,8.24,1.0,0.25,150.0,2,-1,-1.0,0,1
c5-static co,7,14.4,8.24,1.0,0.25,150.0,2,-1,-1.0,0,1
c17-spheroid,2,23.251,10.0,0.1,-1.0,,1,3,3.9,0,1
c17-spheroid,4,31.921,10.0,0.1,-1.0,,1,3,3.9,0,1
c17-spheroid,6,27.98,10.0,0.1,-1.0,,1,3,3.9,0,1
c17-spheroid,8,16.158,10.0,0.1,-1.0,,1,3,3.9,0,1
c17-spheroid,12,9.852,10.0,0.1,-1.0,,1,3,3.9,0,1
c17-spheroid,14,4.729,10.0,0.1,-1.0,,1,3,3.9,0,1
2-spheroid,1,,19.0,0.025,-1.0,109.5,2,-1,-1.0,0,1
2-spheroid,2,,19.0,0.025,-1.0,109.5,2,-1,-1.0,0,1
2-spheroid,3,,19.0,0.025,-1.0,109.5,2,-1,-1.0,0,1
2-spheroid,4,,19.0,0.025,-1.0,109.5,2,-1,-1.0,0,1
2-spheroid,5,,19.0,0.025,-1.0,109.5,2,-1,-1.0,0,1
2-spheroid,6,,19.0,0.025,-1.0,109.5,2,-1,-1.0,0,1
2-spheroid,7,,19.0,0.025,-1.0,109.5,2,-1,-1.0,0,1
2-spheroid,8,,19.0,0.025,-1.0,109.5,2,-1,-1.0,0,1
2-spheroid,9,,19.0,0.025,-1.0,109.5,2,-1,-1.0,0,1
2-spheroid,10,,19.0,0.025,-1.0,109.5,2,-1,-1.0,0,1
2-spheroid,11,,19.0,0.025,-1.0,109.5,2,-1,-1.0,0,1
2-spheroid,12,,19.0,0.025,-1.0,109.5,2,-1,-1.0,0,1
2-spheroid,13,,19.0,0.025,-1.0,109.5,2,-1,-1.0,0,1
2-spheroid,14,,19.0,0.025,-1.0,109.5,2,-1,-1.0,0,1
2-spheroid,15,,19.0,0.025,-1.0,109.5,2,-1,-1.0,0,1
2-spheroid,16,,19.0,0.025,-1.0,109.5,2,-1,-1.0,0,1
2-spheroid,17,,19.0,0.025,-1.0,109.5,2,-1,-1.0,0,1
2-spheroid,19,,19.0,0.025,-1.0,109.5,2,-1,-1.0,0,1
2-spheroid,20,,19.0,0.025,-1.0,109.5,2,-1,-1.0,0,1
2-spheroid,22,,19.0,0.025,-1.0,109.5,2,-1,-1.0,0,1
2-spheroid,23,,19.0,0.025,-1.0,109.5,2,-1,-1.0,0,1
2-spheroid,25,,19.0,0.025,-1.0,109.5,2,-1,-1.0,0,1
2-spheroid,26,,19.0,0.025,-1.0,109.5,2,-1,-1.0,0,1
2-spheroid,28,,19.0,0.025,-1.0,109.5,2,-1,-1.0,0,1
2-spheroid,29,,19.0,0.025,-1.0,109.5,2,-1,-1.0,0,1
2-spheroid,30,,19.0,0.025,-1.0,109.5,2,-1,-1.0,0,1
2-spheroid,31,,19.0,0.025,-1.0,109.5,2,-1,-1.0,0,1
2-spheroid,32,,19.0,0.025,-1.0,109.5,2,-1,-1.0,0,1
2-spheroid,33,,19.0,0.025,-1.0,109.5,2,-1,-1.0,0,1
2-spheroid,34,,19.0,0.025,-1.0,109.5,2,-1,-1.0,0,1
2-spheroid,35,,19.0,0.025,-1.0,109.5,2,-1,-1.0,0,1
2-spheroid,36,,19.0,0.025,-1.0,109.5,2,-1,-1.0,0,1
2-spheroid,37,,19.0,0.025,-1.0,109.5,2,-1,-1.0,0,1
2-spheroid,38,,19.0,0.025,-1.0,109.5,2,-1,-1.0,0,1
2-spheroid,39,,19.0,0.025,-1.0,109.5,2,-1,-1.0,0,1
2-spheroid,40,,19.0,0.025,-1.0,109.5,2,-1,-1.0,0,1
2-spheroid,41,,19.0,0.025,-1.0,109.5,2,-1,-1.0,0,1
2-spheroid,42,,19.0,0.025,-1.0,109.5,2,-1,-1.0,0,1
2-spheroid,43,,19.0,0.025,-1.0,109.5,2,-1,-1.0,0,1
2-spheroid,44,,19.0,0.025,-1.0,109.5,2,-1,-1.0,0,1
2-spheroid,45,,19.0,0.025,-1.0,109.5,2,-1,-1.0,0,1
2-spheroid,46,,19.0,0.025,-1.0,109.5,2,-1,-1.0,0,1
2-spheroid,47,,19.0,0.025,-1.0,109.5,2,-1,-1.0,0,1
2-spheroid,48,,19.0,0.025,-1.0,109.5,2,-1,-1.0,0,1
2-spheroid,49,,19.0,0.025,-1.0,109.5,2,-1,-1.0,0,1
2-spheroid,50,,19.0,0.025,-1.0,109.5,2,-1,-1.0,0,1
2-spheroid,51,,19.0,0.025,-1.0,109.5,2,-1,-1.0,0,1
2-spheroid,52,,19.0,0.025,-1.0,109.5,2,-1,-1.0,0,1
2-spheroid,53,,19.0,0.025,-1.0,109.5,2,-1,-1.0,0,1
2-spheroid,54,,19.0,0.025,-1.0,109.5,2,-1,-1.0,0,1
2-spheroid,55,,19.0,0.025,-1.0,109.5,2,-1,-1.0,0,1
2-spheroid,56,,19.0,0.025,-1.0,109.5,2,-1,-1.0,0,1
2-spheroid,57,,19.0,0.025,-1.0,109.5,2,-1,-1.0,0,1
2-spheroid,58,,19.0,0.025,-1.0,109.5,2,-1,-1.0,0,1
2-spheroid,59,,19.0,0.025,-1.0,109.5,2,-1,-1.0,0,1
2-spheroid,60,,19.0,0.025,-1.0,109.5,2,-1,-1.0,0,1
2-bioreactor,1,,19.0,80.0,-1.0,109.5,2,-1,6.0,50,1
2-bioreactor,2,,19.0,80.0,-1.0,109.5,2,-1,6.0,50,1
2-bioreactor,3,,19.0,80.0,-1.0,109.5,2,-1,6.0,50,1
2-bioreactor,4,,19.0,80.0,-1.0,109.5,2,-1,6.0,50,1
2-bioreactor,5,,19.0,80.0,-1.0,109.5,2,-1,6.0,50,1
2-bioreactor,6,,19.0,80.0,-1.0,109.5,2,-1,6.0,50,1
2-bioreactor,7,,19.0,80.0,-1.0,109.5,2,-1,6.0,50,1
2-bioreactor,8,,19.0,80.0,-1.0,109.5,2,-1,6.0,50,1
2-bioreactor,9,,19.0,80.0,-1.0,109.5,2,-1,6.0,50,1
2-bioreactor,10,,19.0,80.0,-1.0,109.5,2,-1,6.0,50,1
2-bioreactor,11,,19.0,80.0,-1.0,109.5,2,-1,6.0,50,1
2-bioreactor,12,,19.0,80.0,-1.0,109.5,2,-1,6.0,50,1
2-bioreactor,13,,19.0,80.0,-1.0,109.5,2,-1,6.0,50,1
2-bioreactor,14,,19.0,80.0,-1.0,109.5,2,-1,6.0,50,1
2-bioreactor,15,,19.0,80.0,-1.0,109.5,2,-1,6.0,50,1
2-bioreactor,16,,19.0,80.0,-1.0,109.5,2,-1,6.0,50,1
2-bioreactor,17,,19.0,80.0,-1.0,109.5,2,-1,6.0,50,1
2-bioreactor,19,,19.0,80.0,-1.0,109.5,2,-1,6.0,50,1
2-bioreactor,20,,19.0,80.0,-1.0,109.5,2,-1,6.0,50,1
2-bioreactor,28,,19.0,80.0,-1.0,109.5,2,-1,6.0,50,1
2-bioreactor,29,,19.0,80.0,-1.0,109.5,2,-1,6.0,50,1
2-bioreactor,30,,19.0,80.0,-1.0,109.5,2,-1,6.0,50,1
2-bioreactor,31,,19.0,80.0,-1.0,109.5,2,-1,6.0,50,1
2-bioreactor,32,,19.0,80.0,-1.0,109.5,2,-1,6.0,50,1
2-bioreactor,33,,19.0,80.0,-1.0,109.5,2,-1,6.0,50,1
2-bioreactor,34,,19.0,80.0,-1.0,109.5,2,-1,6.0,50,1
2-bioreactor,35,,19.0,80.0,-1.0,109.5,2,-1,6.0,50,1
2-bioreactor,36,,19.0,80.0,-1.0,109.5,2,-1,6.0,50,1
2-bioreactor,37,,19.0,80.0,-1.0,109.5,2,-1,6.0,50,1
2-bioreactor,38,,19.0,80.0,-1.0,109.5,2,-1,6.0,50,1
2-bioreactor,39,,19.0,80.0,-1.0,109.5,2,-1,6.0,50,1
2-bioreactor,40,,19.0,80.0,-1.0,109.5,2,-1,6.0,50,1
2-bioreactor,41,,19.0,80.0,-1.0,109.5,2,-1,6.0,50,1
2-bioreactor,42,,19.0,80.0,-1.0,109.5,2,-1,6.0,50,1
2-bioreactor,43,,19.0,80.0,-1.0,109.5,2,-1,6.0,50,1
2-bioreactor,44,,19.0,80.0,-1.0,109.5,2,-1,6.0,50,1
2-bioreactor,45,,19.0,80.0,-1.0,109.5,2,-1,6.0,50,1
2-bioreactor,46,,19.0,80.0,-1.0,109.5,2,-1,6.0,50,1
2-bioreactor,47,,19.0,80.0,-1.0,109.5,2,-1,6.0,50,1
2-bioreactor,48,,19.0,80.0,-1.0,109.5,2,-1,6.0,50,1
2-bioreactor,49,,19.0,80.0,-1.0,109.5,2,-1,6.0,50,1
2-bioreactor,50,,19.0,80.0,-1.0,109.5,2,-1,6.0,50,1
2-bioreactor,51,,19.0,80.0,-1.0,109.5,2,-1,6.0,50,1
2-bioreactor,52,,19.0,80.0,-1.0,109.5,2,-1,6.0,50,1
2-bioreactor,53,,19.0,80.0,-1.0,109.5,2,-1,6.0,50,1
2-bioreactor,54,,19.0,80.0,-1.0,109.5,2,-1,6.0,50,1
2-bioreactor,55,,19.0,80.0,-1.0,109.5,2,-1,6.0,50,1
2-bioreactor,56,,19.0,80.0,-1.0,109.5,2,-1,6.0,50,1
2-bioreactor,57,,19.0,80.0,-1.0,109.5,2,-1,6.0,50,1
2-bioreactor,58,,19.0,80.0,-1.0,109.5,2,-1,6.0,50,1
2-bioreactor,59,,19.0,80.0,-1.0,109.5,2,-1,6.0,50,1
2-bioreactor,60,,19.0,80.0,-1.0,109.5,2,-1,6.0,50,1
3-MPCC,1,,6.21,0.1,0.3,,2,-1,-1.0,0,1
3-MPCC,2,,6.21,0.1,0.3,,2,-1,-1.0,0,1
3-MPCC,4,,6.21,0.1,0.3,,2,-1,-1.0,0,1
3-MPCC,5,,6.21,0.1,0.3,,2,-1,-1.0,0,1
3-MPCC,6,,6.21,0.1,0.3,,2,-1,-1.0,0,1
3-MPCC,7,,6.21,0.1,0.3,,2,-1,-1.0,0,1
3-MPCC,8,,6.21,0.1,0.3,,2,-1,-1.0,0,1
3-MPCC,9,,6.21,0.1,0.3,,2,-1,-1.0,0,1
3-MPCC,10,,6.21,0.1,0.3,,2,-1,-1.0,0,1
3-MPCC,11,,6.21,0.1,0.3,,2,-1,-1.0,0,1
3-MPCC,12,,6.21,0.1,0.3,,2,-1,-1.0,0,1
3-MPCC,13,,6.21,0.1,0.3,,2,-1,-1.0,0,1
3-MPCC,14,,6.21,0.1,0.3,,2,-1,-1.0,0,1
3-MPCC,16,,6.21,0.1,0.3,,2,-1,-1.0,0,1
3-MPCC,17,,6.21,0.1,0.3,,2,-1,-1.0,0,1
3-MPCC,18,,6.21,0.1,0.3,,2,-1,-1.0,0,1
3-MPCC,19,,6.21,0.1,0.3,,2,-1,-1.0,0,1
3-MPCC,20,,6.21,0.1,0.3,,2,-1,-1.0,0,1
3-MPCC,21,,6.21,0.1,0.3,,2,-1,-1.0,0,1
3-MPCC,22,,6.21,0.1,0.3,,2,-1,-1.0,0,1
3-MPCC,23,,6.21,0.1,0.3,,2,-1,-1.0,0,1
3-MPCC,24,,6.21,0.1,0.3,,2,-1,-1.0,0,1
3-MPCC,25,,6.21,0.1,0.3,,2,-1,-1.0,0,1
3-MPCC,26,,6.21,0.1,0.3,,2,-1,-1.0,0,1
3-MPCC,27,,6.21,0.1,0.3,,2,-1,-1.0,0,1
3-MPCC,28,,6.21,0.1,0.3,,2,-1,-1.0,0,1
3-MPCC,30,,6.21,0.1,0.3,,2,-1,-1.0,0,1
3-MPCC,31,,6.21,0.1,0.3,,2,-1,-1.0,0,1
3-MPCC,32,,6.21,0.1,0.3,,2,-1,-1.0,0,1
3-MPCC,33,,6.21,0.1,0.3,,2,-1,-1.0,0,1
3-MPCC,34,,6.21,0.1,0.3,,2,-1,-1.0,0,1
3-MPCC,35,,6.21,0.1,0.3,,2,-1,-1.0,0,1
3-MPCC,36,,6.21,0.1,0.3,,2,-1,-1.0,0,1
3-MPCC,37,,6.21,0.1,0.3,,2,-1,-1.0,0,1
3-MPCC,38,,6.21,0.1,0.3,,2,-1,-1.0,0,1
3-MPCC,39,,6.21,0.1,0.3,,2,-1,-1.0,0,1
3-MPCC,40,,6.21,0.1,0.3,,2,-1,-1.0,0,1
3-MPCC,41,,6.21,0.1,0.3,,2,-1,-1.0,0,1
3-MPCC,42,,6.21,0.1,0.3,,2,-1,-1.0,0,1
3-MPCC,43,,6.21,0.1,0.3,,2,-1,-1.0,0,1
3-MPCC,44,,6.21,0.1,0.3,,2,-1,-1.0,0,1
3-MPCC,45,,6.21,0.1,0.3,,2,-1,-1.0,0,1
3-MPCC,46,,6.21,0.1,0.3,,2,-1,-1.0,0,1
3-MPCC,47,,6.21,0.1,0.3,,2,-1,-1.0,0,1
3-MPCC,48,,6.21,0.1,0.3,,2,-1,-1.0,0,1
3-MPCC,49,,6.21,0.1,0.3,,2,-1,-1.0,0,1
3-MPCC,50,,6.21,0.1,0.3,,2,-1,-1.0,0,1
3-MPCC,51,,6.21,0.1,0.3,,2,-1,-1.0,0,1
3-MPCC,52,,6.21,0.1,0.3,,2,-1,-1.0,0,1
3-MPCC,53,,6.21,0.1,0.3,,2,-1,-1.0,0,1
3-MPCC,54,,6.21,0.1,0.3,,2,-1,-1.0,0,1
3-MPCC,55,,6.21,0.1,0.3,,2,-1,-1.0,0,1
3-MPCC,56,,6.21,0.1,0.3,,2,-1,-1.0,0,1
3-MPCC,57,,6.21,0.1,0.3,,2,-1,-1.0,0,1
3-MPCC,58,,6.21,0.1,0.3,,2,-1,-1.0,0,1
3-MPCC,59,,6.21,0.1,0.3,,2,-1,-1.0,0,1
3-MPCC,60,,6.21,0.1,0.3,,2,-1,-1.0,0,1
3-MPH,1,,6.0,0.1,-1.0,,2,-1,-1.0,0,1
3-MPH,2,,6.0,0.1,-1.0,,2,-1,-1.0,0,1
3-MPH,4,,6.0,0.1,-1.0,,2,-1,-1.0,0,1
3-MPH,5,,6.0,0.1,-1.0,,2,-1,-1.0,0,1
3-MPH,6,,6.0,0.1,-1.0,,2,-1,-1.0,0,1
3-MPH,7,,6.0,0.1,-1.0,,2,-1,-1.0,0,1
3-MPH,8,,6.0,0.1,-1.0,,2,-1,-1.0,0,1
3-MPH,9,,6.0,0.1,-1.0,,2,-1,-1.0,0,1
3-MPH,10,,6.0,0.1,-1.0,,2,-1,-1.0,0,1
3-MPH,11,,6.0,0.1,-1.0,,2,-1,-1.0,0,1
3-MPH,12,,6.0,0.1,-1.0,,2,-1,-1.0,0,1
3-MPH,13,,6.0,0.1,-1.0,,2,-1,-1.0,0,1
3-MPH,14,,6.0,0.1,-1.0,,2,-1,-1.0,0,1
3-MPH,16,,6.0,0.1,-1.0,,2,-1,-1.0,0,1
3-MPH,17,,6.0,0.1,-1.0,,2,-1,-1.0,0,1
3-MPH,18,,6.0,0.1,-1.0,,2,-1,-1.0,0,1
3-MPH,19,,6.0,0.1,-1.0,,2,-1,-1.0,0,1
3-MPH,20,,6.0,0.1,-1.0,,2,-1,-1.0,0,1
3-MPH,21,,6.0,0.1,-1.0,,2,-1,-1.0,0,1
3-MPH,22,,6.0,0.1,-1.0,,2,-1,-1.0,0,1
3-MPH,23,,6.0,0.1,-1.0,,2,-1,-1.0,0,1
3-MPH,24,,6.0,0.1,-1.0,,2,-1,-1.0,0,1
3-MPH,25,,6.0,0.1,-1.0,,2,-1,-1.0,0,1
3-MPH,26,,6.0,0.1,-1.0,,2,-1,-1.0,0,1
3-MPH,27,,6.0,0.1,-1.0,,2,-1,-1.0,0,1
3-MPH,28,,6.0,0.1,-1.0,,2,-1,-1.0,0,1
3-MPH,30,,6.0,0.1,-1.0,,2,-1,-1.0,0,1
3-MPH,31,,6.0,0.1,-1.0,,2,-1,-1.0,0,1
3-MPH,32,,6.0,0.1,-1.0,,2,-1,-1.0,0,1
3-MPH,33,,6.0,0.1,-1.0,,2,-1,-1.0,0,1
3-MPH,34,,6.0,0.1,-1.0,,2,-1,-1.0,0,1
3-MPH,35,,6.0,0.1,-1.0,,2,-1,-1.0,0,1
3-MPH,36,,6.0,0.1,-1.0,,2,-1,-1.0,0,1
3-MPH,37,,6.0,0.1,-1.0,,2,-1,-1.0,0,1
3-MPH,38,,6.0,0.1,-1.0,,2,-1,-1.0,0,1
3-MPH,39,,6.0,0.1,-1.0,,2,-1,-1.0,0,1
3-MPH,40,,6.0,0.1,-1.0,,2,-1,-1.0,0,1
3-MPH,41,,6.0,0.1,-1.0,,2,-1,-1.0,0,1
3-MPH,42,,6.0,0.1,-1.0,,2,-1,-1.0,0,1
3-MPH,43,,6.0,0.1,-1.0,,2,-1,-1.0,0,1
3-MPH,44,,6.0,0.1,-1.0,,2,-1,-1.0,0,1
3-MPH,45,,6.0,0.1,-1.0,,2,-1,-1.0,0,1
3-MPH,46,,6.0,0.1,-1.0,,2,-1,-1.0,0,1
3-MPH,47,,6.0,0.1,-1.0,,2,-1,-1.0,0,1
3-MPH,48,,6.0,0.1,-1.0,,2,-1,-1.0,0,1
3-MPH,49,,6.0,0.1,-1.0,,2,-1,-1.0,0,1
3-MPH,50,,6.0,0.1,-1.0,,2,-1,-1.0,0,1
3-MPH,51,,6.0,0.1,-1.0,,2,-1,-1.0,0,1
3-MPH,52,,6.0,0.1,-1.0,,2,-1,-1.0,0,1
3-MPH,53,,6.0,0.1,-1.0,,2,-1,-1.0,0,1
3-MPH,54,,6.0,0.1,-1.0,,2,-1,-1.0,0,1
3-MPH,55,,6.0,0.1,-1.0,,2,-1,-1.0,0,1
3-MPH,56,,6.0,0.1,-1.0,,2,-1,-1.0,0,1
3-MPH,57,,6.0,0.1,-1.0,,2,-1,-1.0,0,1
3-MPH,58,,6.0,0.1,-1.0,,2,-1,-1.0,0,1
3-MPH,59,,6.0,0.1,-1.0,,2,-1,-1.0,0,1
3-MPH,60,,6.0,0.1,-1.0,,2,-1,-1.0,0,1
3-CC,1,,6.0,1.0,-1.0,,2,-1,-1.0,0,1
3-CC,2,,6.0,1.0,-1.0,,2,-1,-1.0,0,1
3-CC,4,,6.0,1.0,-1.0,,2,-1,-1.0,0,1
3-CC,5,,6.0,1.0,-1.0,,2,-1,-1.0,0,1
3-CC,6,,6.0,1.0,-1.0,,2,-1,-1.0,0,1
3-CC,7,,6.0,1.0,-1.0,,2,-1,-1.0,0,1
3-CC,8,,6.0,1.0,-1.0,,2,-1,-1.0,0,1
3-CC,9,,6.0,1.0,-1.0,,2,-1,-1.0,0,1
3-CC,10,,6.0,1.0,-1.0,,2,-1,-1.0,0,1
3-CC,11,,6.0,1.0,-1.0,,2,-1,-1.0,0,1
3-CC,12,,6.0,1.0,-1.0,,2,-1,-1.0,0,1
3-CC,13,,6.0,1.0,-1.0,,2,-1,-1.0,0,1
3-CC,14,,6.0,1.0,-1.0,,2,-1,-1.0,0,1
3-CC,16,,6.0,1.0,-1.0,,2,-1,-1.0,0,1
3-CC,17,,6.0,1.0,-1.0,,2,-1,-1.0,0,1
3-CC,18,,6.0,1.0,-1.0,,2,-1,-1.0,0,1
3-CC,19,,6.0,1.0,-1.0,,2,-1,-1.0,0,1
3-CC,20,,6.0,1.0,-1.0,,2,-1,-1.0,0,1
3-CC,21,,6.0,1.0,-1.0,,2,-1,-1.0,0,1
3-CC,22,,6.0,1.0,-1.0,,2,-1,-1.0,0,1
3-CC,23,,6.0,1.0,-1.0,,2,-1,-1.0,0,1
3-CC,24,,6.0,1.0,-1.0,,2,-1,-1.0,0,1
3-CC,25,,6.0,1.0,-1.0,,2,-1,-1.0,0,1
3-CC,26,,6.0,1.0,-1.0,,2,-1,-1.0,0,1
3-CC,27,,6.0,1.0,-1.0,,2,-1,-1.0,0,1
3-CC,28,,6.0,1.0,-1.0,,2,-1,-1.0,0,1
3-CC,30,,6.0,1.0,-1.0,,2,-1,-1.0,0,1
3-CC,31,,6.0,1.0,-1.0,,2,-1,-1.0,0,1
3-CC,32,,6.0,1.0,-1.0,,2,-1,-1.0,0,1
3-CC,33,,6.0,1.0,-1.0,,2,-1,-1.0,0,1
3-CC,34,,6.0,1.0,-1.0,,2,-1,-1.0,0,1
3-CC,35,,6.0,1.0,-1.0,,2,-1,-1.0,0,1
3-CC,36,,6.0,1.0,-1.0,,2,-1,-1.0,0,1
3-CC,37,,6.0,1.0,-1.0,,2,-1,-1.0,0,1
3-CC,38,,6.0,1.0,-1.0,,2,-1,-1.0,0,1
3-CC,39,,6.0,1.0,-1.0,,2,-1,-1.0,0,1
3-CC,40,,6.0,1.0,-1.0,,2,-1,-1.0,0,1
3-CC,41,,6.0,1.0,-1.0,,2,-1,-1.0,0,1
3-CC,42,,6.0,1.0,-1.0,,2,-1,-1.0,0,1
3-CC,43,,6.0,1.0,-1.0,,2,-1,-1.0,0,1
3-CC,44,,6.0,1.0,-1.0,,2,-1,-1.0,0,1
3-CC,45,,6.0,1.0,-1.0,,2,-1,-1.0,0,1
3-CC,46,,6.0,1.0,-1.0,,2,-1,-1.0,0,1
3-CC,47,,6.0,1.0,-1.0,,2,-1,-1.0,0,1
3-CC,48,,6.0,1.0,-1.0,,2,-1,-1.0,0,1
3-CC,49,,6.0,1.0,-1.0,,2,-1,-1.0,0,1
3-CC,50,,6.0,1.0,-1.0,,2,-1,-1.0,0,1
3-CC,51,,6.0,1.0,-1.0,,2,-1,-1.0,0,1
3-CC,52,,6.0,1.0,-1.0,,2,-1,-1.0,0,1
3-CC,53,,6.0,1.0,-1.0,,2,-1,-1.0,0,1
3-CC,54,,6.0,1.0,-1.0,,2,-1,-1.0,0,1
3-CC,55,,6.0,1.0,-1.0,,2,-1,-1.0,0,1
3-CC,56,,6.0,1.0,-1.0,,2,-1,-1.0,0,1
3-CC,57,,6.0,1.0,-1.0,,2,-1,-1.0,0,1
3-CC,58,,6.0,1.0,-1.0,,2,-1,-1.0,0,1
3-CC,59,,6.0,1.0,-1.0,,2,-1,-1.0,0,1
3-CC,60,,6.0,1.0,-1.0,,2,-1,-1.0,0,1
3-RCC,1,,6.21,1.0,3.0,,2,-1,-1.0,0,1
3-RCC,2,,6.21,1.0,3.0,,2,-1,-1.0,0,1
3-RCC,4,,6.21,1.0,3.0,,2,-1,-1.0,0,1
3-RCC,5,,6.21,1.0,3.0,,2,-1,-1.0,0,1
3-RCC,6,,6.21,1.0,3.0,,2,-1,-1.0,0,1
3-RCC,7,,6.21,1.0,3.0,,2,-1,-1.0,0,1
3-RCC,8,,6.21,1.0,3.0,,2,-1,-1.0,0,1
3-RCC,9,,6.21,1.0,3.0,,2,-1,-1.0,0,1
3-RCC,10,,6.21,1.0,3.0,,2,-1,-1.0,0,1
3-RCC,11,,6.21,1.0,3.0,,2,-1,-1.0,0,1
3-RCC,12,,6.21,1.0,3.0,,2,-1,-1.0,0,1
3-RCC,13,,6.21,1.0,3.0,,2,-1,-1.0,0,1
3-RCC,14,,6.21,1.0,3.0,,2,-1,-1.0,0,1
3-RCC,16,,6.21,1.0,3.0,,2,-1,-1.0,0,1
3-RCC,17,,6.21,1.0,3.0,,2,-1,-1.0,0,1
3-RCC,18,,6.21,1.0,3.0,,2,-1,-1.0,0,1
3-RCC,19,,6.21,1.0,3.0,,2,-1,-1.0,0,1
3-RCC,20,,6.21,1.0,3.0,,2,-1,-1.0,0,1
3-RCC,21,,6.21,1.0,3.0,,2,-1,-1.0,0,1
3-RCC,22,,6.21,1.0,3.0,,2,-1,-1.0,0,1
3-RCC,23,,6.21,1.0,3.0,,2,-1,-1.0,0,1
3-RCC,24,,6.21,1.0,3.0,,2,-1,-1.0,0,1
3-RCC,25,,6.21,1.0,3.0,,2,-1,-1.0,0,1
3-RCC,26,,6.21,1.0,3.0,,2,-1,-1.0,0,1
3-RCC,27,,6.21,1.0,3.0,,2,-1,-1.0,0,1
3-RCC,28,,6.21,1.0,3.0,,2,-1,-1.0,0,1
3-RCC,30,,6.21,1.0,3.0,,2,-1,-1.0,0,1
3-RCC,31,,6.21,1.0,3.0,,2,-1,-1.0,0,1
3-RCC,32,,6.21,1.0,3.0,,2,-1,-1.0,0,1
3-RCC,33,,6.21,1.0,3.0,,2,-1,-1.0,0,1
3-RCC,34,,6.21,1.0,3.0,,2,-1,-1.0,0,1
3-RCC,35,,6.21,1.0,3.0,,2,-1,-1.0,0,1
3-RCC,36,,6.21,1.0,3.0,,2,-1,-1.0,0,1
3-RCC,37,,6.21,1.0,3.0,,2,-1,-1.0,0,1
3-RCC,38,,6.21,1.0,3.0,,2,-1,-1.0,0,1
3-RCC,39,,6.21,1.0,3.0,,2,-1,-1.0,0,1
3-RCC,40,,6.21,1.0,3.0,,2,-1,-1.0,0,1
3-RCC,41,,6.21,1.0,3.0,,2,-1,-1.0,0,1
3-RCC,42,,6.21,1.0,3.0,,2,-1,-1.0,0,1
3-RCC,43,,6.21,1.0,3.0,,2,-1,-1.0,0,1
3-RCC,44,,6.21,1.0,3.0,,2,-1,-1.0,0,1
3-RCC,45,,6.21,1.0,3.0,,2,-1,-1.0,0,1
3-RCC,46,,6.21,1.0,3.0,,2,-1,-1.0,0,1
3-RCC,47,,6.21,1.0,3.0,,2,-1,-1.0,0,1
3-RCC,48,,6.21,1.0,3.0,,2,-1,-1.0,0,1
3-RCC,49,,6.21,1.0,3.0,,2,-1,-1.0,0,1
3-RCC,50,,6.21,1.0,3.0,,2,-1,-1.0,0,1
3-RCC,51,,6.21,1.0,3.0,,2,-1,-1.0,0,1
3-RCC,52,,6.21,1.0,3.0,,2,-1,-1.0,0,1
3-RCC,53,,6.21,1.0,3.0,,2,-1,-1.0,0,1
3-RCC,54,,6.21,1.0,3.0,,2,-1,-1.0,0,1
3-RCC,55,,6.21,1.0,3.0,,2,-1,-1.0,0,1
3-RCC,56,,6.21,1.0,3.0,,2,-1,-1.0,0,1
3-RCC,57,,6.21,1.0,3.0,,2,-1,-1.0,0,1
3-RCC,58,,6.21,1.0,3.0,,2,-1,-1.0,0,1
3-RCC,59,,6.21,1.0,3.0,,2,-1,-1.0,0,1
3-RCC,60,,6.21,1.0,3.0,,2,-1,-1.0,0,1
4-spheroid,1,,8.0,0.0667,-1.0,,2,-1,-1.0,0,1
4-spheroid,2,,8.0,0.0667,-1.0,,2,-1,-1.0,0,1
4-spheroid,4,,8.0,0.0667,-1.0,,2,-1,-1.0,0,1
4-spheroid,6,,8.0,0.0667,-1.0,,2,-1,-1.0,0,1
4-spheroid,8,,8.0,0.0667,-1.0,,2,-1,-1.0,0,1
4-spheroid,9,,8.0,0.0667,-1.0,,2,-1,-1.0,0,1
4-spheroid,11,,8.0,0.0667,-1.0,,2,-1,-1.0,0,1
4-spheroid,13,,8.0,0.0667,-1.0,,2,-1,-1.0,0,1
4-spheroid,15,,8.0,0.0667,-1.0,,2,-1,-1.0,0,1
4-spheroid,16,,8.0,0.0667,-1.0,,2,-1,-1.0,0,1
4-spheroid,18,,8.0,0.0667,-1.0,,2,-1,-1.0,0,1
4-spheroid,20,,8.0,0.0667,-1.0,,2,-1,-1.0,0,1
4-spheroid,21,,8.0,0.0667,-1.0,,2,-1,-1.0,0,1
4-spheroid,22,,8.0,0.0667,-1.0,,2,-1,-1.0,0,1
4-spheroid,23,,8.0,0.0667,-1.0,,2,-1,-1.0,0,1
4-spheroid,24,,8.0,0.0667,-1.0,,2,-1,-1.0,0,1
4-spheroid,25,,8.0,0.0667,-1.0,,2,-1,-1.0,0,1
4-spheroid,26,,8.0,0.0667,-1.0,,2,-1,-1.0,0,1
4-spheroid,27,,8.0,0.0667,-1.0,,2,-1,-1.0,0,1
4-spheroid,28,,8.0,0.0667,-1.0,,2,-1,-1.0,0,1
4-spheroid,29,,8.0,0.0667,-1.0,,2,-1,-1.0,0,1
4-spheroid,30,,8.0,0.0667,-1.0,,2,-1,-1.0,0,1
4-spheroid,31,,8.0,0.0667,-1.0,,2,-1,-1.0,0,1
4-spheroid,32,,8.0,0.0667,-1.0,,2,-1,-1.0,0,1
4-spheroid,33,,8.0,0.0667,-1.0,,2,-1,-1.0,0,1
4-spheroid,34,,8.0,0.0667,-1.0,,2,-1,-1.0,0,1
4-spheroid,35,,8.0,0.0667,-1.0,,2,-1,-1.0,0,1
4-spheroid,36,,8.0,0.0667,-1.0,,2,-1,-1.0,0,1
4-spheroid,37,,8.0,0.0667,-1.0,,2,-1,-1.0,0,1
4-spheroid,38,,8.0,0.0667,-1.0,,2,-1,-1.0,0,1
4-spheroid,39,,8.0,0.0667,-1.0,,2,-1,-1.0,0,1
4-spheroid,40,,8.0,0.0667,-1.0,,2,-1,-1.0,0,1
4-spheroid,41,,8.0,0.0667,-1.0,,2,-1,-1.0,0,1
4-spheroid,42,,8.0,0.0667,-1.0,,2,-1,-1.0,0,1
4-spheroid,43,,8.0,0.0667,-1.0,,2,-1,-1.0,0,1
4-spheroid,44,,8.0,0.0667,-1.0,,2,-1,-1.0,0,1
4-spheroid,45,,8.0,0.0667,-1.0,,2,-1,-1.0,0,1
4-spheroid,46,,8.0,0.0667,-1.0,,2,-1,-1.0,0,1
4-spheroid,47,,8.0,0.0667,-1.0,,2,-1,-1.0,0,1
4-spheroid,48,,8.0,0.0667,-1.0,,2,-1,-1.0,0,1
4-spheroid,49,,8.0,0.0667,-1.0,,2,-1,-1.0,0,1
4-spheroid,50,,8.0,0.0667,-1.0,,2,-1,-1.0,0,1
4-spheroid,51,,8.0,0.0667,-1.0,,2,-1,-1.0,0,1
4-spheroid,52,,8.0,0.0667,-1.0,,2,-1,-1.0,0,1
4-spheroid,53,,8.0,0.0667,-1.0,,2,-1,-1.0,0,1
4-spheroid,54,,8.0,0.0667,-1.0,,2,-1,-1.0,0,1
4-spheroid,55,,8.0,0.0667,-1.0,,2,-1,-1.0,0,1
4-spheroid,56,,8.0,0.0667,-1.0,,2,-1,-1.0,0,1
4-spheroid,57,,8.0,0.0667,-1.0,,2,-1,-1.0,0,1
4-spheroid,58,,8.0,0.0667,-1.0,,2,-1,-1.0,0,1
4-spheroid,59,,8.0,0.0667,-1.0,,2,-1,-1.0,0,1
4-spheroid,60,,8.0,0.0667,-1.0,,2,-1,-1.0,0,1
5-SCS,1,,10.0,0.1,-1.0,,1,3,3.0,0,1
5-SCS,3,,10.0,0.1,-1.0,,1,3,3.0,0,1
5-SCS,5,,10.0,0.1,-1.0,,1,3,3.0,0,1
5-SCS,7,,10.0,0.1,-1.0,,1,3,3.0,0,1
5-SCS,9,,10.0,0.1,-1.0,,1,3,3.0,0,1
5-SCS,10,,10.0,0.1,-1.0,,1,3,3.0,0,1
5-SCS,11,,10.0,0.1,-1.0,,1,3,3.0,0,1
5-SCS,12,,10.0,0.1,-1.0,,1,3,3.0,0,1
5-SCS,13,,10.0,0.1,-1.0,,1,3,3.0,0,1
5-SCS,14,,10.0,0.1,-1.0,,1,3,3.0,0,1
5-SCS,15,,10.0,0.1,-1.0,,1,3,3.0,0,1
5-SCS,16,,10.0,0.1,-1.0,,1,3,3.0,0,1
5-SCS,17,,10.0,0.1,-1.0,,1,3,3.0,0,1
5-SCS,18,,10.0,0.1,-1.0,,1,3,3.0,0,1
5-SCS,19,,10.0,0.1,-1.0,,1,3,3.0,0,1
5-SCS,20,,10.0,0.1,-1.0,,1,3,3.0,0,1
5-SCS,21,,10.0,0.1,-1.0,,1,3,3.0,0,1
5-SCS,22,,10.0,0.1,-1.0,,1,3,3.0,0,1
5-SCS,23,,10.0,0.1,-1.0,,1,3,3.0,0,1
5-SCS,24,,10.0,0.1,-1.0,,1,3,3.0,0,1
5-SCS,25,,10.0,0.1,-1.0,,1,3,3.0,0,1
5-SCS,26,,10.0,0.1,-1.0,,1,3,3.0,0,1
5-SCS,27,,10.0,0.1,-1.0,,1,3,3.0,0,1
5-SCS,28,,10.0,0.1,-1.0,,1,3,3.0,0,1
5-SCS,29,,10.0,0.1,-1.0,,1,3,3.0,0,1
5-SCS,30,,10.0,0.1,-1.0,,1,3,3.0,0,1
5-SCS,31,,10.0,0.1,-1.0,,1,3,3.0,0,1
5-SCS,32,,10.0,0.1,-1.0,,1,3,3.0,0,1
5-SCS,33,,10.0,0.1,-1.0,,1,3,3.0,0,1
5-SCS,34,,10.0,0.1,-1.0,,1,3,3.0,0,1
5-SCS,35,,10.0,0.1,-1.0,,1,3,3.0,0,1
5-SCS,36,,10.0,0.1,-1.0,,1,3,3.0,0,1
5-SCS,37,,10.0,0.1,-1.0,,1,3,3.0,0,1
5-SCS,38,,10.0,0.1,-1.0,,1,3,3.0,0,1
5-SCS,39,,10.0,0.1,-1.0,,1,3,3.0,0,1
5-SCS,40,,10.0,0.1,-1.0,,1,3,3.0,0,1
5-SCS,41,,10.0,0.1,-1.0,,1,3,3.0,0,1
5-SCS,42,,10.0,0.1,-1.0,,1,3,3.0,0,1
5-SCS,43,,10.0,0.1,-1.0,,1,3,3.0,0,1
5-SCS,44,,10.0,0.1,-1.0,,1,3,3.0,0,1
5-SCS,45,,10.0,0.1,-1.0,,1,3,3.0,0,1
5-SCS,46,,10.0,0.1,-1.0,,1,3,3.0,0,1
5-SCS,47,,10.0,0.1,-1.0,,1,3,3.0,0,1
5-SCS,48,,10.0,0.1,-1.0,,1,3,3.0,0,1
5-SCS,49,,10.0,0.1,-1.0,,1,3,3.0,0,1
5-SCS,50,,10.0,0.1,-1.0,,1,3,3.0,0,1
5-SCS,51,,10.0,0.1,-1.0,,1,3,3.0,0,1
5-SCS,52,,10.0,0.1,-1.0,,1,3,3.0,0,1
5-SCS,53,,10.0,0.1,-1.0,,1,3,3.0,0,1
5-SCS,54,,10.0,0.1,-1.0,,1,3,3.0,0,1
5-SCS,55,,10.0,0.1,-1.0,,1,3,3.0,0,1
5-SCS,56,,10.0,0.1,-1.0,,1,3,3.0,0,1
5-SCS,57,,10.0,0.1,-1.0,,1,3,3.0,0,1
5-SCS,58,,10.0,0.1,-1.0,,1,3,3.0,0,1
5-SCS,59,,10.0,0.1,-1.0,,1,3,3.0,0,1
5-SCS,60,,10.0,0.1,-1.0,,1,3,3.0,0,1
5-PCS,1,,10.0,0.1,-1.0,,1,3,3.0,30,1
5-PCS,3,,10.0,0.1,-1.0,,1,3,3.0,30,1
5-PCS,5,,10.0,0.1,-1.0,,1,3,3.0,30,1
5-PCS,7,,10.0,0.1,-1.0,,1,3,3.0,30,1
5-PCS,9,,10.0,0.1,-1.0,,1,3,3.0,30,1
5-PCS,10,,10.0,0.1,-1.0,,1,3,3.0,30,1
5-PCS,11,,10.0,0.1,-1.0,,1,3,3.0,30,1
5-PCS,12,,10.0,0.1,-1.0,,1,3,3.0,30,1
5-PCS,13,,10.0,0.1,-1.0,,1,3,3.0,30,1
5-PCS,14,,10.0,0.1,-1.0,,1,3,3.0,30,1
5-PCS,15,,10.0,0.1,-1.0,,1,3,3.0,30,1
5-PCS,16,,10.0,0.1,-1.0,,1,3,3.0,30,1
5-PCS,17,,10.0,0.1,-1.0,,1,3,3.0,30,1
5-PCS,18,,10.0,0.1,-1.0,,1,3,3.0,30,1
5-PCS,19,,10.0,0.1,-1.0,,1,3,3.0,30,1
5-PCS,20,,10.0,0.1,-1.0,,1,3,3.0,30,1
5-PCS,21,,10.0,0.1,-1.0,,1,3,3.0,30,1
5-PCS,22,,10.0,0.1,-1.0,,1,3,3.0,30,1
5-PCS,23,,10.0,0.1,-1.0,,1,3,3.0,30,1
5-PCS,24,,10.0,0.1,-1.0,,1,3,3.0,30,1
5-PCS,25,,10.0,0.1,-1.0,,1,3,3.0,30,1
5-PCS,26,,10.0,0.1,-1.0,,1,3,3.0,30,1
5-PCS,27,,10.0,0.1,-1.0,,1,3,3.0,30,1
5-PCS,28,,10.0,0.1,-1.0,,1,3,3.0,30,1
5-PCS,29,,10.0,0.1,-1.0,,1,3,3.0,30,1
5-PCS,30,,10.0,0.1,-1.0,,1,3,3.0,30,1
5-PCS,31,,10.0,0.1,-1.0,,1,3,3.0,30,1
5-PCS,32,,10.0,0.1,-1.0,,1,3,3.0,30,1
5-PCS,33,,10.0,0.1,-1.0,,1,3,3.0,30,1
5-PCS,34,,10.0,0.1,-1.0,,1,3,3.0,30,1
5-PCS,35,,10.0,0.1,-1.0,,1,3,3.0,30,1
5-PCS,36,,10.0,0.1,-1.0,,1,3,3.0,30,1
5-PCS,37,,10.0,0.1,-1.0,,1,3,3.0,30,1
5-PCS,38,,10.0,0.1,-1.0,,1,3,3.0,30,1
5-PCS,39,,10.0,0.1,-1.0,,1,3,3.0,30,1
5-PCS,40,,10.0,0.1,-1.0,,1,3,3.0,30,1
5-PCS,41,,10.0,0.1,-1.0,,1,3,3.0,30,1
5-PCS,42,,10.0,0.1,-1.0,,1,3,3.0,30,1
5-PCS,43,,10.0,0.1,-1.0,,1,3,3.0,30,1
5-PCS,44,,10.0,0.1,-1.0,,1,3,3.0,30,1
5-PCS,45,,10.0,0.1,-1.0,,1,3,3.0,30,1
5-PCS,46,,10.0,0.1,-1.0,,1,3,3.0,30,1
5-PCS,47,,10.0,0.1,-1.0,,1,3,3.0,30,1
5-PCS,48,,10.0,0.1,-1.0,,1,3,3.0,30,1
5-PCS,49,,10.0,0.1,-1.0,,1,3,3.0,30,1
5-PCS,50,,10.0,0.1,-1.0,,1,3,3.0,30,1
5-PCS,51,,10.0,0.1,-1.0,,1,3,3.0,30,1
5-PCS,52,,10.0,0.1,-1.0,,1,3,3.0,30,1
5-PCS,53,,10.0,0.1,-1.0,,1,3,3.0,30,1
5-PCS,54,,10.0,0.1,-1.0,,1,3,3.0,30,1
5-PCS,55,,10.0,0.1,-1.0,,1,3,3.0,30,1
5-PCS,56,,10.0,0.1,-1.0,,1,3,3.0,30,1
5-PCS,57,,10.0,0.1,-1.0,,1,3,3.0,30,1
5-PCS,58,,10.0,0.1,-1.0,,1,3,3.0,30,1
5-PCS,59,,10.0,0.1,-1.0,,1,3,3.0,30,1
5-PCS,60,,10.0,0.1,-1.0,,1,3,3.0,30,1
6-spheroid,1,,8.0,0.18,-1.0,100.0,1,1,2.0,0,1
6-spheroid,4,,8.0,0.18,-1.0,100.0,1,1,2.0,0,1
6-spheroid,6,,8.0,0.18,-1.0,100.0,1,1,2.0,0,1
6-spheroid,7,,8.0,0.18,-1.0,100.0,1,1,2.0,0,1
6-spheroid,8,,8.0,0.18,-1.0,100.0,1,1,2.0,0,1
6-spheroid,9,,8.0,0.18,-1.0,100.0,1,1,2.0,0,1
6-spheroid,10,,8.0,0.18,-1.0,100.0,1,1,2.0,0,1
6-spheroid,11,,8.0,0.18,-1.0,100.0,1,1,2.0,0,1
6-spheroid,12,,8.0,0.18,-1.0,100.0,1,1,2.0,0,1
6-spheroid,13,,8.0,0.18,-1.0,100.0,1,1,2.0,0,1
6-spheroid,14,,8.0,0.18,-1.0,100.0,1,1,2.0,0,1
6-spheroid,15,,8.0,0.18,-1.0,100.0,1,1,2.0,0,1
6-spheroid,16,,8.0,0.18,-1.0,100.0,1,1,2.0,0,1
6-spheroid,17,,8.0,0.18,-1.0,100.0,1,1,2.0,0,1
6-spheroid,18,,8.0,0.18,-1.0,100.0,1,1,2.0,0,1
6-spheroid,19,,8.0,0.18,-1.0,100.0,1,1,2.0,0,1
6-spheroid,20,,8.0,0.18,-1.0,100.0,1,1,2.0,0,1
6-spheroid,21,,8.0,0.18,-1.0,100.0,1,1,2.0,0,1
6-spheroid,22,,8.0,0.18,-1.0,100.0,1,1,2.0,0,1
6-spheroid,23,,8.0,0.18,-1.0,100.0,1,1,2.0,0,1
6-spheroid,24,,8.0,0.18,-1.0,100.0,1,1,2.0,0,1
6-spheroid,25,,8.0,0.18,-1.0,100.0,1,1,2.0,0,1
6-spheroid,26,,8.0,0.18,-1.0,100.0,1,1,2.0,0,1
6-spheroid,27,,8.0,0.18,-1.0,100.0,1,1,2.0,0,1
6-spheroid,28,,8.0,0.18,-1.0,100.0,1,1,2.0,0,1
6-spheroid,29,,8.0,0.18,-1.0,100.0,1,1,2.0,0,1
6-spheroid,30,,8.0,0.18,-1.0,100.0,1,1,2.0,0,1
6-spheroid,31,,8.0,0.18,-1.0,100.0,1,1,2.0,0,1
6-spheroid,32,,8.0,0.18,-1.0,100.0,1,1,2.0,0,1
6-spheroid,33,,8.0,0.18,-1.0,100.0,1,1,2.0,0,1
6-spheroid,34,,8.0,0.18,-1.0,100.0,1,1,2.0,0,1
6-spheroid,35,,8.0,0.18,-1.0,100.0,1,1,2.0,0,1
6-spheroid,36,,8.0,0.18,-1.0,100.0,1,1,2.0,0,1
6-spheroid,37,,8.0,0.18,-1.0,100.0,1,1,2.0,0,1
6-spheroid,38,,8.0,0.18,-1.0,100.0,1,1,2.0,0,1
6-spheroid,39,,8.0,0.18,-1.0,100.0,1,1,2.0,0,1
6-spheroid,40,,8.0,0.18,-1.0,100.0,1,1,2.0,0,1
6-spheroid,41,,8.0,0.18,-1.0,100.0,1,1,2.0,0,1
6-spheroid,42,,8.0,0.18,-1.0,100.0,1,1,2.0,0,1
6-spheroid,43,,8.0,0.18,-1.0,100.0,1,1,2.0,0,1
6-spheroid,44,,8.0,0.18,-1.0,100.0,1,1,2.0,0,1
6-spheroid,45,,8.0,0.18,-1.0,100.0,1,1,2.0,0,1
6-spheroid,46,,8.0,0.18,-1.0,100.0,1,1,2.0,0,1
6-spheroid,47,,8.0,0.18,-1.0,100.0,1,1,2.0,0,1
6-spheroid,48,,8.0,0.18,-1.0,100.0,1,1,2.0,0,1
6-spheroid,49,,8.0,0.18,-1.0,100.0,1,1,2.0,0,1
6-spheroid,50,,8.0,0.18,-1.0,100.0,1,1,2.0,0,1
6-spheroid,51,,8.0,0.18,-1.0,100.0,1,1,2.0,0,1
6-spheroid,52,,8.0,0.18,-1.0,100.0,1,1,2.0,0,1
6-spheroid,53,,8.0,0.18,-1.0,100.0,1,1,2.0,0,1
6-spheroid,54,,8.0,0.18,-1.0,100.0,1,1,2.0,0,1
6-spheroid,55,,8.0,0.18,-1.0,100.0,1,1,2.0,0,1
6-spheroid,56,,8.0,0.18,-1.0,100.0,1,1,2.0,0,1
6-spheroid,57,,8.0,0.18,-1.0,100.0,1,1,2.0,0,1
6-spheroid,58,,8.0,0.18,-1.0,100.0,1,1,2.0,0,1
6-spheroid,59,,8.0,0.18,-1.0,100.0,1,1,2.0,0,1
6-spheroid,60,,8.0,0.18,-1.0,100.0,1,1,2.0,0,1
7-PET,2,,10.0,0.1,-1.0,125.47,1,1,2.0,0,1
7-PET,4,,10.0,0.1,-1.0,125.47,1,1,2.0,0,1
7-PET,6,,10.0,0.1,-1.0,125.47,1,1,2.0,0,1
7-PET,8,,10.0,0.1,-1.0,125.47,1,1,2.0,0,1
7-PET,9,,10.0,0.1,-1.0,125.47,1,1,2.0,0,1
7-PET,10,,10.0,0.1,-1.0,125.47,1,1,2.0,0,1
7-PET,11,,10.0,0.1,-1.0,125.47,1,1,2.0,0,1
7-PET,12,,10.0,0.1,-1.0,125.47,1,1,2.0,0,1
7-PET,13,,10.0,0.1,-1.0,125.47,1,1,2.0,0,1
7-PET,14,,10.0,0.1,-1.0,125.47,1,1,2.0,0,1
7-PET,15,,10.0,0.1,-1.0,125.47,1,1,2.0,0,1
7-PET,16,,10.0,0.1,-1.0,125.47,1,1,2.0,0,1
7-PET,17,,10.0,0.1,-1.0,125.47,1,1,2.0,0,1
7-PET,18,,10.0,0.1,-1.0,125.47,1,1,2.0,0,1
7-PET,19,,10.0,0.1,-1.0,125.47,1,1,2.0,0,1
7-PET,20,,10.0,0.1,-1.0,125.47,1,1,2.0,0,1
7-PET,21,,10.0,0.1,-1.0,125.47,1,1,2.0,0,1
7-PET,22,,10.0,0.1,-1.0,125.47,1,1,2.0,0,1
7-PET,23,,10.0,0.1,-1.0,125.47,1,1,2.0,0,1
7-PET,24,,10.0,0.1,-1.0,125.47,1,1,2.0,0,1
7-PET,25,,10.0,0.1,-1.0,125.47,1,1,2.0,0,1
7-PET,26,,10.0,0.1,-1.0,125.47,1,1,2.0,0,1
7-PET,27,,10.0,0.1,-1.0,125.47,1,1,2.0,0,1
7-PET,28,,10.0,0.1,-1.0,125.47,1,1,2.0,0,1
7-PET,29,,10.0,0.1,-1.0,125.47,1,1,2.0,0,1
7-PET,30,,10.0,0.1,-1.0,125.47,1,1,2.0,0,1
7-PET,31,,10.0,0.1,-1.0,125.47,1,1,2.0,0,1
7-PET,32,,10.0,0.1,-1.0,125.47,1,1,2.0,0,1
7-PET,33,,10.0,0.1,-1.0,125.47,1,1,2.0,0,1
7-PET,34,,10.0,0.1,-1.0,125.47,1,1,2.0,0,1
7-PET,35,,10.0,0.1,-1.0,125.47,1,1,2.0,0,1
7-PET,36,,10.0,0.1,-1.0,125.47,1,1,2.0,0,1
7-PET,37,,10.0,0.1,-1.0,125.47,1,1,2.0,0,1
7-PET,38,,10.0,0.1,-1.0,125.47,1,1,2.0,0,1
7-PET,39,,10.0,0.1,-1.0,125.47,1,1,2.0,0,1
7-PET,40,,10.0,0.1,-1.0,125.47,1,1,2.0,0,1
7-PET,41,,10.0,0.1,-1.0,125.47,1,1,2.0,0,1
7-PET,42,,10.0,0.1,-1.0,125.47,1,1,2.0,0,1
7-PET,43,,10.0,0.1,-1.0,125.47,1,1,2.0,0,1
7-PET,44,,10.0,0.1,-1.0,125.47,1,1,2.0,0,1
7-PET,45,,10.0,0.1,-1.0,125.47,1,1,2.0,0,1
7-PET,46,,10.0,0.1,-1.0,125.47,1,1,2.0,0,1
7-PET,47,,10.0,0.1,-1.0,125.47,1,1,2.0,0,1
7-PET,48,,10.0,0.1,-1.0,125.47,1,1,2.0,0,1
7-PET,49,,10.0,0.1,-1.0,125.47,1,1,2.0,0,1
7-PET,50,,10.0,0.1,-1.0,125.47,1,1,2.0,0,1
7-PET,51,,10.0,0.1,-1.0,125.47,1,1,2.0,0,1
7-PET,52,,10.0,0.1,-1.0,125.47,1,1,2.0,0,1
7-PET,53,,10.0,0.1,-1.0,125.47,1,1,2.0,0,1
7-PET,54,,10.0,0.1,-1.0,125.47,1,1,2.0,0,1
7-PET,55,,10.0,0.1,-1.0,125.47,1,1,2.0,0,1
7-PET,56,,10.0,0.1,-1.0,125.47,1,1,2.0,0,1
7-PET,57,,10.0,0.1,-1.0,125.47,1,1,2.0,0,1
7-PET,58,,10.0,0.1,-1.0,125.47,1,1,2.0,0,1
7-PET,59,,10.0,0.1,-1.0,125.47,1,1,2.0,0,1
7-PET,60,,10.0,0.1,-1.0,125.47,1,1,2.0,0,1
7-PS,2,,10.0,0.1,-1.0,125.47,1,2,1.0,0,1
7-PS,4,,10.0,0.1,-1.0,125.47,1,2,1.0,0,1
7-PS,6,,10.0,0.1,-1.0,125.47,1,2,1.0,0,1
7-PS,8,,10.0,0.1,-1.0,125.47,1,2,1.0,0,1
7-PS,9,,10.0,0.1,-1.0,125.47,1,2,1.0,0,1
7-PS,10,,10.0,0.1,-1.0,125.47,1,2,1.0,0,1
7-PS,11,,10.0,0.1,-1.0,125.47,1,2,1.0,0,1
7-PS,12,,10.0,0.1,-1.0,125.47,1,2,1.0,0,1
7-PS,13,,10.0,0.1,-1.0,125.47,1,2,1.0,0,1
7-PS,14,,10.0,0.1,-1.0,125.47,1,2,1.0,0,1
7-PS,15,,10.0,0.1,-1.0,125.47,1,2,1.0,0,1
7-PS,16,,10.0,0.1,-1.0,125.47,1,2,1.0,0,1
7-PS,17,,10.0,0.1,-1.0,125.47,1,2,1.0,0,1
7-PS,18,,10.0,0.1,-1.0,125.47,1,2,1.0,0,1
7-PS,19,,10.0,0.1,-1.0,125.47,1,2,1.0,0,1
7-PS,20,,10.0,0.1,-1.0,125.47,1,2,1.0,0,1
7-PS,21,,10.0,0.1,-1.0,125.47,1,2,1.0,0,1
7-PS,22,,10.0,0.1,-1.0,125.47,1,2,1.0,0,1
7-PS,23,,10.0,0.1,-1.0,125.47,1,2,1.0,0,1
7-PS,24,,10.0,0.1,-1.0,125.47,1,2,1.0,0,1
7-PS,25,,10.0,0.1,-1.0,125.47,1,2,1.0,0,1
7-PS,26,,10.0,0.1,-1.0,125.47,1,2,1.0,0,1
7-PS,27,,10.0,0.1,-1.0,125.47,1,2,1.0,0,1
7-PS,28,,10.0,0.1,-1.0,125.47,1,2,1.0,0,1
7-PS,29,,10.0,0.1,-1.0,125.47,1,2,1.0,0,1
7-PS,30,,10.0,0.1,-1.0,125.47,1,2,1.0,0,1
7-PS,31,,10.0,0.1,-1.0,125.47,1,2,1.0,0,1
7-PS,32,,10.0,0.1,-1.0,125.47,1,2,1.0,0,1
7-PS,33,,10.0,0.1,-1.0,125.47,1,2,1.0,0,1
7-PS,34,,10.0,0.1,-1.0,125.47,1,2,1.0,0,1
7-PS,35,,10.0,0.1,-1.0,125.47,1,2,1.0,0,1
7-PS,36,,10.0,0.1,-1.0,125.47,1,2,1.0,0,1
7-PS,37,,10.0,0.1,-1.0,125.47,1,2,1.0,0,1
7-PS,38,,10.0,0.1,-1.0,125.47,1,2,1.0,0,1
7-PS,39,,10.0,0.1,-1.0,125.47,1,2,1.0,0,1
7-PS,40,,10.0,0.1,-1.0,125.47,1,2,1.0,0,1
7-PS,41,,10.0,0.1,-1.0,125.47,1,2,1.0,0,1
7-PS,42,,10.0,0.1,-1.0,125.47,1,2,1.0,0,1
7-PS,43,,10.0,0.1,-1.0,125.47,1,2,1.0,0,1
7-PS,44,,10.0,0.1,-1.0,125.47,1,2,1.0,0,1
7-PS,45,,10.0,0.1,-1.0,125.47,1,2,1.0,0,1
7-PS,46,,10.0,0.1,-1.0,125.47,1,2,1.0,0,1
7-PS,47,,10.0,0.1,-1.0,125.47,1,2,1.0,0,1
7-PS,48,,10.0,0.1,-1.0,125.47,1,2,1.0,0,1
7-PS,49,,10.0,0.1,-1.0,125.47,1,2,1.0,0,1
7-PS,50,,10.0,0.1,-1.0,125.47,1,2,1.0,0,1
7-PS,51,,10.0,0.1,-1.0,125.47,1,2,1.0,0,1
7-PS,52,,10.0,0.1,-1.0,125.47,1,2,1.0,0,1
7-PS,53,,10.0,0.1,-1.0,125.47,1,2,1.0,0,1
7-PS,54,,10.0,0.1,-1.0,125.47,1,2,1.0,0,1
7-PS,55,,10.0,0.1,-1.0,125.47,1,2,1.0,0,1
7-PS,56,,10.0,0.1,-1.0,125.47,1,2,1.0,0,1
7-PS,57,,10.0,0.1,-1.0,125.47,1,2,1.0,0,1
7-PS,58,,10.0,0.1,-1.0,125.47,1,2,1.0,0,1
7-PS,59,,10.0,0.1,-1.0,125.47,1,2,1.0,0,1
7-PS,60,,10.0,0.1,-1.0,125.47,1,2,1.0,0,1
7-TS-PS,8,,8.0,0.5,-1.0,118.36,1,2,1.0,0,1
7-TS-PS,9,,8.0,0.5,-1.0,118.36,1,2,1.0,0,1
7-TS-PS,10,,8.0,0.5,-1.0,118.36,1,2,1.0,0,1
7-TS-PS,11,,8.0,0.5,-1.0,118.36,1,2,1.0,0,1
7-TS-PS,12,,8.0,0.5,-1.0,118.36,1,2,1.0,0,1
7-TS-PS,13,,8.0,0.5,-1.0,118.36,1,2,1.0,0,1
7-TS-PS,14,,8.0,0.5,-1.0,118.36,1,2,1.0,0,1
7-TS-PS,15,,8.0,0.5,-1.0,118.36,1,2,1.0,0,1
7-TS-PS,16,,8.0,0.5,-1.0,118.36,1,2,1.0,0,1
7-TS-PS,17,,8.0,0.5,-1.0,118.36,1,2,1.0,0,1
7-TS-PS,18,,8.0,0.5,-1.0,118.36,1,2,1.0,0,1
7-TS-PS,19,,8.0,0.5,-1.0,118.36,1,2,1.0,0,1
7-TS-PS,20,,8.0,0.5,-1.0,118.36,1,2,1.0,0,1
7-TS-PS,21,,8.0,0.5,-1.0,118.36,1,2,1.0,0,1
7-TS-PS,22,,8.0,0.5,-1.0,118.36,1,2,1.0,0,1
7-TS-PS,23,,8.0,0.5,-1.0,118.36,1,2,1.0,0,1
7-TS-PS,24,,8.0,0.5,-1.0,118.36,1,2,1.0,0,1
7-TS-PS,25,,8.0,0.5,-1.0,118.36,1,2,1.0,0,1
7-TS-PS,26,,8.0,0.5,-1.0,118.36,1,2,1.0,0,1
7-TS-PS,27,,8.0,0.5,-1.0,118.36,1,2,1.0,0,1
7-TS-PS,28,,8.0,0.5,-1.0,118.36,1,2,1.0,0,1
7-TS-PS,29,,8.0,0.5,-1.0,118.36,1,2,1.0,0,1
7-TS-PS,30,,8.0,0.5,-1.0,118.36,1,2,1.0,0,1
7-TS-PS,31,,8.0,0.5,-1.0,118.36,1,2,1.0,0,1
7-TS-PS,32,,8.0,0.5,-1.0,118.36,1,2,1.0,0,1
7-TS-PS,33,,8.0,0.5,-1.0,118.36,1,2,1.0,0,1
7-TS-PS,34,,8.0,0.5,-1.0,118.36,1,2,1.0,0,1
7-TS-PS,35,,8.0,0.5,-1.0,118.36,1,2,1.0,0,1
7-TS-PS,36,,8.0,0.5,-1.0,118.36,1,2,1.0,0,1
7-TS-PS,37,,8.0,0.5,-1.0,118.36,1,2,1.0,0,1
7-TS-PS,38,,8.0,0.5,-1.0,118.36,1,2,1.0,0,1
7-TS-PS,39,,8.0,0.5,-1.0,118.36,1,2,1.0,0,1
7-TS-PS,40,,8.0,0.5,-1.0,118.36,1,2,1.0,0,1
7-TS-PS,41,,8.0,0.5,-1.0,118.36,1,2,1.0,0,1
7-TS-PS,42,,8.0,0.5,-1.0,118.36,1,2,1.0,0,1
7-TS-PS,43,,8.0,0.5,-1.0,118.36,1,2,1.0,0,1
7-TS-PS,44,,8.0,0.5,-1.0,118.36,1,2,1.0,0,1
7-TS-PS,45,,8.0,0.5,-1.0,118.36,1,2,1.0,0,1
7-TS-PS,46,,8.0,0.5,-1.0,118.36,1,2,1.0,0,1
7-TS-PS,47,,8.0,0.5,-1.0,118.36,1,2,1.0,0,1
7-TS-PS,48,,8.0,0.5,-1.0,118.36,1,2,1.0,0,1
7-TS-PS,49,,8.0,0.5,-1.0,118.36,1,2,1.0,0,1
7-TS-PS,50,,8.0,0.5,-1.0,118.36,1,2,1.0,0,1
7-TS-PS,51,,8.0,0.5,-1.0,118.36,1,2,1.0,0,1
7-TS-PS,52,,8.0,0.5,-1.0,118.36,1,2,1.0,0,1
7-TS-PS,53,,8.0,0.5,-1.0,118.36,1,2,1.0,0,1
7-TS-PS,54,,8.0,0.5,-1.0,118.36,1,2,1.0,0,1
7-TS-PS,55,,8.0,0.5,-1.0,118.36,1,2,1.0,0,1
7-TS-PS,56,,8.0,0.5,-1.0,118.36,1,2,1.0,0,1
7-TS-PS,57,,8.0,0.5,-1.0,118.36,1,2,1.0,0,1
7-TS-PS,58,,8.0,0.5,-1.0,118.36,1,2,1.0,0,1
7-TS-PS,59,,8.0,0.5,-1.0,118.36,1,2,1.0,0,1
7-TS-PS,60,,8.0,0.5,-1.0,118.36,1,2,1.0,0,1
9-donor B,1,,8.0,0.2,-1.0,81.0,2,-1,-1.0,2500,1
9-donor B,2,,8.0,0.2,-1.0,81.0,2,-1,-1.0,2500,1
9-donor B,5,,8.0,0.2,-1.0,81.0,2,-1,-1.0,2500,1
9-donor B,9,,8.0,0.2,-1.0,81.0,2,-1,-1.0,2500,1
9-donor B,14,,8.0,0.2,-1.0,81.0,2,-1,-1.0,2500,1
9-donor B,15,,8.0,0.2,-1.0,81.0,2,-1,-1.0,2500,1
9-donor B,16,,8.0,0.2,-1.0,81.0,2,-1,-1.0,2500,1
9-donor B,17,,8.0,0.2,-1.0,81.0,2,-1,-1.0,2500,1
9-donor B,18,,8.0,0.2,-1.0,81.0,2,-1,-1.0,2500,1
9-donor B,19,,8.0,0.2,-1.0,81.0,2,-1,-1.0,2500,1
9-donor B,20,,8.0,0.2,-1.0,81.0,2,-1,-1.0,2500,1
9-donor B,21,,8.0,0.2,-1.0,81.0,2,-1,-1.0,2500,1
9-donor B,22,,8.0,0.2,-1.0,81.0,2,-1,-1.0,2500,1
9-donor B,23,,8.0,0.2,-1.0,81.0,2,-1,-1.0,2500,1
9-donor B,24,,8.0,0.2,-1.0,81.0,2,-1,-1.0,2500,1
9-donor B,25,,8.0,0.2,-1.0,81.0,2,-1,-1.0,2500,1
9-donor B,26,,8.0,0.2,-1.0,81.0,2,-1,-1.0,2500,1
9-donor B,27,,8.0,0.2,-1.0,81.0,2,-1,-1.0,2500,1
9-donor B,28,,8.0,0.2,-1.0,81.0,2,-1,-1.0,2500,1
9-donor B,29,,8.0,0.2,-1.0,81.0,2,-1,-1.0,2500,1
9-donor B,30,,8.0,0.2,-1.0,81.0,2,-1,-1.0,2500,1
9-donor B,31,,8.0,0.2,-1.0,81.0,2,-1,-1.0,2500,1
9-donor B,32,,8.0,0.2,-1.0,81.0,2,-1,-1.0,2500,1
9-donor B,33,,8.0,0.2,-1.0,81.0,2,-1,-1.0,2500,1
9-donor B,34,,8.0,0.2,-1.0,81.0,2,-1,-1.0,2500,1
9-donor B,35,,8.0,0.2,-1.0,81.0,2,-1,-1.0,2500,1
9-donor B,36,,8.0,0.2,-1.0,81.0,2,-1,-1.0,2500,1
9-donor B,37,,8.0,0.2,-1.0,81.0,2,-1,-1.0,2500,1
9-donor B,38,,8.0,0.2,-1.0,81.0,2,-1,-1.0,2500,1
9-donor B,39,,8.0,0.2,-1.0,81.0,2,-1,-1.0,2500,1
9-donor B,40,,8.0,0.2,-1.0,81.0,2,-1,-1.0,2500,1
9-donor B,41,,8.0,0.2,-1.0,81.0,2,-1,-1.0,2500,1
9-donor B,42,,8.0,0.2,-1.0,81.0,2,-1,-1.0,2500,1
9-donor B,43,,8.0,0.2,-1.0,81.0,2,-1,-1.0,2500,1
9-donor B,44,,8.0,0.2,-1.0,81.0,2,-1,-1.0,2500,1
9-donor B,45,,8.0,0.2,-1.0,81.0,2,-1,-1.0,2500,1
9-donor B,46,,8.0,0.2,-1.0,81.0,2,-1,-1.0,2500,1
9-donor B,47,,8.0,0.2,-1.0,81.0,2,-1,-1.0,2500,1
9-donor B,48,,8.0,0.2,-1.0,81.0,2,-1,-1.0,2500,1
9-donor B,49,,8.0,0.2,-1.0,81.0,2,-1,-1.0,2500,1
9-donor B,50,,8.0,0.2,-1.0,81.0,2,-1,-1.0,2500,1
9-donor B,51,,8.0,0.2,-1.0,81.0,2,-1,-1.0,2500,1
9-donor B,52,,8.0,0.2,-1.0,81.0,2,-1,-1.0,2500,1
9-donor B,53,,8.0,0.2,-1.0,81.0,2,-1,-1.0,2500,1
9-donor B,54,,8.0,0.2,-1.0,81.0,2,-1,-1.0,2500,1
9-donor B,55,,8.0,0.2,-1.0,81.0,2,-1,-1.0,2500,1
9-donor B,56,,8.0,0.2,-1.0,81.0,2,-1,-1.0,2500,1
9-donor B,57,,8.0,0.2,-1.0,81.0,2,-1,-1.0,2500,1
9-donor B,58,,8.0,0.2,-1.0,81.0,2,-1,-1.0,2500,1
9-donor B,59,,8.0,0.2,-1.0,81.0,2,-1,-1.0,2500,1
9-donor B,60,,8.0,0.2,-1.0,81.0,2,-1,-1.0,2500,1
10-Small,2,,4.0,2.0,-1.0,195.0,2,-1,7.0,0,1
10-Small,3,,4.0,2.0,-1.0,195.0,2,-1,7.0,0,1
10-Small,4,,4.0,2.0,-1.0,195.0,2,-1,7.0,0,1
10-Small,5,,4.0,2.0,-1.0,195.0,2,-1,7.0,0,1
10-Small,6,,4.0,2.0,-1.0,195.0,2,-1,7.0,0,1
10-Small,7,,4.0,2.0,-1.0,195.0,2,-1,7.0,0,1
10-Small,8,,4.0,2.0,-1.0,195.0,2,-1,7.0,0,1
10-Small,9,,4.0,2.0,-1.0,195.0,2,-1,7.0,0,1
10-Small,10,,4.0,2.0,-1.0,195.0,2,-1,7.0,0,1
10-Small,11,,4.0,2.0,-1.0,195.0,2,-1,7.0,0,1
10-Small,12,,4.0,2.0,-1.0,195.0,2,-1,7.0,0,1
10-Small,13,,4.0,2.0,-1.0,195.0,2,-1,7.0,0,1
10-Small,14,,4.0,2.0,-1.0,195.0,2,-1,7.0,0,1
10-Small,15,,4.0,2.0,-1.0,195.0,2,-1,7.0,0,1
10-Small,16,,4.0,2.0,-1.0,195.0,2,-1,7.0,0,1
10-Small,17,,4.0,2.0,-1.0,195.0,2,-1,7.0,0,1
10-Small,18,,4.0,2.0,-1.0,195.0,2,-1,7.0,0,1
10-Small,19,,4.0,2.0,-1.0,195.0,2,-1,7.0,0,1
10-Small,20,,4.0,2.0,-1.0,195.0,2,-1,7.0,0,1
10-Small,21,,4.0,2.0,-1.0,195.0,2,-1,7.0,0,1
10-Small,22,,4.0,2.0,-1.0,195.0,2,-1,7.0,0,1
10-Small,23,,4.0,2.0,-1.0,195.0,2,-1,7.0,0,1
10-Small,24,,4.0,2.0,-1.0,195.0,2,-1,7.0,0,1
10-Small,25,,4.0,2.0,-1.0,195.0,2,-1,7.0,0,1
10-Small,26,,4.0,2.0,-1.0,195.0,2,-1,7.0,0,1
10-Small,27,,4.0,2.0,-1.0,195.0,2,-1,7.0,0,1
10-Small,28,,4.0,2.0,-1.0,195.0,2,-1,7.0,0,1
10-Small,29,,4.0,2.0,-1.0,195.0,2,-1,7.0,0,1
10-Small,30,,4.0,2.0,-1.0,195.0,2,-1,7.0,0,1
10-Small,31,,4.0,2.0,-1.0,195.0,2,-1,7.0,0,1
10-Small,32,,4.0,2.0,-1.0,195.0,2,-1,7.0,0,1
10-Small,33,,4.0,2.0,-1.0,195.0,2,-1,7.0,0,1
10-Small,34,,4.0,2.0,-1.0,195.0,2,-1,7.0,0,1
10-Small,35,,4.0,2.0,-1.0,195.0,2,-1,7.0,0,1
10-Small,36,,4.0,2.0,-1.0,195.0,2,-1,7.0,0,1
10-Small,37,,4.0,2.0,-1.0,195.0,2,-1,7.0,0,1
10-Small,38,,4.0,2.0,-1.0,195.0,2,-1,7.0,0,1
10-Small,39,,4.0,2.0,-1.0,195.0,2,-1,7.0,0,1
10-Small,40,,4.0,2.0,-1.0,195.0,2,-1,7.0,0,1
10-Small,41,,4.0,2.0,-1.0,195.0,2,-1,7.0,0,1
10-Small,42,,4.0,2.0,-1.0,195.0,2,-1,7.0,0,1
10-Small,43,,4.0,2.0,-1.0,195.0,2,-1,7.0,0,1
10-Small,44,,4.0,2.0,-1.0,195.0,2,-1,7.0,0,1
10-Small,45,,4.0,2.0,-1.0,195.0,2,-1,7.0,0,1
10-Small,46,,4.0,2.0,-1.0,195.0,2,-1,7.0,0,1
10-Small,47,,4.0,2.0,-1.0,195.0,2,-1,7.0,0,1
10-Small,48,,4.0,2.0,-1.0,195.0,2,-1,7.0,0,1
10-Small,49,,4.0,2.0,-1.0,195.0,2,-1,7.0,0,1
10-Small,50,,4.0,2.0,-1.0,195.0,2,-1,7.0,0,1
10-Small,51,,4.0,2.0,-1.0,195.0,2,-1,7.0,0,1
10-Small,52,,4.0,2.0,-1.0,195.0,2,-1,7.0,0,1
10-Small,53,,4.0,2.0,-1.0,195.0,2,-1,7.0,0,1
10-Small,54,,4.0,2.0,-1.0,195.0,2,-1,7.0,0,1
10-Small,55,,4.0,2.0,-1.0,195.0,2,-1,7.0,0,1
10-Small,56,,4.0,2.0,-1.0,195.0,2,-1,7.0,0,1
10-Small,57,,4.0,2.0,-1.0,195.0,2,-1,7.0,0,1
10-Small,58,,4.0,2.0,-1.0,195.0,2,-1,7.0,0,1
10-Small,59,,4.0,2.0,-1.0,195.0,2,-1,7.0,0,1
10-Small,60,,4.0,2.0,-1.0,195.0,2,-1,7.0,0,1
10-Medium,2,,4.0,2.0,-1.0,320.0,2,-1,7.0,0,1
10-Medium,3,,4.0,2.0,-1.0,320.0,2,-1,7.0,0,1
10-Medium,4,,4.0,2.0,-1.0,320.0,2,-1,7.0,0,1
10-Medium,5,,4.0,2.0,-1.0,320.0,2,-1,7.0,0,1
10-Medium,6,,4.0,2.0,-1.0,320.0,2,-1,7.0,0,1
10-Medium,7,,4.0,2.0,-1.0,320.0,2,-1,7.0,0,1
10-Medium,8,,4.0,2.0,-1.0,320.0,2,-1,7.0,0,1
10-Medium,9,,4.0,2.0,-1.0,320.0,2,-1,7.0,0,1
10-Medium,10,,4.0,2.0,-1.0,320.0,2,-1,7.0,0,1
10-Medium,11,,4.0,2.0,-1.0,320.0,2,-1,7.0,0,1
10-Medium,12,,4.0,2.0,-1.0,320.0,2,-1,7.0,0,1
10-Medium,13,,4.0,2.0,-1.0,320.0,2,-1,7.0,0,1
10-Medium,14,,4.0,2.0,-1.0,320.0,2,-1,7.0,0,1
10-Medium,15,,4.0,2.0,-1.0,320.0,2,-1,7.0,0,1
10-Medium,16,,4.0,2.0,-1.0,320.0,2,-1,7.0,0,1
10-Medium,17,,4.0,2.0,-1.0,320.0,2,-1,7.0,0,1
10-Medium,18,,4.0,2.0,-1.0,320.0,2,-1,7.0,0,1
10-Medium,19,,4.0,2.0,-1.0,320.0,2,-1,7.0,0,1
10-Medium,20,,4.0,2.0,-1.0,320.0,2,-1,7.0,0,1
10-Medium,21,,4.0,2.0,-1.0,320.0,2,-1,7.0,0,1
10-Medium,22,,4.0,2.0,-1.0,320.0,2,-1,7.0,0,1
10-Medium,23,,4.0,2.0,-1.0,320.0,2,-1,7.0,0,1
10-Medium,24,,4.0,2.0,-1.0,320.0,2,-1,7.0,0,1
10-Medium,25,,4.0,2.0,-1.0,320.0,2,-1,7.0,0,1
10-Medium,26,,4.0,2.0,-1.0,320.0,2,-1,7.0,0,1
10-Medium,27,,4.0,2.0,-1.0,320.0,2,-1,7.0,0,1
10-Medium,28,,4.0,2.0,-1.0,320.0,2,-1,7.0,0,1
10-Medium,29,,4.0,2.0,-1.0,320.0,2,-1,7.0,0,1
10-Medium,30,,4.0,2.0,-1.0,320.0,2,-1,7.0,0,1
10-Medium,31,,4.0,2.0,-1.0,320.0,2,-1,7.0,0,1
10-Medium,32,,4.0,2.0,-1.0,320.0,2,-1,7.0,0,1
10-Medium,33,,4.0,2.0,-1.0,320.0,2,-1,7.0,0,1
10-Medium,34,,4.0,2.0,-1.0,320.0,2,-1,7.0,0,1
10-Medium,35,,4.0,2.0,-1.0,320.0,2,-1,7.0,0,1
10-Medium,36,,4.0,2.0,-1.0,320.0,2,-1,7.0,0,1
10-Medium,37,,4.0,2.0,-1.0,320.0,2,-1,7.0,0,1
10-Medium,38,,4.0,2.0,-1.0,320.0,2,-1,7.0,0,1
10-Medium,39,,4.0,2.0,-1.0,320.0,2,-1,7.0,0,1
10-Medium,40,,4.0,2.0,-1.0,320.0,2,-1,7.0,0,1
10-Medium,41,,4.0,2.0,-1.0,320.0,2,-1,7.0,0,1
10-Medium,42,,4.0,2.0,-1.0,320.0,2,-1,7.0,0,1
10-Medium,43,,4.0,2.0,-1.0,320.0,2,-1,7.0,0,1
10-Medium,44,,4.0,2.0,-1.0,320.0,2,-1,7.0,0,1
10-Medium,45,,4.0,2.0,-1.0,320.0,2,-1,7.0,0,1
10-Medium,46,,4.0,2.0,-1.0,320.0,2,-1,7.0,0,1
10-Medium,47,,4.0,2.0,-1.0,320.0,2,-1,7.0,0,1
10-Medium,48,,4.0,2.0,-1.0,320.0,2,-1,7.0,0,1
10-Medium,49,,4.0,2.0,-1.0,320.0,2,-1,7.0,0,1
10-Medium,50,,4.0,2.0,-1.0,320.0,2,-1,7.0,0,1
10-Medium,51,,4.0,2.0,-1.0,320.0,2,-1,7.0,0,1
10-Medium,52,,4.0,2.0,-1.0,320.0,2,-1,7.0,0,1
10-Medium,53,,4.0,2.0,-1.0,320.0,2,-1,7.0,0,1
10-Medium,54,,4.0,2.0,-1.0,320.0,2,-1,7.0,0,1
10-Medium,55,,4.0,2.0,-1.0,320.0,2,-1,7.0,0,1
10-Medium,56,,4.0,2.0,-1.0,320.0,2,-1,7.0,0,1
10-Medium,57,,4.0,2.0,-1.0,320.0,2,-1,7.0,0,1
10-Medium,58,,4.0,2.0,-1.0,320.0,2,-1,7.0,0,1
10-Medium,59,,4.0,2.0,-1.0,320.0,2,-1,7.0,0,1
10-Medium,60,,4.0,2.0,-1.0,320.0,2,-1,7.0,0,1
10-Large,2,,4.0,2.0,-1.0,493.0,2,-1,7.0,0,1
10-Large,3,,4.0,2.0,-1.0,493.0,2,-1,7.0,0,1
10-Large,4,,4.0,2.0,-1.0,493.0,2,-1,7.0,0,1
10-Large,5,,4.0,2.0,-1.0,493.0,2,-1,7.0,0,1
10-Large,6,,4.0,2.0,-1.0,493.0,2,-1,7.0,0,1
10-Large,7,,4.0,2.0,-1.0,493.0,2,-1,7.0,0,1
10-Large,8,,4.0,2.0,-1.0,493.0,2,-1,7.0,0,1
10-Large,9,,4.0,2.0,-1.0,493.0,2,-1,7.0,0,1
10-Large,10,,4.0,2.0,-1.0,493.0,2,-1,7.0,0,1
10-Large,11,,4.0,2.0,-1.0,493.0,2,-1,7.0,0,1
10-Large,12,,4.0,2.0,-1.0,493.0,2,-1,7.0,0,1
10-Large,13,,4.0,2.0,-1.0,493.0,2,-1,7.0,0,1
10-Large,14,,4.0,2.0,-1.0,493.0,2,-1,7.0,0,1
10-Large,15,,4.0,2.0,-1.0,493.0,2,-1,7.0,0,1
10-Large,16,,4.0,2.0,-1.0,493.0,2,-1,7.0,0,1
10-Large,17,,4.0,2.0,-1.0,493.0,2,-1,7.0,0,1
10-Large,18,,4.0,2.0,-1.0,493.0,2,-1,7.0,0,1
10-Large,19,,4.0,2.0,-1.0,493.0,2,-1,7.0,0,1
10-Large,20,,4.0,2.0,-1.0,493.0,2,-1,7.0,0,1
10-Large,21,,4.0,2.0,-1.0,493.0,2,-1,7.0,0,1
10-Large,22,,4.0,2.0,-1.0,493.0,2,-1,7.0,0,1
10-Large,23,,4.0,2.0,-1.0,493.0,2,-1,7.0,0,1
10-Large,24,,4.0,2.0,-1.0,493.0,2,-1,7.0,0,1
10-Large,25,,4.0,2.0,-1.0,493.0,2,-1,7.0,0,1
10-Large,26,,4.0,2.0,-1.0,493.0,2,-1,7.0,0,1
10-Large,27,,4.0,2.0,-1.0,493.0,2,-1,7.0,0,1
10-Large,28,,4.0,2.0,-1.0,493.0,2,-1,7.0,0,1
10-Large,29,,4.0,2.0,-1.0,493.0,2,-1,7.0,0,1
10-Large,30,,4.0,2.0,-1.0,493.0,2,-1,7.0,0,1
10-Large,31,,4.0,2.0,-1.0,493.0,2,-1,7.0,0,1
10-Large,32,,4.0,2.0,-1.0,493.0,2,-1,7.0,0,1
10-Large,33,,4.0,2.0,-1.0,493.0,2,-1,7.0,0,1
10-Large,34,,4.0,2.0,-1.0,493.0,2,-1,7.0,0,1
10-Large,35,,4.0,2.0,-1.0,493.0,2,-1,7.0,0,1
10-Large,36,,4.0,2.0,-1.0,493.0,2,-1,7.0,0,1
10-Large,37,,4.0,2.0,-1.0,493.0,2,-1,7.0,0,1
10-Large,38,,4.0,2.0,-1.0,493.0,2,-1,7.0,0,1
10-Large,39,,4.0,2.0,-1.0,493.0,2,-1,7.0,0,1
10-Large,40,,4.0,2.0,-1.0,493.0,2,-1,7.0,0,1
10-Large,41,,4.0,2.0,-1.0,493.0,2,-1,7.0,0,1
10-Large,42,,4.0,2.0,-1.0,493.0,2,-1,7.0,0,1
10-Large,43,,4.0,2.0,-1.0,493.0,2,-1,7.0,0,1
10-Large,44,,4.0,2.0,-1.0,493.0,2,-1,7.0,0,1
10-Large,45,,4.0,2.0,-1.0,493.0,2,-1,7.0,0,1
10-Large,46,,4.0,2.0,-1.0,493.0,2,-1,7.0,0,1
10-Large,47,,4.0,2.0,-1.0,493.0,2,-1,7.0,0,1
10-Large,48,,4.0,2.0,-1.0,493.0,2,-1,7.0,0,1
10-Large,49,,4.0,2.0,-1.0,493.0,2,-1,7.0,0,1
10-Large,50,,4.0,2.0,-1.0,493.0,2,-1,7.0,0,1
10-Large,51,,4.0,2.0,-1.0,493.0,2,-1,7.0,0,1
10-Large,52,,4.0,2.0,-1.0,493.0,2,-1,7.0,0,1
10-Large,53,,4.0,2.0,-1.0,493.0,2,-1,7.0,0,1
10-Large,54,,4.0,2.0,-1.0,493.0,2,-1,7.0,0,1
10-Large,55,,4.0,2.0,-1.0,493.0,2,-1,7.0,0,1
10-Large,56,,4.0,2.0,-1.0,493.0,2,-1,7.0,0,1
10-Large,57,,4.0,2.0,-1.0,493.0,2,-1,7.0,0,1
10-Large,58,,4.0,2.0,-1.0,493.0,2,-1,7.0,0,1
10-Large,59,,4.0,2.0,-1.0,493.0,2,-1,7.0,0,1
10-Large,60,,4.0,2.0,-1.0,493.0,2,-1,7.0,0,1
10-Extra Large,2,,4.0,4.0,-1.0,548.0,2,-1,7.0,0,1
10-Extra Large,3,,4.0,4.0,-1.0,548.0,2,-1,7.0,0,1
10-Extra Large,4,,4.0,4.0,-1.0,548.0,2,-1,7.0,0,1
10-Extra Large,5,,4.0,4.0,-1.0,548.0,2,-1,7.0,0,1
10-Extra Large,6,,4.0,4.0,-1.0,548.0,2,-1,7.0,0,1
10-Extra Large,7,,4.0,4.0,-1.0,548.0,2,-1,7.0,0,1
10-Extra Large,8,,4.0,4.0,-1.0,548.0,2,-1,7.0,0,1
10-Extra Large,9,,4.0,4.0,-1.0,548.0,2,-1,7.0,0,1
10-Extra Large,10,,4.0,4.0,-1.0,548.0,2,-1,7.0,0,1
10-Extra Large,11,,4.0,4.0,-1.0,548.0,2,-1,7.0,0,1
10-Extra Large,12,,4.0,4.0,-1.0,548.0,2,-1,7.0,0,1
10-Extra Large,13,,4.0,4.0,-1.0,548.0,2,-1,7.0,0,1
10-Extra Large,14,,4.0,4.0,-1.0,548.0,2,-1,7.0,0,1
10-Extra Large,15,,4.0,4.0,-1.0,548.0,2,-1,7.0,0,1
10-Extra Large,16,,4.0,4.0,-1.0,548.0,2,-1,7.0,0,1
10-Extra Large,17,,4.0,4.0,-1.0,548.0,2,-1,7.0,0,1
10-Extra Large,18,,4.0,4.0,-1.0,548.0,2,-1,7.0,0,1
10-Extra Large,19,,4.0,4.0,-1.0,548.0,2,-1,7.0,0,1
10-Extra Large,20,,4.0,4.0,-1.0,548.0,2,-1,7.0,0,1
10-Extra Large,21,,4.0,4.0,-1.0,548.0,2,-1,7.0,0,1
10-Extra Large,22,,4.0,4.0,-1.0,548.0,2,-1,7.0,0,1
10-Extra Large,23,,4.0,4.0,-1.0,548.0,2,-1,7.0,0,1
10-Extra Large,24,,4.0,4.0,-1.0,548.0,2,-1,7.0,0,1
10-Extra Large,25,,4.0,4.0,-1.0,548.0,2,-1,7.0,0,1
10-Extra Large,26,,4.0,4.0,-1.0,548.0,2,-1,7.0,0,1
10-Extra Large,27,,4.0,4.0,-1.0,548.0,2,-1,7.0,0,1
10-Extra Large,28,,4.0,4.0,-1.0,548.0,2,-1,7.0,0,1
10-Extra Large,29,,4.0,4.0,-1.0,548.0,2,-1,7.0,0,1
10-Extra Large,30,,4.0,4.0,-1.0,548.0,2,-1,7.0,0,1
10-Extra Large,31,,4.0,4.0,-1.0,548.0,2,-1,7.0,0,1
10-Extra Large,32,,4.0,4.0,-1.0,548.0,2,-1,7.0,0,1
10-Extra Large,33,,4.0,4.0,-1.0,548.0,2,-1,7.0,0,1
10-Extra Large,34,,4.0,4.0,-1.0,548.0,2,-1,7.0,0,1
10-Extra Large,35,,4.0,4.0,-1.0,548.0,2,-1,7.0,0,1
10-Extra Large,36,,4.0,4.0,-1.0,548.0,2,-1,7.0,0,1
10-Extra Large,37,,4.0,4.0,-1.0,548.0,2,-1,7.0,0,1
10-Extra Large,38,,4.0,4.0,-1.0,548.0,2,-1,7.0,0,1
10-Extra Large,39,,4.0,4.0,-1.0,548.0,2,-1,7.0,0,1
10-Extra Large,40,,4.0,4.0,-1.0,548.0,2,-1,7.0,0,1
10-Extra Large,41,,4.0,4.0,-1.0,548.0,2,-1,7.0,0,1
10-Extra Large,42,,4.0,4.0,-1.0,548.0,2,-1,7.0,0,1
10-Extra Large,43,,4.0,4.0,-1.0,548.0,2,-1,7.0,0,1
10-Extra Large,44,,4.0,4.0,-1.0,548.0,2,-1,7.0,0,1
10-Extra Large,45,,4.0,4.0,-1.0,548.0,2,-1,7.0,0,1
10-Extra Large,46,,4.0,4.0,-1.0,548.0,2,-1,7.0,0,1
10-Extra Large,47,,4.0,4.0,-1.0,548.0,2,-1,7.0,0,1
10-Extra Large,48,,4.0,4.0,-1.0,548.0,2,-1,7.0,0,1
10-Extra Large,49,,4.0,4.0,-1.0,548.0,2,-1,7.0,0,1
10-Extra Large,50,,4.0,4.0,-1.0,548.0,2,-1,7.0,0,1
10-Extra Large,51,,4.0,4.0,-1.0,548.0,2,-1,7.0,0,1
10-Extra Large,52,,4.0,4.0,-1.0,548.0,2,-1,7.0,0,1
10-Extra Large,53,,4.0,4.0,-1.0,548.0,2,-1,7.0,0,1
10-Extra Large,54,,4.0,4.0,-1.0,548.0,2,-1,7.0,0,1
10-Extra Large,55,,4.0,4.0,-1.0,548.0,2,-1,7.0,0,1
10-Extra Large,56,,4.0,4.0,-1.0,548.0,2,-1,7.0,0,1
10-Extra Large,57,,4.0,4.0,-1.0,548.0,2,-1,7.0,0,1
10-Extra Large,58,,4.0,4.0,-1.0,548.0,2,-1,7.0,0,1
10-Extra Large,59,,4.0,4.0,-1.0,548.0,2,-1,7.0,0,1
10-Extra Large,60,,4.0,4.0,-1.0,548.0,2,-1,7.0,0,1
11-spheroid,1,,22.0,1.0,-1.0,100.0,2,-1,-1.0,0,1
11-spheroid,2,,22.0,1.0,-1.0,100.0,2,-1,-1.0,0,1
11-spheroid,3,,22.0,1.0,-1.0,100.0,2,-1,-1.0,0,1
11-spheroid,4,,22.0,1.0,-1.0,100.0,2,-1,-1.0,0,1
11-spheroid,5,,22.0,1.0,-1.0,100.0,2,-1,-1.0,0,1
11-spheroid,6,,22.0,1.0,-1.0,100.0,2,-1,-1.0,0,1
11-spheroid,7,,22.0,1.0,-1.0,100.0,2,-1,-1.0,0,1
11-spheroid,8,,22.0,1.0,-1.0,100.0,2,-1,-1.0,0,1
11-spheroid,9,,22.0,1.0,-1.0,100.0,2,-1,-1.0,0,1
11-spheroid,10,,22.0,1.0,-1.0,100.0,2,-1,-1.0,0,1
11-spheroid,11,,22.0,1.0,-1.0,100.0,2,-1,-1.0,0,1
11-spheroid,12,,22.0,1.0,-1.0,100.0,2,-1,-1.0,0,1
11-spheroid,13,,22.0,1.0,-1.0,100.0,2,-1,-1.0,0,1
11-spheroid,14,,22.0,1.0,-1.0,100.0,2,-1,-1.0,0,1
11-spheroid,15,,22.0,1.0,-1.0,100.0,2,-1,-1.0,0,1
11-spheroid,16,,22.0,1.0,-1.0,100.0,2,-1,-1.0,0,1
11-spheroid,17,,22.0,1.0,-1.0,100.0,2,-1,-1.0,0,1
11-spheroid,18,,22.0,1.0,-1.0,100.0,2,-1,-1.0,0,1
11-spheroid,19,,22.0,1.0,-1.0,100.0,2,-1,-1.0,0,1
11-spheroid,20,,22.0,1.0,-1.0,100.0,2,-1,-1.0,0,1
11-spheroid,22,,22.0,1.0,-1.0,100.0,2,-1,-1.0,0,1
11-spheroid,23,,22.0,1.0,-1.0,100.0,2,-1,-1.0,0,1
11-spheroid,24,,22.0,1.0,-1.0,100.0,2,-1,-1.0,0,1
11-spheroid,25,,22.0,1.0,-1.0,100.0,2,-1,-1.0,0,1
11-spheroid,26,,22.0,1.0,-1.0,100.0,2,-1,-1.0,0,1
11-spheroid,27,,22.0,1.0,-1.0,100.0,2,-1,-1.0,0,1
11-spheroid,28,,22.0,1.0,-1.0,100.0,2,-1,-1.0,0,1
11-spheroid,29,,22.0,1.0,-1.0,100.0,2,-1,-1.0,0,1
11-spheroid,30,,22.0,1.0,-1.0,100.0,2,-1,-1.0,0,1
11-spheroid,31,,22.0,1.0,-1.0,100.0,2,-1,-1.0,0,1
11-spheroid,32,,22.0,1.0,-1.0,100.0,2,-1,-1.0,0,1
11-spheroid,33,,22.0,1.0,-1.0,100.0,2,-1,-1.0,0,1
11-spheroid,34,,22.0,1.0,-1.0,100.0,2,-1,-1.0,0,1
11-spheroid,35,,22.0,1.0,-1.0,100.0,2,-1,-1.0,0,1
11-spheroid,36,,22.0,1.0,-1.0,100.0,2,-1,-1.0,0,1
11-spheroid,37,,22.0,1.0,-1.0,100.0,2,-1,-1.0,0,1
11-spheroid,38,,22.0,1.0,-1.0,100.0,2,-1,-1.0,0,1
11-spheroid,39,,22.0,1.0,-1.0,100.0,2,-1,-1.0,0,1
11-spheroid,40,,22.0,1.0,-1.0,100.0,2,-1,-1.0,0,1
11-spheroid,41,,22.0,1.0,-1.0,100.0,2,-1,-1.0,0,1
11-spheroid,42,,22.0,1.0,-1.0,100.0,2,-1,-1.0,0,1
11-spheroid,43,,22.0,1.0,-1.0,100.0,2,-1,-1.0,0,1
11-spheroid,44,,22.0,1.0,-1.0,100.0,2,-1,-1.0,0,1
11-spheroid,45,,22.0,1.0,-1.0,100.0,2,-1,-1.0,0,1
11-spheroid,46,,22.0,1.0,-1.0,100.0,2,-1,-1.0,0,1
11-spheroid,47,,22.0,1.0,-1.0,100.0,2,-1,-1.0,0,1
11-spheroid,48,,22.0,1.0,-1.0,100.0,2,-1,-1.0,0,1
11-spheroid,49,,22.0,1.0,-1.0,100.0,2,-1,-1.0,0,1
11-spheroid,50,,22.0,1.0,-1.0,100.0,2,-1,-1.0,0,1
11-spheroid,51,,22.0,1.0,-1.0,100.0,2,-1,-1.0,0,1
11-spheroid,52,,22.0,1.0,-1.0,100.0,2,-1,-1.0,0,1
11-spheroid,53,,22.0,1.0,-1.0,100.0,2,-1,-1.0,0,1
11-spheroid,54,,22.0,1.0,-1.0,100.0,2,-1,-1.0,0,1
11-spheroid,55,,22.0,1.0,-1.0,100.0,2,-1,-1.0,0,1
11-spheroid,56,,22.0,1.0,-1.0,100.0,2,-1,-1.0,0,1
11-spheroid,57,,22.0,1.0,-1.0,100.0,2,-1,-1.0,0,1
11-spheroid,58,,22.0,1.0,-1.0,100.0,2,-1,-1.0,0,1
11-spheroid,59,,22.0,1.0,-1.0,100.0,2,-1,-1.0,0,1
11-spheroid,60,,22.0,1.0,-1.0,100.0,2,-1,-1.0,0,1
12-spheroid,1,,8.0,0.6,-1.0,200.0,2,-1,8.0,800,1
12-spheroid,2,,8.0,0.6,-1.0,200.0,2,-1,8.0,800,1
12-spheroid,3,,8.0,0.6,-1.0,200.0,2,-1,8.0,800,1
12-spheroid,4,,8.0,0.6,-1.0,200.0,2,-1,8.0,800,1
12-spheroid,5,,8.0,0.6,-1.0,200.0,2,-1,8.0,800,1
12-spheroid,6,,8.0,0.6,-1.0,200.0,2,-1,8.0,800,1
12-spheroid,11,,8.0,0.6,-1.0,200.0,2,-1,8.0,800,1
12-spheroid,19,,8.0,0.6,-1.0,200.0,2,-1,8.0,800,1
12-spheroid,20,,8.0,0.6,-1.0,200.0,2,-1,8.0,800,1
12-spheroid,22,,8.0,0.6,-1.0,200.0,2,-1,8.0,800,1
12-spheroid,24,,8.0,0.6,-1.0,200.0,2,-1,8.0,800,1
12-spheroid,26,,8.0,0.6,-1.0,200.0,2,-1,8.0,800,1
12-spheroid,27,,8.0,0.6,-1.0,200.0,2,-1,8.0,800,1
12-spheroid,28,,8.0,0.6,-1.0,200.0,2,-1,8.0,800,1
12-spheroid,29,,8.0,0.6,-1.0,200.0,2,-1,8.0,800,1
12-spheroid,30,,8.0,0.6,-1.0,200.0,2,-1,8.0,800,1
12-spheroid,31,,8.0,0.6,-1.0,200.0,2,-1,8.0,800,1
12-spheroid,32,,8.0,0.6,-1.0,200.0,2,-1,8.0,800,1
12-spheroid,33,,8.0,0.6,-1.0,200.0,2,-1,8.0,800,1
12-spheroid,34,,8.0,0.6,-1.0,200.0,2,-1,8.0,800,1
12-spheroid,35,,8.0,0.6,-1.0,200.0,2,-1,8.0,800,1
12-spheroid,36,,8.0,0.6,-1.0,200.0,2,-1,8.0,800,1
12-spheroid,37,,8.0,0.6,-1.0,200.0,2,-1,8.0,800,1
12-spheroid,38,,8.0,0.6,-1.0,200.0,2,-1,8.0,800,1
12-spheroid,39,,8.0,0.6,-1.0,200.0,2,-1,8.0,800,1
12-spheroid,40,,8.0,0.6,-1.0,200.0,2,-1,8.0,800,1
12-spheroid,41,,8.0,0.6,-1.0,200.0,2,-1,8.0,800,1
12-spheroid,42,,8.0,0.6,-1.0,200.0,2,-1,8.0,800,1
12-spheroid,43,,8.0,0.6,-1.0,200.0,2,-1,8.0,800,1
12-spheroid,44,,8.0,0.6,-1.0,200.0,2,-1,8.0,800,1
12-spheroid,45,,8.0,0.6,-1.0,200.0,2,-1,8.0,800,1
12-spheroid,46,,8.0,0.6,-1.0,200.0,2,-1,8.0,800,1
12-spheroid,47,,8.0,0.6,-1.0,200.0,2,-1,8.0,800,1
12-spheroid,48,,8.0,0.6,-1.0,200.0,2,-1,8.0,800,1
12-spheroid,49,,8.0,0.6,-1.0,200.0,2,-1,8.0,800,1
12-spheroid,50,,8.0,0.6,-1.0,200.0,2,-1,8.0,800,1
12-spheroid,51,,8.0,0.6,-1.0,200.0,2,-1,8.0,800,1
12-spheroid,52,,8.0,0.6,-1.0,200.0,2,-1,8.0,800,1
12-spheroid,53,,8.0,0.6,-1.0,200.0,2,-1,8.0,800,1
12-spheroid,54,,8.0,0.6,-1.0,200.0,2,-1,8.0,800,1
12-spheroid,55,,8.0,0.6,-1.0,200.0,2,-1,8.0,800,1
12-spheroid,56,,8.0,0.6,-1.0,200.0,2,-1,8.0,800,1
12-spheroid,57,,8.0,0.6,-1.0,200.0,2,-1,8.0,800,1
12-spheroid,58,,8.0,0.6,-1.0,200.0,2,-1,8.0,800,1
12-spheroid,59,,8.0,0.6,-1.0,200.0,2,-1,8.0,800,1
12-spheroid,60,,8.0,0.6,-1.0,200.0,2,-1,8.0,800,1
13-5C,2,,8.0,0.015,-1.0,,2,-1,4.0,0,1
13-5C,4,,8.0,0.015,-1.0,,2,-1,4.0,0,1
13-5C,5,,8.0,0.015,-1.0,,2,-1,4.0,0,1
13-5C,6,,8.0,0.015,-1.0,,2,-1,4.0,0,1
13-5C,7,,8.0,0.015,-1.0,,2,-1,4.0,0,1
13-5C,8,,8.0,0.015,-1.0,,2,-1,4.0,0,1
13-5C,10,,8.0,0.015,-1.0,,2,-1,4.0,0,1
13-5C,11,,8.0,0.015,-1.0,,2,-1,4.0,0,1
13-5C,13,,8.0,0.015,-1.0,,2,-1,4.0,0,1
13-5C,14,,8.0,0.015,-1.0,,2,-1,4.0,0,1
13-5C,16,,8.0,0.015,-1.0,,2,-1,4.0,0,1
13-5C,17,,8.0,0.015,-1.0,,2,-1,4.0,0,1
13-5C,19,,8.0,0.015,-1.0,,2,-1,4.0,0,1
13-5C,20,,8.0,0.015,-1.0,,2,-1,4.0,0,1
13-5C,21,,8.0,0.015,-1.0,,2,-1,4.0,0,1
13-5C,23,,8.0,0.015,-1.0,,2,-1,4.0,0,1
13-5C,24,,8.0,0.015,-1.0,,2,-1,4.0,0,1
13-5C,26,,8.0,0.015,-1.0,,2,-1,4.0,0,1
13-5C,27,,8.0,0.015,-1.0,,2,-1,4.0,0,1
13-5C,28,,8.0,0.015,-1.0,,2,-1,4.0,0,1
13-5C,30,,8.0,0.015,-1.0,,2,-1,4.0,0,1
13-5C,31,,8.0,0.015,-1.0,,2,-1,4.0,0,1
13-5C,32,,8.0,0.015,-1.0,,2,-1,4.0,0,1
13-5C,33,,8.0,0.015,-1.0,,2,-1,4.0,0,1
13-5C,34,,8.0,0.015,-1.0,,2,-1,4.0,0,1
13-5C,35,,8.0,0.015,-1.0,,2,-1,4.0,0,1
13-5C,36,,8.0,0.015,-1.0,,2,-1,4.0,0,1
13-5C,37,,8.0,0.015,-1.0,,2,-1,4.0,0,1
13-5C,38,,8.0,0.015,-1.0,,2,-1,4.0,0,1
13-5C,39,,8.0,0.015,-1.0,,2,-1,4.0,0,1
13-5C,40,,8.0,0.015,-1.0,,2,-1,4.0,0,1
13-5C,41,,8.0,0.015,-1.0,,2,-1,4.0,0,1
13-5C,42,,8.0,0.015,-1.0,,2,-1,4.0,0,1
13-5C,43,,8.0,0.015,-1.0,,2,-1,4.0,0,1
13-5C,44,,8.0,0.015,-1.0,,2,-1,4.0,0,1
13-5C,45,,8.0,0.015,-1.0,,2,-1,4.0,0,1
13-5C,46,,8.0,0.015,-1.0,,2,-1,4.0,0,1
13-5C,47,,8.0,0.015,-1.0,,2,-1,4.0,0,1
13-5C,48,,8.0,0.015,-1.0,,2,-1,4.0,0,1
13-5C,49,,8.0,0.015,-1.0,,2,-1,4.0,0,1
13-5C,50,,8.0,0.015,-1.0,,2,-1,4.0,0,1
13-5C,51,,8.0,0.015,-1.0,,2,-1,4.0,0,1
13-5C,52,,8.0,0.015,-1.0,,2,-1,4.0,0,1
13-5C,53,,8.0,0.015,-1.0,,2,-1,4.0,0,1
13-5C,54,,8.0,0.015,-1.0,,2,-1,4.0,0,1
13-5C,55,,8.0,0.015,-1.0,,2,-1,4.0,0,1
13-5C,56,,8.0,0.015,-1.0,,2,-1,4.0,0,1
13-5C,57,,8.0,0.015,-1.0,,2,-1,4.0,0,1
13-5C,58,,8.0,0.015,-1.0,,2,-1,4.0,0,1
13-5C,59,,8.0,0.015,-1.0,,2,-1,4.0,0,1
13-5C,60,,8.0,0.015,-1.0,,2,-1,4.0,0,1
13-3D,1,,8.0,0.015,-1.0,,2,-1,-1.0,0,1
13-3D,2,,8.0,0.015,-1.0,,2,-1,-1.0,0,1
13-3D,3,,8.0,0.015,-1.0,,2,-1,-1.0,0,1
13-3D,4,,8.0,0.015,-1.0,,2,-1,-1.0,0,1
13-3D,5,,8.0,0.015,-1.0,,2,-1,-1.0,0,1
13-3D,6,,8.0,0.015,-1.0,,2,-1,-1.0,0,1
13-3D,7,,8.0,0.015,-1.0,,2,-1,-1.0,0,1
13-3D,8,,8.0,0.015,-1.0,,2,-1,-1.0,0,1
13-3D,10,,8.0,0.015,-1.0,,2,-1,-1.0,0,1
13-3D,11,,8.0,0.015,-1.0,,2,-1,-1.0,0,1
13-3D,13,,8.0,0.015,-1.0,,2,-1,-1.0,0,1
13-3D,14,,8.0,0.015,-1.0,,2,-1,-1.0,0,1
13-3D,16,,8.0,0.015,-1.0,,2,-1,-1.0,0,1
13-3D,17,,8.0,0.015,-1.0,,2,-1,-1.0,0,1
13-3D,19,,8.0,0.015,-1.0,,2,-1,-1.0,0,1
13-3D,20,,8.0,0.015,-1.0,,2,-1,-1.0,0,1
13-3D,21,,8.0,0.015,-1.0,,2,-1,-1.0,0,1
13-3D,23,,8.0,0.015,-1.0,,2,-1,-1.0,0,1
13-3D,24,,8.0,0.015,-1.0,,2,-1,-1.0,0,1
13-3D,26,,8.0,0.015,-1.0,,2,-1,-1.0,0,1
13-3D,27,,8.0,0.015,-1.0,,2,-1,-1.0,0,1
13-3D,28,,8.0,0.015,-1.0,,2,-1,-1.0,0,1
13-3D,30,,8.0,0.015,-1.0,,2,-1,-1.0,0,1
13-3D,31,,8.0,0.015,-1.0,,2,-1,-1.0,0,1
13-3D,32,,8.0,0.015,-1.0,,2,-1,-1.0,0,1
13-3D,33,,8.0,0.015,-1.0,,2,-1,-1.0,0,1
13-3D,34,,8.0,0.015,-1.0,,2,-1,-1.0,0,1
13-3D,35,,8.0,0.015,-1.0,,2,-1,-1.0,0,1
13-3D,36,,8.0,0.015,-1.0,,2,-1,-1.0,0,1
13-3D,37,,8.0,0.015,-1.0,,2,-1,-1.0,0,1
13-3D,38,,8.0,0.015,-1.0,,2,-1,-1.0,0,1
13-3D,39,,8.0,0.015,-1.0,,2,-1,-1.0,0,1
13-3D,40,,8.0,0.015,-1.0,,2,-1,-1.0,0,1
13-3D,41,,8.0,0.015,-1.0,,2,-1,-1.0,0,1
13-3D,42,,8.0,0.015,-1.0,,2,-1,-1.0,0,1
13-3D,43,,8.0,0.015,-1.0,,2,-1,-1.0,0,1
13-3D,44,,8.0,0.015,-1.0,,2,-1,-1.0,0,1
13-3D,45,,8.0,0.015,-1.0,,2,-1,-1.0,0,1
13-3D,46,,8.0,0.015,-1.0,,2,-1,-1.0,0,1
13-3D,47,,8.0,0.015,-1.0,,2,-1,-1.0,0,1
13-3D,48,,8.0,0.015,-1.0,,2,-1,-1.0,0,1
13-3D,49,,8.0,0.015,-1.0,,2,-1,-1.0,0,1
13-3D,50,,8.0,0.015,-1.0,,2,-1,-1.0,0,1
13-3D,51,,8.0,0.015,-1.0,,2,-1,-1.0,0,1
13-3D,52,,8.0,0.015,-1.0,,2,-1,-1.0,0,1
13-3D,53,,8.0,0.015,-1.0,,2,-1,-1.0,0,1
13-3D,54,,8.0,0.015,-1.0,,2,-1,-1.0,0,1
13-3D,55,,8.0,0.015,-1.0,,2,-1,-1.0,0,1
13-3D,56,,8.0,0.015,-1.0,,2,-1,-1.0,0,1
13-3D,57,,8.0,0.015,-1.0,,2,-1,-1.0,0,1
13-3D,58,,8.0,0.015,-1.0,,2,-1,-1.0,0,1
13-3D,59,,8.0,0.015,-1.0,,2,-1,-1.0,0,1
13-3D,60,,8.0,0.015,-1.0,,2,-1,-1.0,0,1
c5-static co,1,,8.24,1.0,0.25,150.0,2,-1,-1.0,0,1
c5-static co,2,,8.24,1.0,0.25,150.0,2,-1,-1.0,0,1
c5-static co,4,,8.24,1.0,0.25,150.0,2,-1,-1.0,0,1
c5-static co,5,,8.24,1.0,0.25,150.0,2,-1,-1.0,0,1
c5-static co,6,,8.24,1.0,0.25,150.0,2,-1,-1.0,0,1
c5-static co,8,,8.24,1.0,0.25,150.0,2,-1,-1.0,0,1
c5-static co,9,,8.24,1.0,0.25,150.0,2,-1,-1.0,0,1
c5-static co,10,,8.24,1.0,0.25,150.0,2,-1,-1.0,0,1
c5-static co,11,,8.24,1.0,0.25,150.0,2,-1,-1.0,0,1
c5-static co,12,,8.24,1.0,0.25,150.0,2,-1,-1.0,0,1
c5-static co,13,,8.24,1.0,0.25,150.0,2,-1,-1.0,0,1
c5-static co,14,,8.24,1.0,0.25,150.0,2,-1,-1.0,0,1
c5-static co,15,,8.24,1.0,0.25,150.0,2,-1,-1.0,0,1
c5-static co,16,,8.24,1.0,0.25,150.0,2,-1,-1.0,0,1
c5-static co,17,,8.24,1.0,0.25,150.0,2,-1,-1.0,0,1
c5-static co,18,,8.24,1.0,0.25,150.0,2,-1,-1.0,0,1
c5-static co,19,,8.24,1.0,0.25,150.0,2,-1,-1.0,0,1
c5-static co,20,,8.24,1.0,0.25,150.0,2,-1,-1.0,0,1
c5-static co,21,,8.24,1.0,0.25,150.0,2,-1,-1.0,0,1
c5-static co,22,,8.24,1.0,0.25,150.0,2,-1,-1.0,0,1
c5-static co,23,,8.24,1.0,0.25,150.0,2,-1,-1.0,0,1
c5-static co,24,,8.24,1.0,0.25,150.0,2,-1,-1.0,0,1
c5-static co,25,,8.24,1.0,0.25,150.0,2,-1,-1.0,0,1
c5-static co,26,,8.24,1.0,0.25,150.0,2,-1,-1.0,0,1
c5-static co,27,,8.24,1.0,0.25,150.0,2,-1,-1.0,0,1
c5-static co,28,,8.24,1.0,0.25,150.0,2,-1,-1.0,0,1
c5-static co,29,,8.24,1.0,0.25,150.0,2,-1,-1.0,0,1
c5-static co,30,,8.24,1.0,0.25,150.0,2,-1,-1.0,0,1
c5-static co,31,,8.24,1.0,0.25,150.0,2,-1,-1.0,0,1
c5-static co,32,,8.24,1.0,0.25,150.0,2,-1,-1.0,0,1
c5-static co,33,,8.24,1.0,0.25,150.0,2,-1,-1.0,0,1
c5-static co,34,,8.24,1.0,0.25,150.0,2,-1,-1.0,0,1
c5-static co,35,,8.24,1.0,0.25,150.0,2,-1,-1.0,0,1
c5-static co,36,,8.24,1.0,0.25,150.0,2,-1,-1.0,0,1
c5-static co,37,,8.24,1.0,0.25,150.0,2,-1,-1.0,0,1
c5-static co,38,,8.24,1.0,0.25,150.0,2,-1,-1.0,0,1
c5-static co,39,,8.24,1.0,0.25,150.0,2,-1,-1.0,0,1
c5-static co,40,,8.24,1.0,0.25,150.0,2,-1,-1.0,0,1
c5-static co,41,,8.24,1.0,0.25,150.0,2,-1,-1.0,0,1
c5-static co,42,,8.24,1.0,0.25,150.0,2,-1,-1.0,0,1
c5-static co,43,,8.24,1.0,0.25,150.0,2,-1,-1.0,0,1
c5-static co,44,,8.24,1.0,0.25,150.0,2,-1,-1.0,0,1
c5-static co,45,,8.24,1.0,0.25,150.0,2,-1,-1.0,0,1
c5-static co,46,,8.24,1.0,0.25,150.0,2,-1,-1.0,0,1
c5-static co,47,,8.24,1.0,0.25,150.0,2,-1,-1.0,0,1
c5-static co,48,,8.24,1.0,0.25,150.0,2,-1,-1.0,0,1
c5-static co,49,,8.24,1.0,0.25,150.0,2,-1,-1.0,0,1
c5-static co,50,,8.24,1.0,0.25,150.0,2,-1,-1.0,0,1
c5-static co,51,,8.24,1.0,0.25,150.0,2,-1,-1.0,0,1
c5-static co,52,,8.24,1.0,0.25,150.0,2,-1,-1.0,0,1
c5-static co,53,,8.24,1.0,0.25,150.0,2,-1,-1.0,0,1
c5-static co,54,,8.24,1.0,0.25,150.0,2,-1,-1.0,0,1
c5-static co,55,,8.24,1.0,0.25,150.0,2,-1,-1.0,0,1
c5-static co,56,,8.24,1.0,0.25,150.0,2,-1,-1.0,0,1
c5-static co,57,,8.24,1.0,0.25,150.0,2,-1,-1.0,0,1
c5-static co,58,,8.24,1.0,0.25,150.0,2,-1,-1.0,0,1
c5-static co,59,,8.24,1.0,0.25,150.0,2,-1,-1.0,0,1
c5-static co,60,,8.24,1.0,0.25,150.0,2,-1,-1.0,0,1
c17-spheroid,1,,10.0,0.1,-1.0,,1,3,3.9,0,1
c17-spheroid,3,,10.0,0.1,-1.0,,1,3,3.9,0,1
c17-spheroid,5,,10.0,0.1,-1.0,,1,3,3.9,0,1
c17-spheroid,7,,10.0,0.1,-1.0,,1,3,3.9,0,1
c17-spheroid,9,,10.0,0.1,-1.0,,1,3,3.9,0,1
c17-spheroid,10,,10.0,0.1,-1.0,,1,3,3.9,0,1
c17-spheroid,11,,10.0,0.1,-1.0,,1,3,3.9,0,1
c17-spheroid,13,,10.0,0.1,-1.0,,1,3,3.9,0,1
c17-spheroid,15,,10.0,0.1,-1.0,,1,3,3.9,0,1
c17-spheroid,16,,10.0,0.1,-1.0,,1,3,3.9,0,1
c17-spheroid,17,,10.0,0.1,-1.0,,1,3,3.9,0,1
c17-spheroid,18,,10.0,0.1,-1.0,,1,3,3.9,0,1
c17-spheroid,19,,10.0,0.1,-1.0,,1,3,3.9,0,1
c17-spheroid,20,,10.0,0.1,-1.0,,1,3,3.9,0,1
c17-spheroid,21,,10.0,0.1,-1.0,,1,3,3.9,0,1
c17-spheroid,22,,10.0,0.1,-1.0,,1,3,3.9,0,1
c17-spheroid,23,,10.0,0.1,-1.0,,1,3,3.9,0,1
c17-spheroid,24,,10.0,0.1,-1.0,,1,3,3.9,0,1
c17-spheroid,25,,10.0,0.1,-1.0,,1,3,3.9,0,1
c17-spheroid,26,,10.0,0.1,-1.0,,1,3,3.9,0,1
c17-spheroid,27,,10.0,0.1,-1.0,,1,3,3.9,0,1
c17-spheroid,28,,10.0,0.1,-1.0,,1,3,3.9,0,1
c17-spheroid,29,,10.0,0.1,-1.0,,1,3,3.9,0,1
c17-spheroid,30,,10.0,0.1,-1.0,,1,3,3.9,0,1
c17-spheroid,31,,10.0,0.1,-1.0,,1,3,3.9,0,1
c17-spheroid,32,,10.0,0.1,-1.0,,1,3,3.9,0,1
c17-spheroid,33,,10.0,0.1,-1.0,,1,3,3.9,0,1
c17-spheroid,34,,10.0,0.1,-1.0,,1,3,3.9,0,1
c17-spheroid,35,,10.0,0.1,-1.0,,1,3,3.9,0,1
c17-spheroid,36,,10.0,0.1,-1.0,,1,3,3.9,0,1
c17-spheroid,37,,10.0,0.1,-1.0,,1,3,3.9,0,1
c17-spheroid,38,,10.0,0.1,-1.0,,1,3,3.9,0,1
c17-spheroid,39,,10.0,0.1,-1.0,,1,3,3.9,0,1
c17-spheroid,40,,10.0,0.1,-1.0,,1,3,3.9,0,1
c17-spheroid,41,,10.0,0.1,-1.0,,1,3,3.9,0,1
c17-spheroid,42,,10.0,0.1,-1.0,,1,3,3.9,0,1
c17-spheroid,43,,10.0,0.1,-1.0,,1,3,3.9,0,1
c17-spheroid,44,,10.0,0.1,-1.0,,1,3,3.9,0,1
c17-spheroid,45,,10.0,0.1,-1.0,,1,3,3.9,0,1
c17-spheroid,46,,10.0,0.1,-1.0,,1,3,3.9,0,1
c17-spheroid,47,,10.0,0.1,-1.0,,1,3,3.9,0,1
c17-spheroid,48,,10.0,0.1,-1.0,,1,3,3.9,0,1
c17-spheroid,49,,10.0,0.1,-1.0,,1,3,3.9,0,1
c17-spheroid,50,,10.0,0.1,-1.0,,1,3,3.9,0,1
c17-spheroid,51,,10.0,0.1,-1.0,,1,3,3.9,0,1
c17-spheroid,52,,10.0,0.1,-1.0,,1,3,3.9,0,1
c17-spheroid,53,,10.0,0.1,-1.0,,1,3,3.9,0,1
c17-spheroid,54,,10.0,0.1,-1.0,,1,3,3.9,0,1
c17-spheroid,55,,10.0,0.1,-1.0,,1,3,3.9,0,1
c17-spheroid,56,,10.0,0.1,-1.0,,1,3,3.9,0,1
c17-spheroid,57,,10.0,0.1,-1.0,,1,3,3.9,0,1
c17-spheroid,58,,10.0,0.1,-1.0,,1,3,3.9,0,1
c17-spheroid,59,,10.0,0.1,-1.0,,1,3,3.9,0,1
c17-spheroid,60,,10.0,0.1,-1.0,,1,3,3.9,0,1
